Protocollo;Gruppo;DataOraIncidente;Localizzazione1;STRADA1;Localizzazione2;STRADA2;Strada02;Chilometrica;DaSpecificare;NaturaIncidente;particolaritastrade;TipoStrada;FondoStradale;Pavimentazione;Segnaletica;CondizioneAtmosferica;Traffico;Visibilita;Illuminazione;NUM_FERITI;NUM_RISERVATA;NUM_MORTI;NUM_ILLESI;Longitudine;Latitudine;Confermato;Progressivo;TipoVeicolo;StatoVeicolo;TipoPersona;Sesso;Tipolesione;Deceduto;DecedutoDopo;CinturaCascoUtilizzato;Airbag;
4408344;1;03/06/2019 20:40:00;Strada Urbana;VIA TOSCANA;all'intersezione con;VIA SARDEGNA;VIA SARDEGNA;;;Scontro frontale/laterale SX fra veicoli in marcia;Incrocio;Una carreggiata a senso unico di marcia;Asciutto;Asfaltata;Verticale ed orizzontale;Sereno;Scarso;Buona;Sufficiente;1;0;0;4;12,49142;41,90905;-1;3;Autovettura privata;Sosta;;;;;;;
4408354;7;04/06/2019 01:00:00;Strada Urbana;VIA PRENESTINA;in corrispondenza;;del civico n.;580;;Scontro frontale/laterale DX fra veicoli in marcia;Rettilineo;Una carreggiata a doppio senso;Asciutto;Asfaltata;Verticale ed orizzontale;Sereno;Normale;Sufficiente;Sufficiente;2;0;0;1;12,57886;41,89407;-1;1;Autovettura privata;In marcia / fermata / arresto;Passeggero;F;Ricoverato;0;NON DECEDUTO;Non accertato;Inesploso
4408354;7;04/06/2019 01:00:00;Strada Urbana;VIA PRENESTINA;in corrispondenza;;del civico n.;580;;Scontro frontale/laterale DX fra veicoli in marcia;Rettilineo;Una carreggiata a doppio senso;Asciutto;Asfaltata;Verticale ed orizzontale;Sereno;Normale;Sufficiente;Sufficiente;2;0;0;1;12,57886;41,89407;-1;1;Autovettura privata;In marcia / fermata / arresto;Conducente;M;Rimandato;0;NON DECEDUTO;Non accertato;Inesploso
4408354;7;04/06/2019 01:00:00;Strada Urbana;VIA PRENESTINA;in corrispondenza;;del civico n.;580;;Scontro frontale/laterale DX fra veicoli in marcia;Rettilineo;Una carreggiata a doppio senso;Asciutto;Asfaltata;Verticale ed orizzontale;Sereno;Normale;Sufficiente;Sufficiente;2;0;0;1;12,57886;41,89407;-1;2;Autovettura privata;In marcia / fermata / arresto;Conducente;M;Illeso;0;;Non accertato;Esploso
4408356;17;03/06/2019 16:00:00;Strada Urbana;VIALE DEI GLADIATORI;da specificare;;;;altezza palo Acea 28;Scontro frontale/laterale DX fra veicoli in marcia;Rettilineo;Due carreggiate;Asciutto;Asfaltata;Verticale ed orizzontale;Sereno;Scarso;Buona;Ore Diurne;0;0;0;2;12,45561;41,9286;-1;1;Autovettura privata;In marcia / fermata / arresto;Conducente;M;Illeso;0;;Non accertato;
4408356;17;03/06/2019 16:00:00;Strada Urbana;VIALE DEI GLADIATORI;da specificare;;;;altezza palo Acea 28;Scontro frontale/laterale DX fra veicoli in marcia;Rettilineo;Due carreggiate;Asciutto;Asfaltata;Verticale ed orizzontale;Sereno;Scarso;Buona;Ore Diurne;0;0;0;2;12,45561;41,9286;-1;2;Autovettura privata;In marcia / fermata / arresto;Conducente;M;Illeso;0;;Non accertato;
4408405;15;04/06/2019 09:50:00;Strada Urbana;VIA PORTUENSE;in prossimit�;;del civico n.;195;;Veicolo in marcia contro veicoli in sosta;Rettilineo;Una carreggiata a senso unico di marcia;Asciutto;Asfaltata;Orizzontale;Sereno;Scarso;Buona;Ore Diurne;0;0;0;1;12,46607;41,87155;-1;1;Autovettura privata;In marcia / fermata / arresto;Conducente;F;Illeso;0;;Non accertato;Inesploso
4408405;15;04/06/2019 09:50:00;Strada Urbana;VIA PORTUENSE;in prossimit�;;del civico n.;195;;Veicolo in marcia contro veicoli in sosta;Rettilineo;Una carreggiata a senso unico di marcia;Asciutto;Asfaltata;Orizzontale;Sereno;Scarso;Buona;Ore Diurne;0;0;0;1;12,46607;41,87155;-1;2;Autovettura privata;Sosta;;;;;;;
4408405;15;04/06/2019 09:50:00;Strada Urbana;VIA PORTUENSE;in prossimit�;;del civico n.;195;;Veicolo in marcia contro veicoli in sosta;Rettilineo;Una carreggiata a senso unico di marcia;Asciutto;Asfaltata;Orizzontale;Sereno;Scarso;Buona;Ore Diurne;0;0;0;1;12,46607;41,87155;-1;3;Autovettura privata;Sosta;;;;;;;
4408405;15;04/06/2019 09:50:00;Strada Urbana;VIA PORTUENSE;in prossimit�;;del civico n.;195;;Veicolo in marcia contro veicoli in sosta;Rettilineo;Una carreggiata a senso unico di marcia;Asciutto;Asfaltata;Orizzontale;Sereno;Scarso;Buona;Ore Diurne;0;0;0;1;12,46607;41,87155;-1;4;Autovettura privata;Sosta;;;;;;;
4408418;2;03/06/2019 17:00:00;Strada Urbana;VIA ASMARA;in corrispondenza;;del civico n.;88;;Tamponamento;Rettilineo;Una carreggiata a doppio senso;Asciutto;Asfaltata;Verticale ed orizzontale;Sereno;Normale;Buona;Ore Diurne;0;0;0;4;12,51635;41,92476;-1;1;Autocarro inferiore 35 q.;In marcia / fermata / arresto;Conducente;M;Illeso;0;;;
4408418;2;03/06/2019 17:00:00;Strada Urbana;VIA ASMARA;in corrispondenza;;del civico n.;88;;Tamponamento;Rettilineo;Una carreggiata a doppio senso;Asciutto;Asfaltata;Verticale ed orizzontale;Sereno;Normale;Buona;Ore Diurne;0;0;0;4;12,51635;41,92476;-1;1;Autocarro inferiore 35 q.;In marcia / fermata / arresto;Passeggero;M;Illeso;0;;;
4408418;2;03/06/2019 17:00:00;Strada Urbana;VIA ASMARA;in corrispondenza;;del civico n.;88;;Tamponamento;Rettilineo;Una carreggiata a doppio senso;Asciutto;Asfaltata;Verticale ed orizzontale;Sereno;Normale;Buona;Ore Diurne;0;0;0;4;12,51635;41,92476;-1;2;Autovettura privata;In marcia / fermata / arresto;Passeggero;M;Illeso;0;;;
4408418;2;03/06/2019 17:00:00;Strada Urbana;VIA ASMARA;in corrispondenza;;del civico n.;88;;Tamponamento;Rettilineo;Una carreggiata a doppio senso;Asciutto;Asfaltata;Verticale ed orizzontale;Sereno;Normale;Buona;Ore Diurne;0;0;0;4;12,51635;41,92476;-1;2;Autovettura privata;In marcia / fermata / arresto;Conducente;M;Illeso;0;;;
4408426;2;03/06/2019 16:35:00;Strada Urbana;VIA CHIANA;all'intersezione con;VIA RENO;VIA RENO;;;Scontro laterale fra veicoli in marcia;Intersezione stradale segnalata;Una carreggiata a doppio senso;Asciutto;Asfaltata;Verticale ed orizzontale;Sereno;Normale;Buona;Ore Diurne;0;0;0;3;12,50554;41,92173;-1;1;Autovettura privata;In marcia / fermata / arresto;Passeggero;F;Illeso;0;;Non accertato;Inesploso
4408426;2;03/06/2019 16:35:00;Strada Urbana;VIA CHIANA;all'intersezione con;VIA RENO;VIA RENO;;;Scontro laterale fra veicoli in marcia;Intersezione stradale segnalata;Una carreggiata a doppio senso;Asciutto;Asfaltata;Verticale ed orizzontale;Sereno;Normale;Buona;Ore Diurne;0;0;0;3;12,50554;41,92173;-1;1;Autovettura privata;In marcia / fermata / arresto;Conducente;M;Illeso;0;;Non accertato;Inesploso
4408426;2;03/06/2019 16:35:00;Strada Urbana;VIA CHIANA;all'intersezione con;VIA RENO;VIA RENO;;;Scontro laterale fra veicoli in marcia;Intersezione stradale segnalata;Una carreggiata a doppio senso;Asciutto;Asfaltata;Verticale ed orizzontale;Sereno;Normale;Buona;Ore Diurne;0;0;0;3;12,50554;41,92173;-1;2;Autovettura privata;In marcia / fermata / arresto;Conducente;M;Illeso;0;;Non accertato;Inesploso
4408442;4;03/06/2019 22:00:00;Statale entro l'abitato;VIA SALARIA;da specificare;;;;fronte civico 905/B;Veicolo in marcia contro ostacolo fisso;Rettilineo;Due carreggiate;Asciutto;Asfaltata;Verticale ed orizzontale;Sereno;Normale;Sufficiente;Sufficiente;1;0;0;0;12,68049;42,15557;-1;1;Autovettura privata;In marcia / fermata / arresto;Conducente;M;Rimandato;0;NON DECEDUTO;Non accertato;
4408453;10;04/06/2019 10:00:00;Strada Urbana;PIAZZA DEI TRIBUNI;in corrispondenza;;del civico n.;1;;Investimento di pedone;Rettilineo;Una carreggiata a senso unico di marcia;Asciutto;Asfaltata;Orizzontale;Sereno;Normale;Buona;Ore Diurne;1;0;0;1;12,55039;41,8646;-1;;;;Pedone;M;Ricoverato;0;NON DECEDUTO;;
4408453;10;04/06/2019 10:00:00;Strada Urbana;PIAZZA DEI TRIBUNI;in corrispondenza;;del civico n.;1;;Investimento di pedone;Rettilineo;Una carreggiata a senso unico di marcia;Asciutto;Asfaltata;Orizzontale;Sereno;Normale;Buona;Ore Diurne;1;0;0;1;12,55039;41,8646;-1;1;Autovettura privata;In marcia / fermata / arresto;Conducente;M;Illeso;0;;Non accertato;Inesploso
4408460;1;03/06/2019 17:15:00;Strada Urbana;LARGO DELLA SANITA' MILITARE;in prossimit�;;del civico n.;60;;Scontro frontale/laterale SX fra veicoli in marcia;Rettilineo;Una carreggiata a doppio senso;Asciutto;Asfaltata;Verticale ed orizzontale;Sereno;Normale;Buona;Ore Diurne;1;0;0;1;12,49523;41,88576;-1;1;Autovettura privata;In marcia / fermata / arresto;Conducente;M;Illeso;0;;Non accertato;Inesploso
4408460;1;03/06/2019 17:15:00;Strada Urbana;LARGO DELLA SANITA' MILITARE;in prossimit�;;del civico n.;60;;Scontro frontale/laterale SX fra veicoli in marcia;Rettilineo;Una carreggiata a doppio senso;Asciutto;Asfaltata;Verticale ed orizzontale;Sereno;Normale;Buona;Ore Diurne;1;0;0;1;12,49523;41,88576;-1;2;Motociclo a solo;In marcia / fermata / arresto;Conducente;M;Rimandato;0;NON DECEDUTO;Non accertato;
4408534;3;04/06/2019 02:05:00;Strada Urbana;CORSO D'ITALIA;da specificare;;;;altezza Via Toscana direzione Nomentana;Scontro laterale fra veicoli in marcia;Rettilineo;Una carreggiata a senso unico di marcia;Asciutto;Asfaltata;Verticale ed orizzontale;Sereno;Scarso;Sufficiente;Sufficiente;0;0;0;3;12,49713;41,91087;-1;1;Autovettura privata;In marcia / fermata / arresto;Conducente;M;Illeso;0;;;
4408534;3;04/06/2019 02:05:00;Strada Urbana;CORSO D'ITALIA;da specificare;;;;altezza Via Toscana direzione Nomentana;Scontro laterale fra veicoli in marcia;Rettilineo;Una carreggiata a senso unico di marcia;Asciutto;Asfaltata;Verticale ed orizzontale;Sereno;Scarso;Sufficiente;Sufficiente;0;0;0;3;12,49713;41,91087;-1;1;Autovettura privata;In marcia / fermata / arresto;Passeggero;F;Illeso;0;;;
4408534;3;04/06/2019 02:05:00;Strada Urbana;CORSO D'ITALIA;da specificare;;;;altezza Via Toscana direzione Nomentana;Scontro laterale fra veicoli in marcia;Rettilineo;Una carreggiata a senso unico di marcia;Asciutto;Asfaltata;Verticale ed orizzontale;Sereno;Scarso;Sufficiente;Sufficiente;0;0;0;3;12,49713;41,91087;-1;2;Autovettura privata;In marcia / fermata / arresto;Conducente;F;Illeso;0;;;
4408540;1;01/06/2019 11:20:00;Strada Urbana;CORSO VITTORIO EMANUELE II;all'intersezione con;VIA DEI LEUTARI;VIA DEI LEUTARI;;;Scontro frontale/laterale DX fra veicoli in marcia;Incrocio;Una carreggiata a doppio senso;Asciutto;Asfaltata;Verticale ed orizzontale;Sereno;Normale;Buona;Ore Diurne;1;0;0;2;12,47117;41,89724;-1;1;Autovettura privata;In marcia / fermata / arresto;Passeggero;M;Illeso;0;;;
4408540;1;01/06/2019 11:20:00;Strada Urbana;CORSO VITTORIO EMANUELE II;all'intersezione con;VIA DEI LEUTARI;VIA DEI LEUTARI;;;Scontro frontale/laterale DX fra veicoli in marcia;Incrocio;Una carreggiata a doppio senso;Asciutto;Asfaltata;Verticale ed orizzontale;Sereno;Normale;Buona;Ore Diurne;1;0;0;2;12,47117;41,89724;-1;1;Autovettura privata;In marcia / fermata / arresto;Conducente;M;Illeso;0;;Non accertato;Inesploso
4408540;1;01/06/2019 11:20:00;Strada Urbana;CORSO VITTORIO EMANUELE II;all'intersezione con;VIA DEI LEUTARI;VIA DEI LEUTARI;;;Scontro frontale/laterale DX fra veicoli in marcia;Incrocio;Una carreggiata a doppio senso;Asciutto;Asfaltata;Verticale ed orizzontale;Sereno;Normale;Buona;Ore Diurne;1;0;0;2;12,47117;41,89724;-1;2;Motociclo a solo;In marcia / fermata / arresto;Conducente;M;Rimandato;0;NON DECEDUTO;Non accertato;
4408558;3;03/06/2019 12:30:00;Strada Urbana;VIA DELLA LEGA LOMBARDA;in prossimit�;;del civico n.;30;;Scontro laterale fra veicoli in marcia;Rettilineo;Una carreggiata a doppio senso;Asciutto;Asfaltata;Verticale ed orizzontale;Sereno;Normale;Buona;Ore Diurne;2;0;0;1;12,52294;41,90887;-1;1;Autovettura privata;In marcia / fermata / arresto;Conducente;F;Illeso;0;;;
4408558;3;03/06/2019 12:30:00;Strada Urbana;VIA DELLA LEGA LOMBARDA;in prossimit�;;del civico n.;30;;Scontro laterale fra veicoli in marcia;Rettilineo;Una carreggiata a doppio senso;Asciutto;Asfaltata;Verticale ed orizzontale;Sereno;Normale;Buona;Ore Diurne;2;0;0;1;12,52294;41,90887;-1;2;Motociclo con passeggero;In marcia / fermata / arresto;Conducente;M;Ricoverato;0;NON DECEDUTO;;
4408558;3;03/06/2019 12:30:00;Strada Urbana;VIA DELLA LEGA LOMBARDA;in prossimit�;;del civico n.;30;;Scontro laterale fra veicoli in marcia;Rettilineo;Una carreggiata a doppio senso;Asciutto;Asfaltata;Verticale ed orizzontale;Sereno;Normale;Buona;Ore Diurne;2;0;0;1;12,52294;41,90887;-1;2;Motociclo con passeggero;In marcia / fermata / arresto;Passeggero;F;Ricoverato;0;NON DECEDUTO;;
4408590;1;03/06/2019 08:15:00;Strada Urbana;LARGO CHIGI;all'intersezione con;PIAZZA DI S. CLAUDIO;PIAZZA DI S. CLAUDIO;;;Tamponamento;Incrocio;Una carreggiata a senso unico di marcia;Asciutto;Asfaltata;Verticale ed orizzontale;Sereno;Normale;Buona;Ore Diurne;0;0;0;2;12,48141;41,9018;-1;1;Motociclo a solo;In marcia / fermata / arresto;Conducente;M;Illeso;0;;Non accertato;
4408590;1;03/06/2019 08:15:00;Strada Urbana;LARGO CHIGI;all'intersezione con;PIAZZA DI S. CLAUDIO;PIAZZA DI S. CLAUDIO;;;Tamponamento;Incrocio;Una carreggiata a senso unico di marcia;Asciutto;Asfaltata;Verticale ed orizzontale;Sereno;Normale;Buona;Ore Diurne;0;0;0;2;12,48141;41,9018;-1;2;Motociclo a solo;In marcia / fermata / arresto;Conducente;M;Illeso;0;;Non accertato;
4408599;23;03/06/2019 18:55:00;Strada Urbana;VIA CLAUDIA;all'intersezione con;VIA ANNIA;VIA ANNIA;;;Scontro frontale/laterale DX fra veicoli in marcia;Incrocio;Una carreggiata a doppio senso;Asciutto;Asfaltata;Verticale ed orizzontale;Sereno;Normale;Buona;Ore Diurne;1;0;0;2;12,49434;41,88783;-1;1;Autovettura privata;In marcia / fermata / arresto;Conducente;F;Illeso;0;;Non accertato;Inesploso
4408599;23;03/06/2019 18:55:00;Strada Urbana;VIA CLAUDIA;all'intersezione con;VIA ANNIA;VIA ANNIA;;;Scontro frontale/laterale DX fra veicoli in marcia;Incrocio;Una carreggiata a doppio senso;Asciutto;Asfaltata;Verticale ed orizzontale;Sereno;Normale;Buona;Ore Diurne;1;0;0;2;12,49434;41,88783;-1;1;Autovettura privata;In marcia / fermata / arresto;Passeggero;F;Illeso;0;;Non accertato;Inesploso
4408599;23;03/06/2019 18:55:00;Strada Urbana;VIA CLAUDIA;all'intersezione con;VIA ANNIA;VIA ANNIA;;;Scontro frontale/laterale DX fra veicoli in marcia;Incrocio;Una carreggiata a doppio senso;Asciutto;Asfaltata;Verticale ed orizzontale;Sereno;Normale;Buona;Ore Diurne;1;0;0;2;12,49434;41,88783;-1;2;Motociclo a solo;In marcia / fermata / arresto;Conducente;M;Rimandato;0;NON DECEDUTO;Non accertato;
4408603;1;02/06/2019 11:35:00;Strada Urbana;VIA DELLA GRECA;all'intersezione semaforizzata con;VIA DI S. MARIA IN COSMEDIN;VIA DI S. MARIA IN COSMEDIN;;;Investimento di pedone;Intersezione semaforizzata;Due carreggiate;Asciutto;Asfaltata;Verticale ed orizzontale;Sereno;Scarso;Buona;Ore Diurne;1;0;0;1;12,4816;41,88761;-1;;;;Pedone;M;Rimandato;0;NON DECEDUTO;;
4408603;1;02/06/2019 11:35:00;Strada Urbana;VIA DELLA GRECA;all'intersezione semaforizzata con;VIA DI S. MARIA IN COSMEDIN;VIA DI S. MARIA IN COSMEDIN;;;Investimento di pedone;Intersezione semaforizzata;Due carreggiate;Asciutto;Asfaltata;Verticale ed orizzontale;Sereno;Scarso;Buona;Ore Diurne;1;0;0;1;12,4816;41,88761;-1;1;Autocarro inferiore 35 q.;In marcia / fermata / arresto;Conducente;M;Illeso;0;;Non accertato;Inesploso
4408633;20;04/06/2019 11:20:00;Strada Urbana;VIA FLAMINIA NUOVA;in corrispondenza;;della chilometrica;8.1;;Tamponamento;Rettilineo;Due carreggiate;Asciutto;Asfaltata;Verticale ed orizzontale;Sereno;Normale;Buona;Ore Diurne;2;0;0;2;12,47917;41,96087;-1;1;Autovettura privata;In marcia / fermata / arresto;Conducente;F;Rimandato;0;NON DECEDUTO;Non accertato;Inesploso
4408633;20;04/06/2019 11:20:00;Strada Urbana;VIA FLAMINIA NUOVA;in corrispondenza;;della chilometrica;8.1;;Tamponamento;Rettilineo;Due carreggiate;Asciutto;Asfaltata;Verticale ed orizzontale;Sereno;Normale;Buona;Ore Diurne;2;0;0;2;12,47917;41,96087;-1;2;Veicolo speciale;In marcia / fermata / arresto;Passeggero;M;Illeso;0;;Non accertato;Inesploso
4408633;20;04/06/2019 11:20:00;Strada Urbana;VIA FLAMINIA NUOVA;in corrispondenza;;della chilometrica;8.1;;Tamponamento;Rettilineo;Due carreggiate;Asciutto;Asfaltata;Verticale ed orizzontale;Sereno;Normale;Buona;Ore Diurne;2;0;0;2;12,47917;41,96087;-1;2;Veicolo speciale;In marcia / fermata / arresto;Conducente;M;Ricoverato;0;NON DECEDUTO;Non accertato;Inesploso
4408633;20;04/06/2019 11:20:00;Strada Urbana;VIA FLAMINIA NUOVA;in corrispondenza;;della chilometrica;8.1;;Tamponamento;Rettilineo;Due carreggiate;Asciutto;Asfaltata;Verticale ed orizzontale;Sereno;Normale;Buona;Ore Diurne;2;0;0;2;12,47917;41,96087;-1;2;Veicolo speciale;In marcia / fermata / arresto;Passeggero;M;Illeso;0;;Non accertato;Inesploso
4408680;1;03/06/2019 12:20:00;Strada Urbana;LARGO DELLA SANITA' MILITARE;in corrispondenza;;del civico n.;54;;Veicolo in marcia contro veicolo in sosta;Rettilineo;Una carreggiata a senso unico di marcia;Asciutto;Asfaltata;Verticale ed orizzontale;Sereno;Scarso;Buona;Ore Diurne;0;0;0;0;12,49567;41,88611;-1;1;Autovettura privata;Sosta;;;;;;;
4408680;1;03/06/2019 12:20:00;Strada Urbana;LARGO DELLA SANITA' MILITARE;in corrispondenza;;del civico n.;54;;Veicolo in marcia contro veicolo in sosta;Rettilineo;Una carreggiata a senso unico di marcia;Asciutto;Asfaltata;Verticale ed orizzontale;Sereno;Scarso;Buona;Ore Diurne;0;0;0;0;12,49567;41,88611;-1;2;Autobus turistico;In marcia / fermata / arresto;;;;;;;
4408683;4;03/06/2019 19:10:00;Strada Urbana;PIAZZA PIER CARLO TALENTI;all'intersezione con;VIA ETTORE ROMAGNOLI;VIA ETTORE ROMAGNOLI;;;Scontro frontale/laterale SX fra veicoli in marcia;Intersezione non regolata/non segnalata;Due carreggiate;Asciutto;Asfaltata;Verticale ed orizzontale;Sereno;Normale;Buona;Sufficiente;0;0;0;2;12,54744;41,94409;-1;1;Autovettura privata;In marcia / fermata / arresto;Conducente;M;Illeso;0;;Non accertato;Inesploso
4408683;4;03/06/2019 19:10:00;Strada Urbana;PIAZZA PIER CARLO TALENTI;all'intersezione con;VIA ETTORE ROMAGNOLI;VIA ETTORE ROMAGNOLI;;;Scontro frontale/laterale SX fra veicoli in marcia;Intersezione non regolata/non segnalata;Due carreggiate;Asciutto;Asfaltata;Verticale ed orizzontale;Sereno;Normale;Buona;Sufficiente;0;0;0;2;12,54744;41,94409;-1;2;Autobus urbano;In marcia / fermata / arresto;Conducente;M;Illeso;0;;;
4408713;17;04/06/2019 01:15:00;Strada Urbana;VIALE VATICANO;in prossimit�;;del civico n.;62;;Veicolo in marcia contro veicoli in sosta;Curva senza visuale libera;Una carreggiata a doppio senso;Asciutto;Asfaltata;Verticale ed orizzontale;Sereno;Scarso;Sufficiente;Sufficiente;2;0;0;0;12,4486;41,90499;-1;1;Autovettura privata;In marcia / fermata / arresto;Conducente;M;Rimandato;0;NON DECEDUTO;;
4408713;17;04/06/2019 01:15:00;Strada Urbana;VIALE VATICANO;in prossimit�;;del civico n.;62;;Veicolo in marcia contro veicoli in sosta;Curva senza visuale libera;Una carreggiata a doppio senso;Asciutto;Asfaltata;Verticale ed orizzontale;Sereno;Scarso;Sufficiente;Sufficiente;2;0;0;0;12,4486;41,90499;-1;1;Autovettura privata;In marcia / fermata / arresto;Passeggero;M;Rimandato;0;NON DECEDUTO;;
4408713;17;04/06/2019 01:15:00;Strada Urbana;VIALE VATICANO;in prossimit�;;del civico n.;62;;Veicolo in marcia contro veicoli in sosta;Curva senza visuale libera;Una carreggiata a doppio senso;Asciutto;Asfaltata;Verticale ed orizzontale;Sereno;Scarso;Sufficiente;Sufficiente;2;0;0;0;12,4486;41,90499;-1;2;Autovettura privata;Sosta;;;;;;;
4408713;17;04/06/2019 01:15:00;Strada Urbana;VIALE VATICANO;in prossimit�;;del civico n.;62;;Veicolo in marcia contro veicoli in sosta;Curva senza visuale libera;Una carreggiata a doppio senso;Asciutto;Asfaltata;Verticale ed orizzontale;Sereno;Scarso;Sufficiente;Sufficiente;2;0;0;0;12,4486;41,90499;-1;3;Autovettura privata;Sosta;;;;;;;
4408728;18;03/06/2019 22:10:00;Strada Urbana;VIA GIOVANNI DOMENICO PARACCIANI;all'intersezione con;LARGO PIER FRANCESCO SCARAMPI;LARGO PIER FRANCESCO SCARAMPI;;;Scontro frontale/laterale SX fra veicoli in marcia;Intersezione stradale segnalata;Una carreggiata a senso unico di marcia;Bagnato (pioggia);Asfaltata;Verticale;Sereno;Scarso;Sufficiente;Sufficiente;1;0;0;1;12,42396;41,90451;-1;1;Motociclo a solo;In marcia / fermata / arresto;Conducente;M;Rimandato;0;NON DECEDUTO;;
4408728;18;03/06/2019 22:10:00;Strada Urbana;VIA GIOVANNI DOMENICO PARACCIANI;all'intersezione con;LARGO PIER FRANCESCO SCARAMPI;LARGO PIER FRANCESCO SCARAMPI;;;Scontro frontale/laterale SX fra veicoli in marcia;Intersezione stradale segnalata;Una carreggiata a senso unico di marcia;Bagnato (pioggia);Asfaltata;Verticale;Sereno;Scarso;Sufficiente;Sufficiente;1;0;0;1;12,42396;41,90451;-1;2;Autovettura privata;In marcia / fermata / arresto;Conducente;M;Illeso;0;;;
4408757;1;01/06/2019 01:15:00;Strada Urbana;LUNGOTEVERE DEI TEBALDI;in prossimit�;;del palo luce n.;11;;Tamponamento;Rettilineo;Una carreggiata a senso unico di marcia;Asciutto;Asfaltata;Verticale ed orizzontale;Sereno;Scarso;Sufficiente;Sufficiente;1;0;0;1;12,46912;41,89441;-1;1;Motociclo a solo;In marcia / fermata / arresto;Conducente;M;Rimandato;0;NON DECEDUTO;Non accertato;
4408757;1;01/06/2019 01:15:00;Strada Urbana;LUNGOTEVERE DEI TEBALDI;in prossimit�;;del palo luce n.;11;;Tamponamento;Rettilineo;Una carreggiata a senso unico di marcia;Asciutto;Asfaltata;Verticale ed orizzontale;Sereno;Scarso;Sufficiente;Sufficiente;1;0;0;1;12,46912;41,89441;-1;2;Autovettura privata;In marcia / fermata / arresto;Conducente;M;Illeso;0;;Non accertato;Inesploso
4408757;1;01/06/2019 01:15:00;Strada Urbana;LUNGOTEVERE DEI TEBALDI;in prossimit�;;del palo luce n.;11;;Tamponamento;Rettilineo;Una carreggiata a senso unico di marcia;Asciutto;Asfaltata;Verticale ed orizzontale;Sereno;Scarso;Sufficiente;Sufficiente;1;0;0;1;12,46912;41,89441;-1;3;Autovettura privata;Sosta;;;;;;;
4408757;1;01/06/2019 01:15:00;Strada Urbana;LUNGOTEVERE DEI TEBALDI;in prossimit�;;del palo luce n.;11;;Tamponamento;Rettilineo;Una carreggiata a senso unico di marcia;Asciutto;Asfaltata;Verticale ed orizzontale;Sereno;Scarso;Sufficiente;Sufficiente;1;0;0;1;12,46912;41,89441;-1;4;Autovettura privata;Sosta;;;;;;;
4408867;7;04/06/2019 13:20:00;Strada Urbana;VIA DEI GINEPRI;in prossimit�;;del civico n.;53;;Veicolo in marcia contro veicolo in sosta;Rettilineo;Una carreggiata a senso unico di marcia;Asciutto;Asfaltata;Orizzontale;Sereno;Scarso;Buona;Ore Diurne;0;0;0;1;12,57045;41,88994;-1;1;Autocarro inferiore 35 q.;In marcia / fermata / arresto;Conducente;M;Illeso;0;;Non accertato;Inesploso
4408867;7;04/06/2019 13:20:00;Strada Urbana;VIA DEI GINEPRI;in prossimit�;;del civico n.;53;;Veicolo in marcia contro veicolo in sosta;Rettilineo;Una carreggiata a senso unico di marcia;Asciutto;Asfaltata;Orizzontale;Sereno;Scarso;Buona;Ore Diurne;0;0;0;1;12,57045;41,88994;-1;2;Autocarro inferiore 35 q.;Sosta;;;;;;;
4408874;18;03/06/2019 18:50:00;Strada Urbana;VIA DELLA MAGLIANELLA;in prossimit�;;del civico n.;136;;Tamponamento Multiplo;Rettilineo;Una carreggiata a doppio senso;Asciutto;Asfaltata;Verticale ed orizzontale;Sereno;Normale;Buona;Ore Diurne;1;0;0;2;12,37741;41,89624;-1;1;Autovettura privata;In marcia / fermata / arresto;Conducente;M;Illeso;0;;Non accertato;Inesploso
4408874;18;03/06/2019 18:50:00;Strada Urbana;VIA DELLA MAGLIANELLA;in prossimit�;;del civico n.;136;;Tamponamento Multiplo;Rettilineo;Una carreggiata a doppio senso;Asciutto;Asfaltata;Verticale ed orizzontale;Sereno;Normale;Buona;Ore Diurne;1;0;0;2;12,37741;41,89624;-1;2;Motociclo a solo;In marcia / fermata / arresto;Conducente;M;Rimandato;0;NON DECEDUTO;Non accertato;
4408874;18;03/06/2019 18:50:00;Strada Urbana;VIA DELLA MAGLIANELLA;in prossimit�;;del civico n.;136;;Tamponamento Multiplo;Rettilineo;Una carreggiata a doppio senso;Asciutto;Asfaltata;Verticale ed orizzontale;Sereno;Normale;Buona;Ore Diurne;1;0;0;2;12,37741;41,89624;-1;3;Autovettura privata;In marcia / fermata / arresto;Conducente;F;Illeso;0;;Non accertato;Inesploso
4408889;9;04/06/2019 11:35:00;;VIA TARANTO;all'intersezione semaforizzata con;VIA MONZA;VIA MONZA;;;Scontro laterale fra veicoli in marcia;;;;;;;;;;0;0;0;2;12,51503;41,88453;0;1;Autovettura privata;In marcia / fermata / arresto;Conducente;M;Illeso;0;;Non accertato;Inesploso
4408889;9;04/06/2019 11:35:00;;VIA TARANTO;all'intersezione semaforizzata con;VIA MONZA;VIA MONZA;;;Scontro laterale fra veicoli in marcia;;;;;;;;;;0;0;0;2;12,51503;41,88453;0;2;Autocarro inferiore 35 q.;In marcia / fermata / arresto;Conducente;M;Illeso;0;;;