Protocollo;Gruppo;DataOraIncidente;Localizzazione1;STRADA1;Localizzazione2;STRADA2;Strada02;Chilometrica;DaSpecificare;NaturaIncidente;particolaritastrade;TipoStrada;FondoStradale;Pavimentazione;Segnaletica;CondizioneAtmosferica;Traffico;Visibilita;Illuminazione;NUM_FERITI;NUM_RISERVATA;NUM_MORTI;NUM_ILLESI;Longitudine;Latitudine;Confermato;Progressivo;TipoVeicolo;StatoVeicolo;TipoPersona;Sesso;Tipolesione;Deceduto;DecedutoDopo;CinturaCascoUtilizzato;Airbag;
4408911;17;04/06/2019 10:55:00;Strada Urbana;PIAZZA GIUSEPPE MAZZINI;in corrispondenza;;del civico n.;42;;Investimento di pedone;Rettilineo;Una carreggiata a senso unico di marcia;Asciutto;Asfaltata;Verticale ed orizzontale;Sereno;Normale;Buona;Ore Diurne;1;0;0;1;12,46349;41,91641;-1;;;;Pedone;F;Rimandato;0;NON DECEDUTO;;
4408911;17;04/06/2019 10:55:00;Strada Urbana;PIAZZA GIUSEPPE MAZZINI;in corrispondenza;;del civico n.;42;;Investimento di pedone;Rettilineo;Una carreggiata a senso unico di marcia;Asciutto;Asfaltata;Verticale ed orizzontale;Sereno;Normale;Buona;Ore Diurne;1;0;0;1;12,46349;41,91641;-1;1;Autovettura privata;In marcia / fermata / arresto;Conducente;F;Illeso;0;;;
4409088;13;04/06/2019 14:45:00;Strada Urbana;LUNGOMARE PAOLO TOSCANELLI;in prossimit�;;del civico n.;4;;Tamponamento;Rettilineo;Due carreggiate;Asciutto;Asfaltata;Verticale ed orizzontale;Sereno;Normale;Buona;Ore Diurne;0;0;0;2;12,28596;41,72672;-1;1;Autovettura privata;In marcia / fermata / arresto;Conducente;F;Illeso;0;;Non accertato;Inesploso
4409088;13;04/06/2019 14:45:00;Strada Urbana;LUNGOMARE PAOLO TOSCANELLI;in prossimit�;;del civico n.;4;;Tamponamento;Rettilineo;Due carreggiate;Asciutto;Asfaltata;Verticale ed orizzontale;Sereno;Normale;Buona;Ore Diurne;0;0;0;2;12,28596;41,72672;-1;2;Autovettura privata;In marcia / fermata / arresto;Conducente;F;Illeso;0;;Non accertato;Inesploso
4409124;10;04/06/2019 13:45:00;Strada Urbana;VIA ANAGNINA;da specificare;;;;direzione rm 40 mt dopo accesso GRA dir. RM-NA;Infortunio per caduta del veicolo;Curva a visuale libera;Una carreggiata a senso unico di marcia;Asciutto;Asfaltata;Verticale ed orizzontale;Sereno;Normale;Buona;Ore Diurne;1;0;0;0;12,61051;41,82056;-1;1;Motociclo a solo;In marcia / fermata / arresto;Conducente;M;Ricoverato;0;NON DECEDUTO;Non accertato;
4409184;19;04/06/2019 07:50:00;Strada Urbana;VIA BENEDETTO ALOISI MASELLA;in prossimit�;;del civico n.;7;;Scontro laterale fra veicoli in marcia;Rettilineo;Una carreggiata a doppio senso;Asciutto;Asfaltata;Orizzontale;Sereno;Normale;Buona;Ore Diurne;1;0;0;1;12,40826;41,91502;-1;1;Motociclo a solo;In marcia / fermata / arresto;Conducente;F;Rifiuta cure immediate;0;NON DECEDUTO;Non accertato;
4409184;19;04/06/2019 07:50:00;Strada Urbana;VIA BENEDETTO ALOISI MASELLA;in prossimit�;;del civico n.;7;;Scontro laterale fra veicoli in marcia;Rettilineo;Una carreggiata a doppio senso;Asciutto;Asfaltata;Orizzontale;Sereno;Normale;Buona;Ore Diurne;1;0;0;1;12,40826;41,91502;-1;2;Autovettura privata;In marcia / fermata / arresto;Conducente;F;Illeso;0;;Non accertato;Inesploso
4409187;7;04/06/2019 17:45:00;Strada Urbana;VIA GIOVANNI CAPRANESI;da specificare;;;;prossimit� di Via Collatina;Scontro laterale fra veicoli in marcia;Rettilineo;Una carreggiata a doppio senso;Asciutto;Asfaltata;Verticale;Sereno;Normale;Buona;Ore Diurne;1;0;0;1;12,61103;41,90262;-1;1;Autovettura privata;In marcia / fermata / arresto;Conducente;M;Illeso;0;;Non accertato;Inesploso
4409187;7;04/06/2019 17:45:00;Strada Urbana;VIA GIOVANNI CAPRANESI;da specificare;;;;prossimit� di Via Collatina;Scontro laterale fra veicoli in marcia;Rettilineo;Una carreggiata a doppio senso;Asciutto;Asfaltata;Verticale;Sereno;Normale;Buona;Ore Diurne;1;0;0;1;12,61103;41,90262;-1;2;Motociclo a solo;In marcia / fermata / arresto;Conducente;M;Rimandato;0;NON DECEDUTO;Non accertato;
4409281;19;04/06/2019 11:30:00;Strada Urbana;VIA DAMIANO CHIESA;all'intersezione semaforizzata con;VIA UGO DE CAROLIS;VIA UGO DE CAROLIS;;;Scontro laterale fra veicoli in marcia;Intersezione semaforizzata;Una carreggiata a doppio senso;Asciutto;Asfaltata;Verticale ed orizzontale;Sereno;Normale;Buona;Ore Diurne;0;0;0;2;12,43816;41,91958;-1;1;Autovettura privata;In marcia / fermata / arresto;Conducente;M;Illeso;0;;Non accertato;Inesploso
4409281;19;04/06/2019 11:30:00;Strada Urbana;VIA DAMIANO CHIESA;all'intersezione semaforizzata con;VIA UGO DE CAROLIS;VIA UGO DE CAROLIS;;;Scontro laterale fra veicoli in marcia;Intersezione semaforizzata;Una carreggiata a doppio senso;Asciutto;Asfaltata;Verticale ed orizzontale;Sereno;Normale;Buona;Ore Diurne;0;0;0;2;12,43816;41,91958;-1;2;Autovettura privata;In marcia / fermata / arresto;Conducente;F;Illeso;0;;Non accertato;
4409285;15;04/06/2019 12:00:00;Strada Urbana;VIALE ALEXANDRE GUSTAVE EIFFEL;da specificare;;;;fronte ingresso EST Fiera di Roma;Tamponamento;Rettilineo;Due carreggiate;Asciutto;Asfaltata;Orizzontale;Sereno;Normale;Buona;Ore Diurne;0;0;0;3;12,33447;41,80805;-1;1;Autovettura privata;In marcia / fermata / arresto;Conducente;F;Illeso;0;;Non accertato;Inesploso
4409285;15;04/06/2019 12:00:00;Strada Urbana;VIALE ALEXANDRE GUSTAVE EIFFEL;da specificare;;;;fronte ingresso EST Fiera di Roma;Tamponamento;Rettilineo;Due carreggiate;Asciutto;Asfaltata;Orizzontale;Sereno;Normale;Buona;Ore Diurne;0;0;0;3;12,33447;41,80805;-1;1;Autovettura privata;In marcia / fermata / arresto;Passeggero;F;Illeso;0;;;
4409285;15;04/06/2019 12:00:00;Strada Urbana;VIALE ALEXANDRE GUSTAVE EIFFEL;da specificare;;;;fronte ingresso EST Fiera di Roma;Tamponamento;Rettilineo;Due carreggiate;Asciutto;Asfaltata;Orizzontale;Sereno;Normale;Buona;Ore Diurne;0;0;0;3;12,33447;41,80805;-1;2;Autovettura privata;Allontanatosi;Conducente;M;Illeso;0;;;
4409297;19;04/06/2019 11:20:00;Strada Urbana;VIA ARMANDO LODOLINI;all'intersezione con;VIA BARTOLOMEO GALLETTI;VIA BARTOLOMEO GALLETTI;;;Scontro frontale fra veicoli in marcia;Intersezione non regolata/non segnalata;Una carreggiata a doppio senso;Asciutto;Asfaltata;Assente;Sereno;Scarso;Buona;Ore Diurne;0;0;0;2;12,39836;41,95605;-1;1;Autovettura privata;In marcia / fermata / arresto;Conducente;F;Illeso;0;;Non accertato;Inesploso
4409297;19;04/06/2019 11:20:00;Strada Urbana;VIA ARMANDO LODOLINI;all'intersezione con;VIA BARTOLOMEO GALLETTI;VIA BARTOLOMEO GALLETTI;;;Scontro frontale fra veicoli in marcia;Intersezione non regolata/non segnalata;Una carreggiata a doppio senso;Asciutto;Asfaltata;Assente;Sereno;Scarso;Buona;Ore Diurne;0;0;0;2;12,39836;41,95605;-1;2;Autovettura privata;In marcia / fermata / arresto;Conducente;F;Illeso;0;;Non accertato;Inesploso
4409310;19;04/06/2019 08:30:00;Strada Urbana;VIA DELLA VALLE DEI FONTANILI;all'intersezione con;VIA GIUSEPPE GUICCIARDI;VIA GIUSEPPE GUICCIARDI;;;Scontro frontale/laterale DX fra veicoli in marcia;Intersezione stradale segnalata;Una carreggiata a doppio senso;Asciutto;Asfaltata;Verticale ed orizzontale;Sereno;Intenso;Buona;Ore Diurne;1;0;0;1;12,40949;41,92347;-1;1;Motociclo a solo;In marcia / fermata / arresto;Conducente;M;Rimandato;0;NON DECEDUTO;Non accertato;
4409310;19;04/06/2019 08:30:00;Strada Urbana;VIA DELLA VALLE DEI FONTANILI;all'intersezione con;VIA GIUSEPPE GUICCIARDI;VIA GIUSEPPE GUICCIARDI;;;Scontro frontale/laterale DX fra veicoli in marcia;Intersezione stradale segnalata;Una carreggiata a doppio senso;Asciutto;Asfaltata;Verticale ed orizzontale;Sereno;Intenso;Buona;Ore Diurne;1;0;0;1;12,40949;41,92347;-1;2;Autovettura privata;In marcia / fermata / arresto;Conducente;M;Illeso;0;;Non accertato;Inesploso
4409318;19;04/06/2019 07:05:00;Strada Urbana;PIAZZA CLEMENTE XI;all'intersezione con;VIA PASQUALE II;VIA PASQUALE II;;;Scontro frontale/laterale DX fra veicoli in marcia;Intersezione stradale segnalata;Una carreggiata a senso unico di marcia;Asciutto;Asfaltata;Verticale ed orizzontale;Sereno;Normale;Buona;Ore Diurne;0;0;0;4;12,41457;41,91403;-1;1;Autovettura privata;In marcia / fermata / arresto;Conducente;M;Illeso;0;;Non accertato;
4409318;19;04/06/2019 07:05:00;Strada Urbana;PIAZZA CLEMENTE XI;all'intersezione con;VIA PASQUALE II;VIA PASQUALE II;;;Scontro frontale/laterale DX fra veicoli in marcia;Intersezione stradale segnalata;Una carreggiata a senso unico di marcia;Asciutto;Asfaltata;Verticale ed orizzontale;Sereno;Normale;Buona;Ore Diurne;0;0;0;4;12,41457;41,91403;-1;1;Autovettura privata;In marcia / fermata / arresto;Passeggero;F;Illeso;0;;Non accertato;
4409318;19;04/06/2019 07:05:00;Strada Urbana;PIAZZA CLEMENTE XI;all'intersezione con;VIA PASQUALE II;VIA PASQUALE II;;;Scontro frontale/laterale DX fra veicoli in marcia;Intersezione stradale segnalata;Una carreggiata a senso unico di marcia;Asciutto;Asfaltata;Verticale ed orizzontale;Sereno;Normale;Buona;Ore Diurne;0;0;0;4;12,41457;41,91403;-1;2;Autovettura privata;In marcia / fermata / arresto;Conducente;F;Illeso;0;;Non accertato;
4409318;19;04/06/2019 07:05:00;Strada Urbana;PIAZZA CLEMENTE XI;all'intersezione con;VIA PASQUALE II;VIA PASQUALE II;;;Scontro frontale/laterale DX fra veicoli in marcia;Intersezione stradale segnalata;Una carreggiata a senso unico di marcia;Asciutto;Asfaltata;Verticale ed orizzontale;Sereno;Normale;Buona;Ore Diurne;0;0;0;4;12,41457;41,91403;-1;2;Autovettura privata;In marcia / fermata / arresto;Passeggero;F;Illeso;0;;Non accertato;
4409355;15;04/06/2019 13:45:00;Strada Urbana;VIA DELLA MAGLIANA;da specificare;;;;altezza via L. Candoni;Scontro laterale fra veicoli in marcia;Rettilineo;Una carreggiata a doppio senso;Asciutto;Asfaltata;Assente;Sereno;Normale;Buona;Ore Diurne;0;0;0;2;12,41964;41,83174;-1;1;Autovettura privata;In marcia / fermata / arresto;Conducente;F;Illeso;0;;Non accertato;Inesploso
4409355;15;04/06/2019 13:45:00;Strada Urbana;VIA DELLA MAGLIANA;da specificare;;;;altezza via L. Candoni;Scontro laterale fra veicoli in marcia;Rettilineo;Una carreggiata a doppio senso;Asciutto;Asfaltata;Assente;Sereno;Normale;Buona;Ore Diurne;0;0;0;2;12,41964;41,83174;-1;2;Macchina operatrice;In marcia / fermata / arresto;Conducente;M;Illeso;0;;Non accertato;Inesploso
4409363;2;02/06/2019 11:50:00;Strada Urbana;VIA FLAMINIA;in prossimit�;;del civico n.;350;;Fuoriuscita dalla sede stradale;Rettilineo;Una carreggiata a senso unico di marcia;Asciutto;Asfaltata;Verticale ed orizzontale;Sereno;Scarso;Buona;Ore Diurne;0;0;0;1;12,46852;41,92973;-1;1;Vettura tranviaria;In marcia / fermata / arresto;Conducente;M;Illeso;0;;Esente;
4409388;10;04/06/2019 17:00:00;Strada Urbana;VIA APPIA NUOVA;all'intersezione semaforizzata con;VIA APPIA PIGNATELLI;VIA APPIA PIGNATELLI;;;Tamponamento;Intersezione semaforizzata;Due carreggiate;Asciutto;Asfaltata;Verticale ed orizzontale;Sereno;Intenso;Buona;Ore Diurne;2;0;0;2;12,55181;41,83583;-1;1;Autocarro superiore 35 q.;In marcia / fermata / arresto;Conducente;M;Illeso;0;;Non accertato;Inesploso
4409388;10;04/06/2019 17:00:00;Strada Urbana;VIA APPIA NUOVA;all'intersezione semaforizzata con;VIA APPIA PIGNATELLI;VIA APPIA PIGNATELLI;;;Tamponamento;Intersezione semaforizzata;Due carreggiate;Asciutto;Asfaltata;Verticale ed orizzontale;Sereno;Intenso;Buona;Ore Diurne;2;0;0;2;12,55181;41,83583;-1;2;Autovettura privata;In marcia / fermata / arresto;Conducente;M;Illeso;0;;Non accertato;Inesploso
4409388;10;04/06/2019 17:00:00;Strada Urbana;VIA APPIA NUOVA;all'intersezione semaforizzata con;VIA APPIA PIGNATELLI;VIA APPIA PIGNATELLI;;;Tamponamento;Intersezione semaforizzata;Due carreggiate;Asciutto;Asfaltata;Verticale ed orizzontale;Sereno;Intenso;Buona;Ore Diurne;2;0;0;2;12,55181;41,83583;-1;2;Autovettura privata;In marcia / fermata / arresto;Passeggero;F;Rimandato;0;NON DECEDUTO;Non accertato;Inesploso
4409388;10;04/06/2019 17:00:00;Strada Urbana;VIA APPIA NUOVA;all'intersezione semaforizzata con;VIA APPIA PIGNATELLI;VIA APPIA PIGNATELLI;;;Tamponamento;Intersezione semaforizzata;Due carreggiate;Asciutto;Asfaltata;Verticale ed orizzontale;Sereno;Intenso;Buona;Ore Diurne;2;0;0;2;12,55181;41,83583;-1;2;Autovettura privata;In marcia / fermata / arresto;Passeggero;M;Rimandato;0;NON DECEDUTO;Non accertato;Inesploso
4409396;13;04/06/2019 15:45:00;Strada Urbana;VIA DI MACCHIA SAPONARA;in corrispondenza;;del civico n.;84;;Scontro frontale fra veicoli in marcia;Rettilineo;Una carreggiata a doppio senso;Asciutto;Asfaltata;Verticale ed orizzontale;Sereno;Normale;Buona;Ore Diurne;1;0;0;2;12,35379;41,77298;-1;1;Autovettura privata;In marcia / fermata / arresto;Conducente;F;Rimandato;0;NON DECEDUTO;;
4409396;13;04/06/2019 15:45:00;Strada Urbana;VIA DI MACCHIA SAPONARA;in corrispondenza;;del civico n.;84;;Scontro frontale fra veicoli in marcia;Rettilineo;Una carreggiata a doppio senso;Asciutto;Asfaltata;Verticale ed orizzontale;Sereno;Normale;Buona;Ore Diurne;1;0;0;2;12,35379;41,77298;-1;2;Autovettura privata;In marcia / fermata / arresto;Passeggero;F;Illeso;0;;;
4409396;13;04/06/2019 15:45:00;Strada Urbana;VIA DI MACCHIA SAPONARA;in corrispondenza;;del civico n.;84;;Scontro frontale fra veicoli in marcia;Rettilineo;Una carreggiata a doppio senso;Asciutto;Asfaltata;Verticale ed orizzontale;Sereno;Normale;Buona;Ore Diurne;1;0;0;2;12,35379;41,77298;-1;2;Autovettura privata;In marcia / fermata / arresto;Conducente;F;Illeso;0;;;
4409418;10;04/06/2019 11:27:00;Strada Urbana;VIA TUSCOLANA;all'intersezione semaforizzata con;VIA PONZIO COMINIO;VIA PONZIO COMINIO;;;Scontro frontale/laterale SX fra veicoli in marcia;Intersezione semaforizzata;Due carreggiate;Asciutto;Asfaltata;Verticale ed orizzontale;Sereno;Intenso;Buona;Ore Diurne;1;0;0;2;12,5572;41,85985;-1;1;Autovettura privata;In marcia / fermata / arresto;Conducente;M;Illeso;0;;Non accertato;Inesploso
4409418;10;04/06/2019 11:27:00;Strada Urbana;VIA TUSCOLANA;all'intersezione semaforizzata con;VIA PONZIO COMINIO;VIA PONZIO COMINIO;;;Scontro frontale/laterale SX fra veicoli in marcia;Intersezione semaforizzata;Due carreggiate;Asciutto;Asfaltata;Verticale ed orizzontale;Sereno;Intenso;Buona;Ore Diurne;1;0;0;2;12,5572;41,85985;-1;1;Autovettura privata;In marcia / fermata / arresto;Passeggero;F;Rimandato;0;NON DECEDUTO;Non accertato;Inesploso
4409418;10;04/06/2019 11:27:00;Strada Urbana;VIA TUSCOLANA;all'intersezione semaforizzata con;VIA PONZIO COMINIO;VIA PONZIO COMINIO;;;Scontro frontale/laterale SX fra veicoli in marcia;Intersezione semaforizzata;Due carreggiate;Asciutto;Asfaltata;Verticale ed orizzontale;Sereno;Intenso;Buona;Ore Diurne;1;0;0;2;12,5572;41,85985;-1;2;Autovettura privata;In marcia / fermata / arresto;Conducente;M;Illeso;0;;Non accertato;Inesploso
4409446;10;04/06/2019 11:45:00;Strada Urbana;VIA BOVA;in corrispondenza;;del civico n.;13;;Veicolo in marcia contro veicolo in sosta;Curva a visuale libera;Una carreggiata a senso unico di marcia;Asciutto;Asfaltata;Verticale;Sereno;Scarso;Buona;Ore Diurne;0;0;0;1;12,56522;41,83314;-1;1;Autocarro superiore 35 q.;In marcia / fermata / arresto;Conducente;M;Illeso;0;;Non accertato;Inesploso
4409446;10;04/06/2019 11:45:00;Strada Urbana;VIA BOVA;in corrispondenza;;del civico n.;13;;Veicolo in marcia contro veicolo in sosta;Curva a visuale libera;Una carreggiata a senso unico di marcia;Asciutto;Asfaltata;Verticale;Sereno;Scarso;Buona;Ore Diurne;0;0;0;1;12,56522;41,83314;-1;2;Autovettura privata;Sosta;;;;;;;
4409448;6;04/06/2019 18:05:00;Provinciale entro l'abitato;LARGO PRENESTE;all'intersezione semaforizzata con;VIA PRENESTINA;VIA PRENESTINA;;;Scontro frontale/laterale DX fra veicoli in marcia;Intersezione semaforizzata;Pi� di due carreggiate;Asciutto;Asfaltata;Verticale ed orizzontale;Sereno;Normale;Buona;Ore Diurne;2;0;0;1;12,54193;41,89282;-1;1;Autovettura privata;In marcia / fermata / arresto;Passeggero;F;Rimandato;0;NON DECEDUTO;Non accertato;Esploso
4409448;6;04/06/2019 18:05:00;Provinciale entro l'abitato;LARGO PRENESTE;all'intersezione semaforizzata con;VIA PRENESTINA;VIA PRENESTINA;;;Scontro frontale/laterale DX fra veicoli in marcia;Intersezione semaforizzata;Pi� di due carreggiate;Asciutto;Asfaltata;Verticale ed orizzontale;Sereno;Normale;Buona;Ore Diurne;2;0;0;1;12,54193;41,89282;-1;1;Autovettura privata;In marcia / fermata / arresto;Conducente;M;Illeso;0;;Non accertato;Inesploso
4409448;6;04/06/2019 18:05:00;Provinciale entro l'abitato;LARGO PRENESTE;all'intersezione semaforizzata con;VIA PRENESTINA;VIA PRENESTINA;;;Scontro frontale/laterale DX fra veicoli in marcia;Intersezione semaforizzata;Pi� di due carreggiate;Asciutto;Asfaltata;Verticale ed orizzontale;Sereno;Normale;Buona;Ore Diurne;2;0;0;1;12,54193;41,89282;-1;2;Autovettura privata;In marcia / fermata / arresto;Conducente;M;Rifiuta cure immediate;0;NON DECEDUTO;Non accertato;Inesploso
4409557;15;04/06/2019 15:10:00;Strada Urbana;VIA ODERISI DA GUBBIO;in corrispondenza;;del civico n.;170;;Scontro laterale fra veicoli in marcia;Rettilineo;Una carreggiata a doppio senso;Asciutto;Asfaltata;Verticale ed orizzontale;Sereno;Normale;Buona;Ore Diurne;0;0;0;3;12,46491;41,86507;-1;1;Autovettura privata;In marcia / fermata / arresto;Conducente;M;Illeso;0;;;Inesploso
4409557;15;04/06/2019 15:10:00;Strada Urbana;VIA ODERISI DA GUBBIO;in corrispondenza;;del civico n.;170;;Scontro laterale fra veicoli in marcia;Rettilineo;Una carreggiata a doppio senso;Asciutto;Asfaltata;Verticale ed orizzontale;Sereno;Normale;Buona;Ore Diurne;0;0;0;3;12,46491;41,86507;-1;1;Autovettura privata;In marcia / fermata / arresto;Passeggero;M;Illeso;0;;Non accertato;Inesploso
4409557;15;04/06/2019 15:10:00;Strada Urbana;VIA ODERISI DA GUBBIO;in corrispondenza;;del civico n.;170;;Scontro laterale fra veicoli in marcia;Rettilineo;Una carreggiata a doppio senso;Asciutto;Asfaltata;Verticale ed orizzontale;Sereno;Normale;Buona;Ore Diurne;0;0;0;3;12,46491;41,86507;-1;2;Autocarro inferiore 35 q.;In marcia / fermata / arresto;Conducente;M;Illeso;0;;Non accertato;Inesploso
4409715;9;04/06/2019 16:00:00;;VIA LA SPEZIA;all'intersezione con;VIA NOLA;VIA NOLA;;;Scontro laterale fra veicoli in marcia;;;;;;;;;;0;0;0;1;12,51533;41,88632;0;1;Motociclo a solo;In marcia / fermata / arresto;Conducente;M;Illeso;0;;Non accertato;
4409715;9;04/06/2019 16:00:00;;VIA LA SPEZIA;all'intersezione con;VIA NOLA;VIA NOLA;;;Scontro laterale fra veicoli in marcia;;;;;;;;;;0;0;0;1;12,51533;41,88632;0;2;Autovettura privata;Allontanatosi;;;;;;;
4409853;9;05/06/2019 00:30:00;Strada Urbana;PIAZZA DEI CONSOLI;in corrispondenza;;del civico n.;66;;Veicolo in marcia contro veicoli in sosta;Rotatoria;Una carreggiata a senso unico di marcia;Asciutto;Asfaltata;Assente;Sereno;Scarso;Buona;Sufficiente;0;0;0;1;12,55665;41,8621;-1;1;Autovettura privata;In marcia / fermata / arresto;Conducente;M;Illeso;0;;Non accertato;Inesploso
4409853;9;05/06/2019 00:30:00;Strada Urbana;PIAZZA DEI CONSOLI;in corrispondenza;;del civico n.;66;;Veicolo in marcia contro veicoli in sosta;Rotatoria;Una carreggiata a senso unico di marcia;Asciutto;Asfaltata;Assente;Sereno;Scarso;Buona;Sufficiente;0;0;0;1;12,55665;41,8621;-1;2;Autovettura privata;Sosta;;;;;;;
4409853;9;05/06/2019 00:30:00;Strada Urbana;PIAZZA DEI CONSOLI;in corrispondenza;;del civico n.;66;;Veicolo in marcia contro veicoli in sosta;Rotatoria;Una carreggiata a senso unico di marcia;Asciutto;Asfaltata;Assente;Sereno;Scarso;Buona;Sufficiente;0;0;0;1;12,55665;41,8621;-1;3;Autovettura privata;Sosta;;;;;;;
4409920;8;04/06/2019 17:00:00;Provinciale entro l'abitato;VIA PRENESTINA;all'intersezione con;VIA CAIAZZO;VIA CAIAZZO;;;Scontro frontale/laterale SX fra veicoli in marcia;Incrocio;Una carreggiata a doppio senso;Bagnato (pioggia);Asfaltata;Verticale;Sereno;Normale;Buona;Ore Diurne;0;0;0;2;12,61548;41,89326;-1;1;Motociclo a solo;In marcia / fermata / arresto;Conducente;M;Illeso;0;;Non accertato;
4409920;8;04/06/2019 17:00:00;Provinciale entro l'abitato;VIA PRENESTINA;all'intersezione con;VIA CAIAZZO;VIA CAIAZZO;;;Scontro frontale/laterale SX fra veicoli in marcia;Incrocio;Una carreggiata a doppio senso;Bagnato (pioggia);Asfaltata;Verticale;Sereno;Normale;Buona;Ore Diurne;0;0;0;2;12,61548;41,89326;-1;2;Autovettura privata;In marcia / fermata / arresto;Conducente;M;Illeso;0;;Non accertato;Inesploso
4409927;8;04/06/2019 17:35:00;Strada Urbana;VIA CASILINA;in corrispondenza;;del civico n.;1755;;Scontro laterale fra veicoli in marcia;Rettilineo;Una carreggiata a doppio senso;Asciutto;Asfaltata;Verticale ed orizzontale;Sereno;Normale;Buona;Ore Diurne;0;0;0;3;12,66969;41,86432;-1;1;Autovettura privata;In marcia / fermata / arresto;Conducente;M;Illeso;0;;Non accertato;Inesploso
4409927;8;04/06/2019 17:35:00;Strada Urbana;VIA CASILINA;in corrispondenza;;del civico n.;1755;;Scontro laterale fra veicoli in marcia;Rettilineo;Una carreggiata a doppio senso;Asciutto;Asfaltata;Verticale ed orizzontale;Sereno;Normale;Buona;Ore Diurne;0;0;0;3;12,66969;41,86432;-1;1;Autovettura privata;In marcia / fermata / arresto;Passeggero;M;Illeso;0;;Non accertato;Inesploso
4409927;8;04/06/2019 17:35:00;Strada Urbana;VIA CASILINA;in corrispondenza;;del civico n.;1755;;Scontro laterale fra veicoli in marcia;Rettilineo;Una carreggiata a doppio senso;Asciutto;Asfaltata;Verticale ed orizzontale;Sereno;Normale;Buona;Ore Diurne;0;0;0;3;12,66969;41,86432;-1;2;Autovettura privata;In marcia / fermata / arresto;Conducente;M;Illeso;0;;Non accertato;Inesploso
4409930;8;04/06/2019 14:15:00;Strada Urbana;VIA BORUTTA;all'intersezione con;VIA BORGHESIANA;VIA BORGHESIANA;;;Scontro laterale fra veicoli in marcia;Intersezione stradale segnalata;Una carreggiata a doppio senso;Asciutto;Asfaltata;Verticale;Sereno;Normale;Buona;Ore Diurne;0;0;0;3;12,67479;41,8767;-1;1;Autovettura privata;In marcia / fermata / arresto;Conducente;M;Illeso;0;;;
4409930;8;04/06/2019 14:15:00;Strada Urbana;VIA BORUTTA;all'intersezione con;VIA BORGHESIANA;VIA BORGHESIANA;;;Scontro laterale fra veicoli in marcia;Intersezione stradale segnalata;Una carreggiata a doppio senso;Asciutto;Asfaltata;Verticale;Sereno;Normale;Buona;Ore Diurne;0;0;0;3;12,67479;41,8767;-1;2;Autovettura privata;In marcia / fermata / arresto;Passeggero;F;Illeso;0;;;
4409930;8;04/06/2019 14:15:00;Strada Urbana;VIA BORUTTA;all'intersezione con;VIA BORGHESIANA;VIA BORGHESIANA;;;Scontro laterale fra veicoli in marcia;Intersezione stradale segnalata;Una carreggiata a doppio senso;Asciutto;Asfaltata;Verticale;Sereno;Normale;Buona;Ore Diurne;0;0;0;3;12,67479;41,8767;-1;2;Autovettura privata;In marcia / fermata / arresto;Conducente;F;Illeso;0;;;
4409936;11;04/06/2019 11:50:00;Strada Urbana;VIA CRISTOFORO COLOMBO;all'intersezione con;VIA CESARE FEDERICI;VIA CESARE FEDERICI;;;Veicolo in marcia contro veicolo in sosta;Incrocio;Pi� di due carreggiate;Asciutto;Asfaltata;Verticale ed orizzontale;Sereno;Normale;Buona;Ore Diurne;0;0;0;1;12,49836;41,86212;-1;1;Autovettura privata;In marcia / fermata / arresto;Conducente;F;Illeso;0;;Non accertato;
4409936;11;04/06/2019 11:50:00;Strada Urbana;VIA CRISTOFORO COLOMBO;all'intersezione con;VIA CESARE FEDERICI;VIA CESARE FEDERICI;;;Veicolo in marcia contro veicolo in sosta;Incrocio;Pi� di due carreggiate;Asciutto;Asfaltata;Verticale ed orizzontale;Sereno;Normale;Buona;Ore Diurne;0;0;0;1;12,49836;41,86212;-1;2;Autovettura privata;Sosta;;;;;;;
4409938;8;04/06/2019 14:00:00;Altra strada;VIA DI TORRE SPACCATA;in corrispondenza;;del civico n.;110;;Scontro frontale/laterale DX fra veicoli in marcia;Rotatoria;Due carreggiate;Asciutto;Asfaltata;Verticale ed orizzontale;Sereno;Normale;Buona;Ore Diurne;0;0;0;6;12,5878;41,85839;-1;1;Autocarro inferiore 35 q.;In marcia / fermata / arresto;Passeggero;M;Illeso;0;;Non accertato;Inesploso
4409938;8;04/06/2019 14:00:00;Altra strada;VIA DI TORRE SPACCATA;in corrispondenza;;del civico n.;110;;Scontro frontale/laterale DX fra veicoli in marcia;Rotatoria;Due carreggiate;Asciutto;Asfaltata;Verticale ed orizzontale;Sereno;Normale;Buona;Ore Diurne;0;0;0;6;12,5878;41,85839;-1;1;Autocarro inferiore 35 q.;In marcia / fermata / arresto;Conducente;M;Illeso;0;;Non accertato;Inesploso
4409938;8;04/06/2019 14:00:00;Altra strada;VIA DI TORRE SPACCATA;in corrispondenza;;del civico n.;110;;Scontro frontale/laterale DX fra veicoli in marcia;Rotatoria;Due carreggiate;Asciutto;Asfaltata;Verticale ed orizzontale;Sereno;Normale;Buona;Ore Diurne;0;0;0;6;12,5878;41,85839;-1;2;Autovettura privata;In marcia / fermata / arresto;Conducente;M;Illeso;0;;Non accertato;Inesploso
4409938;8;04/06/2019 14:00:00;Altra strada;VIA DI TORRE SPACCATA;in corrispondenza;;del civico n.;110;;Scontro frontale/laterale DX fra veicoli in marcia;Rotatoria;Due carreggiate;Asciutto;Asfaltata;Verticale ed orizzontale;Sereno;Normale;Buona;Ore Diurne;0;0;0;6;12,5878;41,85839;-1;2;Autovettura privata;In marcia / fermata / arresto;Passeggero;M;Illeso;0;;Non accertato;Inesploso