Protocollo;Gruppo;DataOraIncidente;Localizzazione1;STRADA1;Localizzazione2;STRADA2;Strada02;Chilometrica;DaSpecificare;NaturaIncidente;particolaritastrade;TipoStrada;FondoStradale;Pavimentazione;Segnaletica;CondizioneAtmosferica;Traffico;Visibilita;Illuminazione;NUM_FERITI;NUM_RISERVATA;NUM_MORTI;NUM_ILLESI;Longitudine;Latitudine;Confermato;Progressivo;TipoVeicolo;StatoVeicolo;TipoPersona;Sesso;Tipolesione;Deceduto;DecedutoDopo;CinturaCascoUtilizzato;Airbag;
4409938;8;04/06/2019 14:00:00;Altra strada;VIA DI TORRE SPACCATA;in corrispondenza;;del civico n.;110;;Scontro frontale/laterale DX fra veicoli in marcia;Rotatoria;Due carreggiate;Asciutto;Asfaltata;Verticale ed orizzontale;Sereno;Normale;Buona;Ore Diurne;0;0;0;6;12,5878;41,85839;-1;2;Autovettura privata;In marcia / fermata / arresto;Passeggero;M;Illeso;0;;Non accertato;Inesploso
4409938;8;04/06/2019 14:00:00;Altra strada;VIA DI TORRE SPACCATA;in corrispondenza;;del civico n.;110;;Scontro frontale/laterale DX fra veicoli in marcia;Rotatoria;Due carreggiate;Asciutto;Asfaltata;Verticale ed orizzontale;Sereno;Normale;Buona;Ore Diurne;0;0;0;6;12,5878;41,85839;-1;2;Autovettura privata;In marcia / fermata / arresto;Passeggero;M;Illeso;0;;Non accertato;Inesploso
4409944;8;04/06/2019 18:35:00;Strada Urbana;VIA PRENESTINA;in corrispondenza;;del civico n.;1204;;Veicolo in marcia contro veicolo fermo;Curva a visuale libera;Una carreggiata a doppio senso;Asciutto;Asfaltata;Verticale ed orizzontale;Sereno;Normale;Buona;Ore Diurne;0;0;0;3;12,62884;41,89235;-1;1;Autovettura privata;In marcia / fermata / arresto;Conducente;F;Illeso;0;;;
4409944;8;04/06/2019 18:35:00;Strada Urbana;VIA PRENESTINA;in corrispondenza;;del civico n.;1204;;Veicolo in marcia contro veicolo fermo;Curva a visuale libera;Una carreggiata a doppio senso;Asciutto;Asfaltata;Verticale ed orizzontale;Sereno;Normale;Buona;Ore Diurne;0;0;0;3;12,62884;41,89235;-1;1;Autovettura privata;In marcia / fermata / arresto;Passeggero;M;Illeso;0;;;
4409944;8;04/06/2019 18:35:00;Strada Urbana;VIA PRENESTINA;in corrispondenza;;del civico n.;1204;;Veicolo in marcia contro veicolo fermo;Curva a visuale libera;Una carreggiata a doppio senso;Asciutto;Asfaltata;Verticale ed orizzontale;Sereno;Normale;Buona;Ore Diurne;0;0;0;3;12,62884;41,89235;-1;2;Quadriciclo leggero;In marcia / fermata / arresto;Conducente;F;Illeso;0;;;
4409963;11;04/06/2019 18:10:00;Strada Urbana;VIA ROBERTO DE NOBILI;in prossimit�;;del civico n.;7;;Veicolo in marcia contro veicolo in sosta;Rettilineo;Una carreggiata a senso unico di marcia;Asciutto;Asfaltata;Assente;Sereno;Scarso;Buona;Ore Diurne;0;0;0;1;12,49009;41,86328;-1;1;Autocarro superiore 35 q.;In marcia / fermata / arresto;Conducente;M;Illeso;0;;Non accertato;
4409963;11;04/06/2019 18:10:00;Strada Urbana;VIA ROBERTO DE NOBILI;in prossimit�;;del civico n.;7;;Veicolo in marcia contro veicolo in sosta;Rettilineo;Una carreggiata a senso unico di marcia;Asciutto;Asfaltata;Assente;Sereno;Scarso;Buona;Ore Diurne;0;0;0;1;12,49009;41,86328;-1;2;Autovettura privata;Sosta;;;;;;;
4409980;6;04/06/2019 20:00:00;Strada Urbana;VIA CHECCO DURANTE;all'intersezione con;VIA VALENTINO BANAL;VIA VALENTINO BANAL;;;Tamponamento;Incrocio;Due carreggiate;Asciutto;Asfaltata;Verticale;Sereno;Normale;Buona;Insufficiente;1;0;0;1;12,55356;41,8814;-1;1;Autovettura privata;In marcia / fermata / arresto;Conducente;F;Illeso;0;;Non accertato;Inesploso
4409980;6;04/06/2019 20:00:00;Strada Urbana;VIA CHECCO DURANTE;all'intersezione con;VIA VALENTINO BANAL;VIA VALENTINO BANAL;;;Tamponamento;Incrocio;Due carreggiate;Asciutto;Asfaltata;Verticale;Sereno;Normale;Buona;Insufficiente;1;0;0;1;12,55356;41,8814;-1;2;Motociclo a solo;In marcia / fermata / arresto;Conducente;M;Rimandato;0;NON DECEDUTO;Non accertato;
4409996;19;04/06/2019 21:25:00;Strada Urbana;VIALE ESPERIA SPERANI;da specificare;;;;fronte civico 76;Veicolo in marcia contro ostacolo fisso;Rettilineo;Una carreggiata a doppio senso;Asciutto;Asfaltata;Orizzontale;Sereno;Scarso;Buona;Sufficiente;0;0;0;1;12,39671;41,9617;-1;1;Autovettura privata;In marcia / fermata / arresto;Conducente;M;Illeso;0;;Non accertato;Inesploso
4410006;13;04/06/2019 20:00:00;Strada Urbana;VIA BOCCHE DI BONIFACIO;all'intersezione con;PIAZZA SIRIO;PIAZZA SIRIO;;;Scontro frontale/laterale DX fra veicoli in marcia;Incrocio;Una carreggiata a doppio senso;Asciutto;Asfaltata;Verticale ed orizzontale;Sereno;Normale;Buona;Ore Diurne;0;0;0;3;12,29098;41,72587;-1;1;Autovettura privata;In marcia / fermata / arresto;Conducente;M;Illeso;0;;Non accertato;Inesploso
4410006;13;04/06/2019 20:00:00;Strada Urbana;VIA BOCCHE DI BONIFACIO;all'intersezione con;PIAZZA SIRIO;PIAZZA SIRIO;;;Scontro frontale/laterale DX fra veicoli in marcia;Incrocio;Una carreggiata a doppio senso;Asciutto;Asfaltata;Verticale ed orizzontale;Sereno;Normale;Buona;Ore Diurne;0;0;0;3;12,29098;41,72587;-1;1;Autovettura privata;In marcia / fermata / arresto;Passeggero;M;Illeso;0;;Non accertato;Inesploso
4410006;13;04/06/2019 20:00:00;Strada Urbana;VIA BOCCHE DI BONIFACIO;all'intersezione con;PIAZZA SIRIO;PIAZZA SIRIO;;;Scontro frontale/laterale DX fra veicoli in marcia;Incrocio;Una carreggiata a doppio senso;Asciutto;Asfaltata;Verticale ed orizzontale;Sereno;Normale;Buona;Ore Diurne;0;0;0;3;12,29098;41,72587;-1;2;Velocipede;In marcia / fermata / arresto;Conducente;M;Illeso;0;;Esente;
4410007;20;04/06/2019 15:25:00;Strada Urbana;VIA DEL FORO ITALICO;da specificare;;;;dir. Salaria altezza Tor di Quinto;Tamponamento Multiplo;Rettilineo;Due carreggiate;Asciutto;Asfaltata;Verticale ed orizzontale;Sereno;Intenso;Buona;Ore Diurne;0;0;0;5;12,48277;41,94004;-1;1;Autovettura privata;In marcia / fermata / arresto;Conducente;F;Illeso;0;;;
4410007;20;04/06/2019 15:25:00;Strada Urbana;VIA DEL FORO ITALICO;da specificare;;;;dir. Salaria altezza Tor di Quinto;Tamponamento Multiplo;Rettilineo;Due carreggiate;Asciutto;Asfaltata;Verticale ed orizzontale;Sereno;Intenso;Buona;Ore Diurne;0;0;0;5;12,48277;41,94004;-1;1;Autovettura privata;In marcia / fermata / arresto;Passeggero;F;Illeso;0;;;
4410007;20;04/06/2019 15:25:00;Strada Urbana;VIA DEL FORO ITALICO;da specificare;;;;dir. Salaria altezza Tor di Quinto;Tamponamento Multiplo;Rettilineo;Due carreggiate;Asciutto;Asfaltata;Verticale ed orizzontale;Sereno;Intenso;Buona;Ore Diurne;0;0;0;5;12,48277;41,94004;-1;2;Autovettura privata;In marcia / fermata / arresto;Passeggero;M;Illeso;0;;;
4410007;20;04/06/2019 15:25:00;Strada Urbana;VIA DEL FORO ITALICO;da specificare;;;;dir. Salaria altezza Tor di Quinto;Tamponamento Multiplo;Rettilineo;Due carreggiate;Asciutto;Asfaltata;Verticale ed orizzontale;Sereno;Intenso;Buona;Ore Diurne;0;0;0;5;12,48277;41,94004;-1;2;Autovettura privata;In marcia / fermata / arresto;Conducente;M;Illeso;0;;;
4410007;20;04/06/2019 15:25:00;Strada Urbana;VIA DEL FORO ITALICO;da specificare;;;;dir. Salaria altezza Tor di Quinto;Tamponamento Multiplo;Rettilineo;Due carreggiate;Asciutto;Asfaltata;Verticale ed orizzontale;Sereno;Intenso;Buona;Ore Diurne;0;0;0;5;12,48277;41,94004;-1;3;Autovettura privata;In marcia / fermata / arresto;Conducente;F;Illeso;0;;;
4410018;17;04/06/2019 12:55:00;Strada Urbana;VIA GIOVANNI VITELLESCHI;in prossimit�;;del civico n.;45;;Infortunio per sola frenata improvvisa;Rettilineo;Una carreggiata a senso unico di marcia;Asciutto;Asfaltata;Verticale ed orizzontale;Sereno;Normale;Buona;Ore Diurne;1;0;0;1;12,46167;41,90469;-1;1;Autovettura privata;In marcia / fermata / arresto;Conducente;M;Illeso;0;;Non accertato;
4410018;17;04/06/2019 12:55:00;Strada Urbana;VIA GIOVANNI VITELLESCHI;in prossimit�;;del civico n.;45;;Infortunio per sola frenata improvvisa;Rettilineo;Una carreggiata a senso unico di marcia;Asciutto;Asfaltata;Verticale ed orizzontale;Sereno;Normale;Buona;Ore Diurne;1;0;0;1;12,46167;41,90469;-1;2;Motociclo a solo;In marcia / fermata / arresto;Conducente;M;Rimandato;0;NON DECEDUTO;Utilizzato;
4410020;4;04/06/2019 18:15:00;Strada Urbana;VIA ARTURO GRAF;all'intersezione semaforizzata con;VIA UGO OJETTI;VIA UGO OJETTI;;;Scontro laterale fra veicoli in marcia;Intersezione semaforizzata;Due carreggiate;Asciutto;Asfaltata;Verticale ed orizzontale;Sereno;Intenso;Buona;Ore Diurne;0;0;0;3;12,5527;41,94484;-1;1;Autovettura privata;In marcia / fermata / arresto;Passeggero;F;Illeso;0;;Non accertato;
4410020;4;04/06/2019 18:15:00;Strada Urbana;VIA ARTURO GRAF;all'intersezione semaforizzata con;VIA UGO OJETTI;VIA UGO OJETTI;;;Scontro laterale fra veicoli in marcia;Intersezione semaforizzata;Due carreggiate;Asciutto;Asfaltata;Verticale ed orizzontale;Sereno;Intenso;Buona;Ore Diurne;0;0;0;3;12,5527;41,94484;-1;1;Autovettura privata;In marcia / fermata / arresto;Conducente;M;Illeso;0;;Non accertato;Inesploso
4410020;4;04/06/2019 18:15:00;Strada Urbana;VIA ARTURO GRAF;all'intersezione semaforizzata con;VIA UGO OJETTI;VIA UGO OJETTI;;;Scontro laterale fra veicoli in marcia;Intersezione semaforizzata;Due carreggiate;Asciutto;Asfaltata;Verticale ed orizzontale;Sereno;Intenso;Buona;Ore Diurne;0;0;0;3;12,5527;41,94484;-1;2;Autovettura privata;In marcia / fermata / arresto;Conducente;M;Illeso;0;;Non accertato;Inesploso
4410025;13;05/06/2019 06:20:00;Strada Urbana;VIA ERMANNO WOLF FERRARI;all'intersezione con;VIA FRANCESCO CILEA;VIA FRANCESCO CILEA;;;Scontro frontale/laterale DX fra veicoli in marcia;Intersezione stradale segnalata;Una carreggiata a doppio senso;Asciutto;Asfaltata;Verticale ed orizzontale;Sereno;Normale;Buona;Ore Diurne;0;0;0;2;12,37794;41,74817;-1;1;Altro;In marcia / fermata / arresto;Conducente;M;Illeso;0;;Non accertato;Inesploso
4410025;13;05/06/2019 06:20:00;Strada Urbana;VIA ERMANNO WOLF FERRARI;all'intersezione con;VIA FRANCESCO CILEA;VIA FRANCESCO CILEA;;;Scontro frontale/laterale DX fra veicoli in marcia;Intersezione stradale segnalata;Una carreggiata a doppio senso;Asciutto;Asfaltata;Verticale ed orizzontale;Sereno;Normale;Buona;Ore Diurne;0;0;0;2;12,37794;41,74817;-1;2;Autovettura privata;In marcia / fermata / arresto;Conducente;M;Illeso;0;;Non accertato;Esploso
4410026;20;04/06/2019 18:30:00;Strada Urbana;VIA DELLA GIUSTINIANA;all'intersezione con;VIA CONCESIO;VIA CONCESIO;;;Scontro frontale/laterale DX fra veicoli in marcia;Incrocio;Una carreggiata a doppio senso;Asciutto;Asfaltata;Verticale ed orizzontale;Sereno;Intenso;Buona;Ore Diurne;0;0;0;2;12,45459;41,99406;-1;1;Autovettura privata;In marcia / fermata / arresto;Conducente;F;Illeso;0;;Non accertato;
4410026;20;04/06/2019 18:30:00;Strada Urbana;VIA DELLA GIUSTINIANA;all'intersezione con;VIA CONCESIO;VIA CONCESIO;;;Scontro frontale/laterale DX fra veicoli in marcia;Incrocio;Una carreggiata a doppio senso;Asciutto;Asfaltata;Verticale ed orizzontale;Sereno;Intenso;Buona;Ore Diurne;0;0;0;2;12,45459;41,99406;-1;2;Autovettura privata;In marcia / fermata / arresto;Conducente;M;Illeso;0;;Non accertato;
4410029;1;04/06/2019 15:00:00;Strada Urbana;VIALE DELLE TERME DI CARACALLA;da specificare;;;;altezza albero 204;Tamponamento;Rettilineo;Una carreggiata a senso unico di marcia;Asciutto;Asfaltata;Verticale ed orizzontale;Sereno;Normale;Buona;Ore Diurne;2;0;0;0;12,49309;41,88149;-1;1;Autovettura privata;In marcia / fermata / arresto;Conducente;M;Rimandato;0;NON DECEDUTO;Non accertato;Inesploso
4410029;1;04/06/2019 15:00:00;Strada Urbana;VIALE DELLE TERME DI CARACALLA;da specificare;;;;altezza albero 204;Tamponamento;Rettilineo;Una carreggiata a senso unico di marcia;Asciutto;Asfaltata;Verticale ed orizzontale;Sereno;Normale;Buona;Ore Diurne;2;0;0;0;12,49309;41,88149;-1;2;Autovettura privata;In marcia / fermata / arresto;Conducente;M;Rimandato;0;NON DECEDUTO;Non accertato;Inesploso
4410030;4;04/06/2019 07:45:00;Statale entro l'abitato;VIA SALARIA;in corrispondenza;;del civico n.;1389;;Tamponamento;Rettilineo;Una carreggiata a doppio senso;Asciutto;Asfaltata;Verticale ed orizzontale;Sereno;Normale;Buona;Ore Diurne;0;0;0;3;12,51818;42,00369;-1;1;Autocarro inferiore 35 q.;In marcia / fermata / arresto;Conducente;M;Illeso;0;;;
4410030;4;04/06/2019 07:45:00;Statale entro l'abitato;VIA SALARIA;in corrispondenza;;del civico n.;1389;;Tamponamento;Rettilineo;Una carreggiata a doppio senso;Asciutto;Asfaltata;Verticale ed orizzontale;Sereno;Normale;Buona;Ore Diurne;0;0;0;3;12,51818;42,00369;-1;2;Autovettura privata;In marcia / fermata / arresto;Conducente;F;Illeso;0;;;
4410030;4;04/06/2019 07:45:00;Statale entro l'abitato;VIA SALARIA;in corrispondenza;;del civico n.;1389;;Tamponamento;Rettilineo;Una carreggiata a doppio senso;Asciutto;Asfaltata;Verticale ed orizzontale;Sereno;Normale;Buona;Ore Diurne;0;0;0;3;12,51818;42,00369;-1;2;Autovettura privata;In marcia / fermata / arresto;Passeggero;F;Illeso;0;;;
4410033;20;04/06/2019 17:36:00;Strada Urbana;CORSO DI FRANCIA;in corrispondenza;;del civico n.;172;;Veicolo in marcia contro veicolo fermo;Rettilineo;Pi� di due carreggiate;Asciutto;Asfaltata;Verticale ed orizzontale;Sereno;Normale;Buona;Ore Diurne;1;0;0;3;12,46991;41,94368;-1;1;Autovettura privata;In marcia / fermata / arresto;Passeggero;F;Illeso;0;;Non accertato;Inesploso
4410033;20;04/06/2019 17:36:00;Strada Urbana;CORSO DI FRANCIA;in corrispondenza;;del civico n.;172;;Veicolo in marcia contro veicolo fermo;Rettilineo;Pi� di due carreggiate;Asciutto;Asfaltata;Verticale ed orizzontale;Sereno;Normale;Buona;Ore Diurne;1;0;0;3;12,46991;41,94368;-1;1;Autovettura privata;In marcia / fermata / arresto;Conducente;F;Illeso;0;;Non accertato;Inesploso
4410033;20;04/06/2019 17:36:00;Strada Urbana;CORSO DI FRANCIA;in corrispondenza;;del civico n.;172;;Veicolo in marcia contro veicolo fermo;Rettilineo;Pi� di due carreggiate;Asciutto;Asfaltata;Verticale ed orizzontale;Sereno;Normale;Buona;Ore Diurne;1;0;0;3;12,46991;41,94368;-1;2;Autovettura privata;In marcia / fermata / arresto;Passeggero;M;Illeso;0;;Non accertato;Inesploso
4410033;20;04/06/2019 17:36:00;Strada Urbana;CORSO DI FRANCIA;in corrispondenza;;del civico n.;172;;Veicolo in marcia contro veicolo fermo;Rettilineo;Pi� di due carreggiate;Asciutto;Asfaltata;Verticale ed orizzontale;Sereno;Normale;Buona;Ore Diurne;1;0;0;3;12,46991;41,94368;-1;2;Autovettura privata;In marcia / fermata / arresto;Conducente;F;Ricoverato;0;NON DECEDUTO;Non accertato;Inesploso
4410049;4;04/06/2019 12:20:00;Strada Urbana;VIA CAMERATA PICENA;da specificare;;;;fronte civico 51;Veicolo in marcia contro ostacolo accidentale;Curva a visuale libera;Una carreggiata a doppio senso;Asciutto;Asfaltata;Verticale ed orizzontale;Sereno;Normale;Buona;Ore Diurne;0;0;0;2;12,5159;41,98586;-1;1;Motociclo con passeggero;In marcia / fermata / arresto;Conducente;M;Illeso;0;;Non accertato;
4410049;4;04/06/2019 12:20:00;Strada Urbana;VIA CAMERATA PICENA;da specificare;;;;fronte civico 51;Veicolo in marcia contro ostacolo accidentale;Curva a visuale libera;Una carreggiata a doppio senso;Asciutto;Asfaltata;Verticale ed orizzontale;Sereno;Normale;Buona;Ore Diurne;0;0;0;2;12,5159;41,98586;-1;1;Motociclo con passeggero;In marcia / fermata / arresto;Passeggero;F;Illeso;0;;Non accertato;
4410053;5;04/06/2019 10:00:00;Strada Urbana;VIA TIBURTINA;all'intersezione con;VIA CIPRIANO FACCHINETTI;VIA CIPRIANO FACCHINETTI;;;Scontro frontale/laterale DX fra veicoli in marcia;Incrocio;Due carreggiate;Asciutto;Asfaltata;Verticale ed orizzontale;Sereno;Intenso;Buona;Ore Diurne;1;0;0;1;12,54635;41,9091;-1;1;Autovettura privata;In marcia / fermata / arresto;Conducente;M;Illeso;0;;Non accertato;
4410053;5;04/06/2019 10:00:00;Strada Urbana;VIA TIBURTINA;all'intersezione con;VIA CIPRIANO FACCHINETTI;VIA CIPRIANO FACCHINETTI;;;Scontro frontale/laterale DX fra veicoli in marcia;Incrocio;Due carreggiate;Asciutto;Asfaltata;Verticale ed orizzontale;Sereno;Intenso;Buona;Ore Diurne;1;0;0;1;12,54635;41,9091;-1;2;Motociclo a solo;In marcia / fermata / arresto;Conducente;M;Rimandato;0;NON DECEDUTO;;
4410058;16;03/06/2019 08:45:00;Strada Urbana;VIALE DI TRASTEVERE;in prossimit�;;del civico n.;150;;Scontro laterale fra veicoli in marcia;Rettilineo;Pi� di due carreggiate;Asciutto;Asfaltata;Verticale ed orizzontale;Sereno;Normale;Buona;Ore Diurne;0;0;0;2;12,46772;41,88187;-1;1;Autovettura privata;In marcia / fermata / arresto;Conducente;M;Illeso;0;;;
4410058;16;03/06/2019 08:45:00;Strada Urbana;VIALE DI TRASTEVERE;in prossimit�;;del civico n.;150;;Scontro laterale fra veicoli in marcia;Rettilineo;Pi� di due carreggiate;Asciutto;Asfaltata;Verticale ed orizzontale;Sereno;Normale;Buona;Ore Diurne;0;0;0;2;12,46772;41,88187;-1;2;Motociclo a solo;In marcia / fermata / arresto;Conducente;M;Illeso;0;;;
4410067;17;04/06/2019 18:30:00;Strada Urbana;PONTE UMBERTO I;da specificare;;;;altezza 2� palo luce proven. p.zza dei Tribunali ;Scontro laterale fra veicoli in marcia;Rettilineo;Due carreggiate;Asciutto;Asfaltata;Verticale ed orizzontale;Sereno;Normale;Buona;Ore Diurne;0;0;0;2;12,47138;41,90249;-1;1;Autovettura privata;In marcia / fermata / arresto;Conducente;M;Illeso;0;;;
4410067;17;04/06/2019 18:30:00;Strada Urbana;PONTE UMBERTO I;da specificare;;;;altezza 2� palo luce proven. p.zza dei Tribunali ;Scontro laterale fra veicoli in marcia;Rettilineo;Due carreggiate;Asciutto;Asfaltata;Verticale ed orizzontale;Sereno;Normale;Buona;Ore Diurne;0;0;0;2;12,47138;41,90249;-1;2;Autovettura privata;In marcia / fermata / arresto;Conducente;M;Illeso;0;;;
4410076;4;04/06/2019 10:10:00;Strada Urbana;VIA RADICOFANI;in corrispondenza;;del civico n.;211;;Scontro laterale fra veicoli in marcia;Rettilineo;Una carreggiata a doppio senso;Asciutto;Asfaltata;Verticale;Sereno;Normale;Buona;Ore Diurne;0;0;0;2;12,51528;41,97302;-1;1;Autovettura privata;In marcia / fermata / arresto;Conducente;M;Illeso;0;;;
4410076;4;04/06/2019 10:10:00;Strada Urbana;VIA RADICOFANI;in corrispondenza;;del civico n.;211;;Scontro laterale fra veicoli in marcia;Rettilineo;Una carreggiata a doppio senso;Asciutto;Asfaltata;Verticale;Sereno;Normale;Buona;Ore Diurne;0;0;0;2;12,51528;41,97302;-1;2;Autocarro inferiore 35 q.;In marcia / fermata / arresto;Conducente;M;Illeso;0;;;
4410084;4;04/06/2019 08:15:00;Strada Urbana;VIA DELLE ISOLE CURZOLANE;da specificare;;;;altezza piazza degli EUGANEI;Scontro frontale/laterale SX fra veicoli in marcia;Rettilineo;Due carreggiate;Asciutto;Asfaltata;Verticale ed orizzontale;Sereno;Normale;Buona;Ore Diurne;0;0;0;2;12,53164;41,94888;-1;1;Autocarro inferiore 35 q.;In marcia / fermata / arresto;Conducente;M;Illeso;0;;Non accertato;
4410084;4;04/06/2019 08:15:00;Strada Urbana;VIA DELLE ISOLE CURZOLANE;da specificare;;;;altezza piazza degli EUGANEI;Scontro frontale/laterale SX fra veicoli in marcia;Rettilineo;Due carreggiate;Asciutto;Asfaltata;Verticale ed orizzontale;Sereno;Normale;Buona;Ore Diurne;0;0;0;2;12,53164;41,94888;-1;2;Autovettura privata;In marcia / fermata / arresto;Conducente;M;Illeso;0;;Non accertato;Inesploso
4410088;18;04/06/2019 17:40:00;Strada Urbana;VIA GREGORIO VII;da specificare;;;;FRONTE CIVICO 460;Scontro frontale/laterale SX fra veicoli in marcia;Rettilineo;Pi� di due carreggiate;Asciutto;Asfaltata;Verticale ed orizzontale;Sereno;Scarso;Buona;Ore Diurne;0;0;0;2;12,44012;41,89588;-1;1;Autovettura privata;In marcia / fermata / arresto;Conducente;M;Illeso;0;;Non accertato;Inesploso
4410088;18;04/06/2019 17:40:00;Strada Urbana;VIA GREGORIO VII;da specificare;;;;FRONTE CIVICO 460;Scontro frontale/laterale SX fra veicoli in marcia;Rettilineo;Pi� di due carreggiate;Asciutto;Asfaltata;Verticale ed orizzontale;Sereno;Scarso;Buona;Ore Diurne;0;0;0;2;12,44012;41,89588;-1;2;Autobus turistico;In marcia / fermata / arresto;Conducente;M;Illeso;0;;Non accertato;Inesploso
4410096;5;04/06/2019 19:45:00;Strada Urbana;VIA CARUNCHIO;all'intersezione con;VIA DOGLIOLA;VIA DOGLIOLA;;;Scontro frontale/laterale DX fra veicoli in marcia;Incrocio;Una carreggiata a doppio senso;Asciutto;Asfaltata;Assente;Sereno;Scarso;Insufficiente;Inesistente;0;0;0;3;12,64861;41,93957;-1;1;Autovettura privata;In marcia / fermata / arresto;Passeggero;F;Illeso;0;;Non accertato;Inesploso
4410096;5;04/06/2019 19:45:00;Strada Urbana;VIA CARUNCHIO;all'intersezione con;VIA DOGLIOLA;VIA DOGLIOLA;;;Scontro frontale/laterale DX fra veicoli in marcia;Incrocio;Una carreggiata a doppio senso;Asciutto;Asfaltata;Assente;Sereno;Scarso;Insufficiente;Inesistente;0;0;0;3;12,64861;41,93957;-1;1;Autovettura privata;In marcia / fermata / arresto;Conducente;F;Illeso;0;;Non accertato;Inesploso
4410096;5;04/06/2019 19:45:00;Strada Urbana;VIA CARUNCHIO;all'intersezione con;VIA DOGLIOLA;VIA DOGLIOLA;;;Scontro frontale/laterale DX fra veicoli in marcia;Incrocio;Una carreggiata a doppio senso;Asciutto;Asfaltata;Assente;Sereno;Scarso;Insufficiente;Inesistente;0;0;0;3;12,64861;41,93957;-1;2;Autovettura privata;In marcia / fermata / arresto;Conducente;M;Illeso;0;;Non accertato;Inesploso
4410097;16;03/06/2019 19:50:00;Strada Urbana;VIA DEL CASALE DI S. PIO V;all'intersezione con;VIA CARDINAL PACCA;VIA CARDINAL PACCA;;;Scontro frontale/laterale SX fra veicoli in marcia;Incrocio;Una carreggiata a doppio senso;Asciutto;Asfaltata;Verticale ed orizzontale;Sereno;Scarso;Sufficiente;Sufficiente;0;0;0;2;12,43221;41,89241;-1;1;Autovettura privata;In marcia / fermata / arresto;Conducente;F;Illeso;0;;Non accertato;Inesploso
4410097;16;03/06/2019 19:50:00;Strada Urbana;VIA DEL CASALE DI S. PIO V;all'intersezione con;VIA CARDINAL PACCA;VIA CARDINAL PACCA;;;Scontro frontale/laterale SX fra veicoli in marcia;Incrocio;Una carreggiata a doppio senso;Asciutto;Asfaltata;Verticale ed orizzontale;Sereno;Scarso;Sufficiente;Sufficiente;0;0;0;2;12,43221;41,89241;-1;2;Motociclo a solo;In marcia / fermata / arresto;Conducente;M;Illeso;0;;Non accertato;
4410105;2;04/06/2019 14:10:00;Strada Urbana;CORSO TRIESTE;in prossimit�;;del civico n.;195;;Scontro laterale fra veicoli in marcia;Rettilineo;Una carreggiata a senso unico di marcia;Asciutto;Asfaltata;Verticale ed orizzontale;Sereno;Normale;Buona;Ore Diurne;0;0;0;3;12,5153;41,92409;-1;1;Motociclo con passeggero;In marcia / fermata / arresto;Conducente;M;Illeso;0;;Non accertato;
4410105;2;04/06/2019 14:10:00;Strada Urbana;CORSO TRIESTE;in prossimit�;;del civico n.;195;;Scontro laterale fra veicoli in marcia;Rettilineo;Una carreggiata a senso unico di marcia;Asciutto;Asfaltata;Verticale ed orizzontale;Sereno;Normale;Buona;Ore Diurne;0;0;0;3;12,5153;41,92409;-1;1;Motociclo con passeggero;In marcia / fermata / arresto;Passeggero;M;Illeso;0;;Non accertato;
4410105;2;04/06/2019 14:10:00;Strada Urbana;CORSO TRIESTE;in prossimit�;;del civico n.;195;;Scontro laterale fra veicoli in marcia;Rettilineo;Una carreggiata a senso unico di marcia;Asciutto;Asfaltata;Verticale ed orizzontale;Sereno;Normale;Buona;Ore Diurne;0;0;0;3;12,5153;41,92409;-1;2;Autovettura privata;In marcia / fermata / arresto;Conducente;F;Illeso;0;;Non accertato;Inesploso
4410110;2;04/06/2019 10:30:00;Strada Urbana;VIALE REGINA MARGHERITA;in corrispondenza;;del civico n.;20;;Veicolo in marcia contro veicoli in sosta;Rettilineo;Una carreggiata a doppio senso;Asciutto;Asfaltata;Verticale ed orizzontale;Sereno;Normale;Buona;Ore Diurne;0;0;0;1;12,49887;41,91899;-1;1;Autovettura privata;Sosta;;;;;;;
4410110;2;04/06/2019 10:30:00;Strada Urbana;VIALE REGINA MARGHERITA;in corrispondenza;;del civico n.;20;;Veicolo in marcia contro veicoli in sosta;Rettilineo;Una carreggiata a doppio senso;Asciutto;Asfaltata;Verticale ed orizzontale;Sereno;Normale;Buona;Ore Diurne;0;0;0;1;12,49887;41,91899;-1;2;Motociclo a solo;Sosta;;;;;;;
4410110;2;04/06/2019 10:30:00;Strada Urbana;VIALE REGINA MARGHERITA;in corrispondenza;;del civico n.;20;;Veicolo in marcia contro veicoli in sosta;Rettilineo;Una carreggiata a doppio senso;Asciutto;Asfaltata;Verticale ed orizzontale;Sereno;Normale;Buona;Ore Diurne;0;0;0;1;12,49887;41,91899;-1;3;Autovettura privata;In marcia / fermata / arresto;Conducente;F;Illeso;0;;Non accertato;Inesploso
4410110;2;04/06/2019 10:30:00;Strada Urbana;VIALE REGINA MARGHERITA;in corrispondenza;;del civico n.;20;;Veicolo in marcia contro veicoli in sosta;Rettilineo;Una carreggiata a doppio senso;Asciutto;Asfaltata;Verticale ed orizzontale;Sereno;Normale;Buona;Ore Diurne;0;0;0;1;12,49887;41,91899;-1;4;Motociclo a solo;Sosta;;;;;;;