Protocollo;Gruppo;DataOraIncidente;Localizzazione1;STRADA1;Localizzazione2;STRADA2;Strada02;Chilometrica;DaSpecificare;NaturaIncidente;particolaritastrade;TipoStrada;FondoStradale;Pavimentazione;Segnaletica;CondizioneAtmosferica;Traffico;Visibilita;Illuminazione;NUM_FERITI;NUM_RISERVATA;NUM_MORTI;NUM_ILLESI;Longitudine;Latitudine;Confermato;Progressivo;TipoVeicolo;StatoVeicolo;TipoPersona;Sesso;Tipolesione;Deceduto;DecedutoDopo;CinturaCascoUtilizzato;Airbag;
4410308;11;05/06/2019 08:37:00;Strada Urbana;VIA LAURENTINA;all'intersezione con;VIALE DELLA MUSICA;VIALE DELLA MUSICA;;;Scontro laterale fra veicoli in marcia;Intersezione non regolata/non segnalata;Due carreggiate;Asciutto;Asfaltata;Verticale ed orizzontale;Sereno;Normale;Buona;Ore Diurne;1;0;0;2;12,48075;41,83247;-1;1;Autovettura privata;In marcia / fermata / arresto;Conducente;F;Illeso;0;;Non accertato;Inesploso
4410308;11;05/06/2019 08:37:00;Strada Urbana;VIA LAURENTINA;all'intersezione con;VIALE DELLA MUSICA;VIALE DELLA MUSICA;;;Scontro laterale fra veicoli in marcia;Intersezione non regolata/non segnalata;Due carreggiate;Asciutto;Asfaltata;Verticale ed orizzontale;Sereno;Normale;Buona;Ore Diurne;1;0;0;2;12,48075;41,83247;-1;1;Autovettura privata;In marcia / fermata / arresto;Passeggero;M;Illeso;0;;Non accertato;Inesploso
4410308;11;05/06/2019 08:37:00;Strada Urbana;VIA LAURENTINA;all'intersezione con;VIALE DELLA MUSICA;VIALE DELLA MUSICA;;;Scontro laterale fra veicoli in marcia;Intersezione non regolata/non segnalata;Due carreggiate;Asciutto;Asfaltata;Verticale ed orizzontale;Sereno;Normale;Buona;Ore Diurne;1;0;0;2;12,48075;41,83247;-1;2;Motociclo a solo;In marcia / fermata / arresto;Conducente;M;Rimandato;0;NON DECEDUTO;Non accertato;
4410328;4;04/06/2019 11:50:00;Strada Urbana;VIA GASPARE PACCHIAROTTI;in corrispondenza;;del civico n.;11;;Tamponamento;Rettilineo;Una carreggiata a doppio senso;Asciutto;Asfaltata;Verticale ed orizzontale;Sereno;Normale;Buona;Ore Diurne;0;0;0;2;12,51403;41,96353;-1;1;Autovettura privata;In marcia / fermata / arresto;Conducente;M;Illeso;0;;Non accertato;Inesploso
4410328;4;04/06/2019 11:50:00;Strada Urbana;VIA GASPARE PACCHIAROTTI;in corrispondenza;;del civico n.;11;;Tamponamento;Rettilineo;Una carreggiata a doppio senso;Asciutto;Asfaltata;Verticale ed orizzontale;Sereno;Normale;Buona;Ore Diurne;0;0;0;2;12,51403;41,96353;-1;2;Autovettura privata;In marcia / fermata / arresto;Conducente;M;Illeso;0;;Non accertato;Inesploso
4410335;7;04/06/2019 07:25:00;Strada Urbana;VIA DEGLI ACERI;all'intersezione con;VIA DELLE AZALEE;VIA DELLE AZALEE;;;Scontro laterale fra veicoli in marcia;Incrocio;Una carreggiata a senso unico di marcia;Asciutto;Asfaltata;Verticale ed orizzontale;Sereno;Normale;Sufficiente;Ore Diurne;0;0;0;4;12,56752;41,87817;-1;1;Autovettura privata;In marcia / fermata / arresto;Conducente;M;Illeso;0;;;
4410335;7;04/06/2019 07:25:00;Strada Urbana;VIA DEGLI ACERI;all'intersezione con;VIA DELLE AZALEE;VIA DELLE AZALEE;;;Scontro laterale fra veicoli in marcia;Incrocio;Una carreggiata a senso unico di marcia;Asciutto;Asfaltata;Verticale ed orizzontale;Sereno;Normale;Sufficiente;Ore Diurne;0;0;0;4;12,56752;41,87817;-1;1;Autovettura privata;In marcia / fermata / arresto;Passeggero;M;Illeso;0;;;
4410335;7;04/06/2019 07:25:00;Strada Urbana;VIA DEGLI ACERI;all'intersezione con;VIA DELLE AZALEE;VIA DELLE AZALEE;;;Scontro laterale fra veicoli in marcia;Incrocio;Una carreggiata a senso unico di marcia;Asciutto;Asfaltata;Verticale ed orizzontale;Sereno;Normale;Sufficiente;Ore Diurne;0;0;0;4;12,56752;41,87817;-1;1;Autovettura privata;In marcia / fermata / arresto;Passeggero;M;Illeso;0;;;
4410335;7;04/06/2019 07:25:00;Strada Urbana;VIA DEGLI ACERI;all'intersezione con;VIA DELLE AZALEE;VIA DELLE AZALEE;;;Scontro laterale fra veicoli in marcia;Incrocio;Una carreggiata a senso unico di marcia;Asciutto;Asfaltata;Verticale ed orizzontale;Sereno;Normale;Sufficiente;Ore Diurne;0;0;0;4;12,56752;41,87817;-1;2;Autovettura privata;In marcia / fermata / arresto;Conducente;M;Illeso;0;;;
4410343;4;05/06/2019 00:40:00;Strada Urbana;VIA DEI PRATI FISCALI;in corrispondenza;;del civico n.;233;;Tamponamento;Rettilineo;Due carreggiate;Asciutto;Asfaltata;Verticale ed orizzontale;Sereno;Scarso;Buona;Sufficiente;1;0;0;1;12,51745;41,94612;-1;1;Motociclo a solo;In marcia / fermata / arresto;Conducente;F;Rimandato;0;NON DECEDUTO;Non accertato;
4410343;4;05/06/2019 00:40:00;Strada Urbana;VIA DEI PRATI FISCALI;in corrispondenza;;del civico n.;233;;Tamponamento;Rettilineo;Due carreggiate;Asciutto;Asfaltata;Verticale ed orizzontale;Sereno;Scarso;Buona;Sufficiente;1;0;0;1;12,51745;41,94612;-1;2;Autovettura privata;In marcia / fermata / arresto;Conducente;M;Illeso;0;;;
4410385;2;04/06/2019 08:40:00;Strada Urbana;VIA APPENNINI;all'intersezione con;VIA CAREZZA;VIA CAREZZA;;;Scontro frontale/laterale DX fra veicoli in marcia;Intersezione non regolata/non segnalata;Una carreggiata a senso unico di marcia;Asciutto;Asfaltata;Verticale ed orizzontale;Sereno;Normale;Buona;Ore Diurne;0;0;0;2;12,5089;41,91779;-1;1;Autovettura privata;In marcia / fermata / arresto;Conducente;M;Illeso;0;;;
4410385;2;04/06/2019 08:40:00;Strada Urbana;VIA APPENNINI;all'intersezione con;VIA CAREZZA;VIA CAREZZA;;;Scontro frontale/laterale DX fra veicoli in marcia;Intersezione non regolata/non segnalata;Una carreggiata a senso unico di marcia;Asciutto;Asfaltata;Verticale ed orizzontale;Sereno;Normale;Buona;Ore Diurne;0;0;0;2;12,5089;41,91779;-1;2;Autovettura privata;In marcia / fermata / arresto;Conducente;M;Illeso;0;;;
4410421;3;05/06/2019 00:30:00;Strada Urbana;VIALE DELLO SCALO S. LORENZO;in prossimit�;;del civico n.;32;;Veicolo in marcia contro veicoli in sosta;Rettilineo;Una carreggiata a senso unico di marcia;Asciutto;Asfaltata;Verticale ed orizzontale;Sereno;Scarso;Buona;Sufficiente;0;0;0;1;12,51781;41,8949;-1;1;Autovettura privata;In marcia / fermata / arresto;Conducente;M;Illeso;0;;;
4410421;3;05/06/2019 00:30:00;Strada Urbana;VIALE DELLO SCALO S. LORENZO;in prossimit�;;del civico n.;32;;Veicolo in marcia contro veicoli in sosta;Rettilineo;Una carreggiata a senso unico di marcia;Asciutto;Asfaltata;Verticale ed orizzontale;Sereno;Scarso;Buona;Sufficiente;0;0;0;1;12,51781;41,8949;-1;2;Autovettura privata;Sosta;;;;;;;
4410421;3;05/06/2019 00:30:00;Strada Urbana;VIALE DELLO SCALO S. LORENZO;in prossimit�;;del civico n.;32;;Veicolo in marcia contro veicoli in sosta;Rettilineo;Una carreggiata a senso unico di marcia;Asciutto;Asfaltata;Verticale ed orizzontale;Sereno;Scarso;Buona;Sufficiente;0;0;0;1;12,51781;41,8949;-1;3;Autovettura privata;Sosta;;;;;;;
4410421;3;05/06/2019 00:30:00;Strada Urbana;VIALE DELLO SCALO S. LORENZO;in prossimit�;;del civico n.;32;;Veicolo in marcia contro veicoli in sosta;Rettilineo;Una carreggiata a senso unico di marcia;Asciutto;Asfaltata;Verticale ed orizzontale;Sereno;Scarso;Buona;Sufficiente;0;0;0;1;12,51781;41,8949;-1;4;Autovettura privata;Sosta;;;;;;;
4410421;3;05/06/2019 00:30:00;Strada Urbana;VIALE DELLO SCALO S. LORENZO;in prossimit�;;del civico n.;32;;Veicolo in marcia contro veicoli in sosta;Rettilineo;Una carreggiata a senso unico di marcia;Asciutto;Asfaltata;Verticale ed orizzontale;Sereno;Scarso;Buona;Sufficiente;0;0;0;1;12,51781;41,8949;-1;5;Autovettura privata;Sosta;;;;;;;
4410448;7;04/06/2019 08:10:00;Strada Urbana;VIA TOR DE' SCHIAVI;all'intersezione con;VIA DEI GLICINI;VIA DEI GLICINI;;;Scontro laterale fra veicoli in marcia;Incrocio;Una carreggiata a doppio senso;Asciutto;Asfaltata;Verticale ed orizzontale;Sereno;Normale;Buona;Ore Diurne;1;0;0;1;12,56278;41,88494;-1;1;Autovettura privata;In marcia / fermata / arresto;Conducente;M;Illeso;0;;Non accertato;Inesploso
4410448;7;04/06/2019 08:10:00;Strada Urbana;VIA TOR DE' SCHIAVI;all'intersezione con;VIA DEI GLICINI;VIA DEI GLICINI;;;Scontro laterale fra veicoli in marcia;Incrocio;Una carreggiata a doppio senso;Asciutto;Asfaltata;Verticale ed orizzontale;Sereno;Normale;Buona;Ore Diurne;1;0;0;1;12,56278;41,88494;-1;2;Motociclo a solo;In marcia / fermata / arresto;Conducente;M;Rimandato;0;NON DECEDUTO;Non accertato;
4410448;7;04/06/2019 08:10:00;Strada Urbana;VIA TOR DE' SCHIAVI;all'intersezione con;VIA DEI GLICINI;VIA DEI GLICINI;;;Scontro laterale fra veicoli in marcia;Incrocio;Una carreggiata a doppio senso;Asciutto;Asfaltata;Verticale ed orizzontale;Sereno;Normale;Buona;Ore Diurne;1;0;0;1;12,56278;41,88494;-1;3;Autovettura privata;Sosta;;;;;;;
4410450;4;04/06/2019 23:40:00;Strada Urbana;CORSO TRIESTE;in prossimit�;;del civico n.;33;;Veicolo in marcia contro veicoli in sosta;Rettilineo;Due carreggiate;Asciutto;Asfaltata;Verticale ed orizzontale;Sereno;Normale;Buona;Sufficiente;0;0;0;3;12,50623;41,91604;-1;1;Autovettura privata;In marcia / fermata / arresto;Passeggero;F;Illeso;0;;Non accertato;Inesploso
4410450;4;04/06/2019 23:40:00;Strada Urbana;CORSO TRIESTE;in prossimit�;;del civico n.;33;;Veicolo in marcia contro veicoli in sosta;Rettilineo;Due carreggiate;Asciutto;Asfaltata;Verticale ed orizzontale;Sereno;Normale;Buona;Sufficiente;0;0;0;3;12,50623;41,91604;-1;1;Autovettura privata;In marcia / fermata / arresto;Conducente;M;Illeso;0;;Non accertato;Inesploso
4410450;4;04/06/2019 23:40:00;Strada Urbana;CORSO TRIESTE;in prossimit�;;del civico n.;33;;Veicolo in marcia contro veicoli in sosta;Rettilineo;Due carreggiate;Asciutto;Asfaltata;Verticale ed orizzontale;Sereno;Normale;Buona;Sufficiente;0;0;0;3;12,50623;41,91604;-1;1;Autovettura privata;In marcia / fermata / arresto;Passeggero;M;Illeso;0;;Non accertato;Inesploso
4410450;4;04/06/2019 23:40:00;Strada Urbana;CORSO TRIESTE;in prossimit�;;del civico n.;33;;Veicolo in marcia contro veicoli in sosta;Rettilineo;Due carreggiate;Asciutto;Asfaltata;Verticale ed orizzontale;Sereno;Normale;Buona;Sufficiente;0;0;0;3;12,50623;41,91604;-1;2;Autovettura privata;Sosta;;;;;;;
4410450;4;04/06/2019 23:40:00;Strada Urbana;CORSO TRIESTE;in prossimit�;;del civico n.;33;;Veicolo in marcia contro veicoli in sosta;Rettilineo;Due carreggiate;Asciutto;Asfaltata;Verticale ed orizzontale;Sereno;Normale;Buona;Sufficiente;0;0;0;3;12,50623;41,91604;-1;3;Autovettura privata;Sosta;;;;;;;
4410450;4;04/06/2019 23:40:00;Strada Urbana;CORSO TRIESTE;in prossimit�;;del civico n.;33;;Veicolo in marcia contro veicoli in sosta;Rettilineo;Due carreggiate;Asciutto;Asfaltata;Verticale ed orizzontale;Sereno;Normale;Buona;Sufficiente;0;0;0;3;12,50623;41,91604;-1;4;Autovettura privata;Sosta;;;;;;;
4410458;13;04/06/2019 17:40:00;Strada Urbana;VIA DI TOR BOACCIANA;all'intersezione con;VIA GUIDO CALZA;VIA GUIDO CALZA;;;Tamponamento Multiplo;Incrocio;Una carreggiata a senso unico di marcia;Asciutto;Asfaltata;Verticale ed orizzontale;Sereno;Intenso;Buona;Ore Diurne;0;0;0;3;12,28078;41,75091;-1;1;Autovettura privata;In marcia / fermata / arresto;Conducente;M;Illeso;0;;Non accertato;Inesploso
4410458;13;04/06/2019 17:40:00;Strada Urbana;VIA DI TOR BOACCIANA;all'intersezione con;VIA GUIDO CALZA;VIA GUIDO CALZA;;;Tamponamento Multiplo;Incrocio;Una carreggiata a senso unico di marcia;Asciutto;Asfaltata;Verticale ed orizzontale;Sereno;Intenso;Buona;Ore Diurne;0;0;0;3;12,28078;41,75091;-1;2;Autovettura privata;In marcia / fermata / arresto;Conducente;M;Illeso;0;;Non accertato;Inesploso
4410458;13;04/06/2019 17:40:00;Strada Urbana;VIA DI TOR BOACCIANA;all'intersezione con;VIA GUIDO CALZA;VIA GUIDO CALZA;;;Tamponamento Multiplo;Incrocio;Una carreggiata a senso unico di marcia;Asciutto;Asfaltata;Verticale ed orizzontale;Sereno;Intenso;Buona;Ore Diurne;0;0;0;3;12,28078;41,75091;-1;3;Autovettura privata;In marcia / fermata / arresto;Conducente;F;Illeso;0;;Non accertato;Inesploso
4410467;12;04/06/2019 11:30:00;Strada Urbana;VIA ARNOLDO MONDADORI;in prossimit�;;del civico n.;4/6;;Veicolo in marcia contro ostacolo accidentale;Rettilineo;Una carreggiata a doppio senso;Asciutto;Asfaltata;Assente;Sereno;Scarso;Buona;Ore Diurne;0;0;0;1;12,47698;41,77055;-1;1;Autovettura privata;In marcia / fermata / arresto;Conducente;M;Illeso;0;;Non accertato;Inesploso
4410490;17;05/06/2019 09:30:00;Strada Urbana;VIA DEGLI SPECCHI;all'intersezione con;PIAZZA BENEDETTO CAIROLI;PIAZZA BENEDETTO CAIROLI;;;Scontro frontale/laterale SX fra veicoli in marcia;Incrocio;Una carreggiata a senso unico di marcia;Asciutto;In cubetti di porfido;Verticale;Sereno;Normale;Buona;Ore Diurne;0;0;0;3;12,47439;41,89366;-1;1;Autovettura privata;In marcia / fermata / arresto;Conducente;M;Illeso;0;;Non accertato;Inesploso
4410490;17;05/06/2019 09:30:00;Strada Urbana;VIA DEGLI SPECCHI;all'intersezione con;PIAZZA BENEDETTO CAIROLI;PIAZZA BENEDETTO CAIROLI;;;Scontro frontale/laterale SX fra veicoli in marcia;Incrocio;Una carreggiata a senso unico di marcia;Asciutto;In cubetti di porfido;Verticale;Sereno;Normale;Buona;Ore Diurne;0;0;0;3;12,47439;41,89366;-1;2;Autovettura di polizia;In marcia / fermata / arresto;Conducente;M;Illeso;0;;;Inesploso
4410490;17;05/06/2019 09:30:00;Strada Urbana;VIA DEGLI SPECCHI;all'intersezione con;PIAZZA BENEDETTO CAIROLI;PIAZZA BENEDETTO CAIROLI;;;Scontro frontale/laterale SX fra veicoli in marcia;Incrocio;Una carreggiata a senso unico di marcia;Asciutto;In cubetti di porfido;Verticale;Sereno;Normale;Buona;Ore Diurne;0;0;0;3;12,47439;41,89366;-1;2;Autovettura di polizia;In marcia / fermata / arresto;Passeggero;F;Illeso;0;;;Inesploso
4410491;23;04/06/2019 15:15:00;Strada Urbana;VIA DEI DECII;all'intersezione con;VIA DI S. PRISCA;VIA DI S. PRISCA;;;Scontro laterale fra veicoli in marcia;Intersezione stradale segnalata;Una carreggiata a senso unico di marcia;Asciutto;Asfaltata;Verticale ed orizzontale;Sereno;Normale;Buona;Ore Diurne;0;0;0;2;12,48397;41,88185;-1;1;Autovettura privata;In marcia / fermata / arresto;Conducente;F;Illeso;0;;Utilizzato;Inesploso
4410491;23;04/06/2019 15:15:00;Strada Urbana;VIA DEI DECII;all'intersezione con;VIA DI S. PRISCA;VIA DI S. PRISCA;;;Scontro laterale fra veicoli in marcia;Intersezione stradale segnalata;Una carreggiata a senso unico di marcia;Asciutto;Asfaltata;Verticale ed orizzontale;Sereno;Normale;Buona;Ore Diurne;0;0;0;2;12,48397;41,88185;-1;2;Autovettura privata;In marcia / fermata / arresto;Conducente;F;Illeso;0;;Utilizzato;Inesploso
4410636;11;05/06/2019 11:50:00;Strada Urbana;VIA LAURENTINA;all'intersezione semaforizzata con;VIA DEL SERAFICO;VIA DEL SERAFICO;;;Scontro laterale fra veicoli in marcia;Intersezione semaforizzata;Due carreggiate;Asciutto;Asfaltata;Verticale ed orizzontale;Sereno;Normale;Buona;Ore Diurne;0;0;0;3;12,48524;41,8101;-1;1;Autocarro inferiore 35 q.;In marcia / fermata / arresto;Conducente;M;Illeso;0;;Non accertato;Inesploso
4410636;11;05/06/2019 11:50:00;Strada Urbana;VIA LAURENTINA;all'intersezione semaforizzata con;VIA DEL SERAFICO;VIA DEL SERAFICO;;;Scontro laterale fra veicoli in marcia;Intersezione semaforizzata;Due carreggiate;Asciutto;Asfaltata;Verticale ed orizzontale;Sereno;Normale;Buona;Ore Diurne;0;0;0;3;12,48524;41,8101;-1;2;Autovettura privata;In marcia / fermata / arresto;Conducente;M;Illeso;0;;Non accertato;Inesploso
4410636;11;05/06/2019 11:50:00;Strada Urbana;VIA LAURENTINA;all'intersezione semaforizzata con;VIA DEL SERAFICO;VIA DEL SERAFICO;;;Scontro laterale fra veicoli in marcia;Intersezione semaforizzata;Due carreggiate;Asciutto;Asfaltata;Verticale ed orizzontale;Sereno;Normale;Buona;Ore Diurne;0;0;0;3;12,48524;41,8101;-1;2;Autovettura privata;In marcia / fermata / arresto;Passeggero;F;Illeso;0;;Non accertato;Inesploso
4410667;6;05/06/2019 09:00:00;Strada Urbana;VIA AQUILONIA;in corrispondenza;;del civico n.;45;;Scontro frontale/laterale DX fra veicoli in marcia;Rettilineo;Una carreggiata a doppio senso;Asciutto;Asfaltata;Verticale ed orizzontale;Sereno;Normale;Buona;Ore Diurne;0;0;0;2;12,54992;41,89137;-1;1;Autovettura privata;In marcia / fermata / arresto;Conducente;M;Illeso;0;;;
4410667;6;05/06/2019 09:00:00;Strada Urbana;VIA AQUILONIA;in corrispondenza;;del civico n.;45;;Scontro frontale/laterale DX fra veicoli in marcia;Rettilineo;Una carreggiata a doppio senso;Asciutto;Asfaltata;Verticale ed orizzontale;Sereno;Normale;Buona;Ore Diurne;0;0;0;2;12,54992;41,89137;-1;2;Autovettura privata;In marcia / fermata / arresto;Conducente;M;Illeso;0;;;
4410692;6;13/06/2019 20:18:00;Strada Urbana;VIA CASILINA;in corrispondenza;;del civico n.;392;;Veicolo in marcia contro veicolo in sosta;Rettilineo;Pi� di due carreggiate;Asciutto;Asfaltata;Verticale ed orizzontale;Sereno;Normale;Buona;Sufficiente;0;0;0;2;12,54179;41,88017;-1;1;Autovettura privata;In marcia / fermata / arresto;Conducente;F;Illeso;0;;Non accertato;Inesploso
4410692;6;13/06/2019 20:18:00;Strada Urbana;VIA CASILINA;in corrispondenza;;del civico n.;392;;Veicolo in marcia contro veicolo in sosta;Rettilineo;Pi� di due carreggiate;Asciutto;Asfaltata;Verticale ed orizzontale;Sereno;Normale;Buona;Sufficiente;0;0;0;2;12,54179;41,88017;-1;2;Autovettura privata;Sosta;Passeggero;M;Illeso;0;;Non accertato;Inesploso
4410763;18;05/06/2019 12:50:00;Strada Urbana;VIALE DI VALLE AURELIA;da specificare;;;;fronte civico 77;Scontro laterale fra veicoli in marcia;Rettilineo;Due carreggiate;Asciutto;Asfaltata;Verticale ed orizzontale;Sereno;Normale;Buona;Ore Diurne;1;0;0;1;12,43751;41,90265;-1;1;Motociclo a solo;In marcia / fermata / arresto;Conducente;M;Rimandato;0;NON DECEDUTO;Non accertato;
4410763;18;05/06/2019 12:50:00;Strada Urbana;VIALE DI VALLE AURELIA;da specificare;;;;fronte civico 77;Scontro laterale fra veicoli in marcia;Rettilineo;Due carreggiate;Asciutto;Asfaltata;Verticale ed orizzontale;Sereno;Normale;Buona;Ore Diurne;1;0;0;1;12,43751;41,90265;-1;2;Autovettura privata;In marcia / fermata / arresto;Conducente;M;Illeso;0;;Non accertato;Inesploso
4410771;12;05/06/2019 10:40:00;Provinciale;VIA LAURENTINA;in prossimit�;;della chilometrica;10.2;;Tamponamento Multiplo;Pendenza;Due carreggiate;Asciutto;Asfaltata;Verticale ed orizzontale;Sereno;Intenso;Buona;Ore Diurne;1;0;0;3;12,48127;41,79097;-1;1;Autovettura privata;In marcia / fermata / arresto;Conducente;M;Illeso;0;;Non accertato;Inesploso
4410771;12;05/06/2019 10:40:00;Provinciale;VIA LAURENTINA;in prossimit�;;della chilometrica;10.2;;Tamponamento Multiplo;Pendenza;Due carreggiate;Asciutto;Asfaltata;Verticale ed orizzontale;Sereno;Intenso;Buona;Ore Diurne;1;0;0;3;12,48127;41,79097;-1;2;Autovettura privata;In marcia / fermata / arresto;Conducente;M;Rimandato;0;NON DECEDUTO;Non accertato;Inesploso
4410771;12;05/06/2019 10:40:00;Provinciale;VIA LAURENTINA;in prossimit�;;della chilometrica;10.2;;Tamponamento Multiplo;Pendenza;Due carreggiate;Asciutto;Asfaltata;Verticale ed orizzontale;Sereno;Intenso;Buona;Ore Diurne;1;0;0;3;12,48127;41,79097;-1;3;Autocarro inferiore 35 q.;In marcia / fermata / arresto;Conducente;M;Illeso;0;;;
4410771;12;05/06/2019 10:40:00;Provinciale;VIA LAURENTINA;in prossimit�;;della chilometrica;10.2;;Tamponamento Multiplo;Pendenza;Due carreggiate;Asciutto;Asfaltata;Verticale ed orizzontale;Sereno;Intenso;Buona;Ore Diurne;1;0;0;3;12,48127;41,79097;-1;4;Autovettura privata;In marcia / fermata / arresto;Conducente;M;Illeso;0;;;
4410780;12;05/06/2019 08:50:00;Strada Urbana;VIA BRUNO DE FINETTI;in prossimit�;;del civico n.;203;;Scontro laterale fra veicoli in marcia;Rettilineo;Una carreggiata a senso unico di marcia;Asciutto;Asfaltata;Verticale ed orizzontale;Sereno;Normale;Buona;Ore Diurne;0;0;0;2;12,48578;41,79255;-1;1;Autovettura privata;In marcia / fermata / arresto;Conducente;M;Illeso;0;;Non accertato;Inesploso
4410780;12;05/06/2019 08:50:00;Strada Urbana;VIA BRUNO DE FINETTI;in prossimit�;;del civico n.;203;;Scontro laterale fra veicoli in marcia;Rettilineo;Una carreggiata a senso unico di marcia;Asciutto;Asfaltata;Verticale ed orizzontale;Sereno;Normale;Buona;Ore Diurne;0;0;0;2;12,48578;41,79255;-1;2;Ciclomotore;In marcia / fermata / arresto;Conducente;M;Illeso;0;;;
4410784;12;05/06/2019 08:35:00;Strada Urbana;VIALE LUIGI GUGLIELMI;in prossimit�;;del palo luce n.;18;;Tamponamento;Pendenza;Due carreggiate;Asciutto;Asfaltata;Verticale ed orizzontale;Sereno;Intenso;Buona;Ore Diurne;0;0;0;2;12,4346;41,80044;-1;1;Autovettura privata;In marcia / fermata / arresto;Conducente;F;Illeso;0;;Non accertato;Inesploso
4410784;12;05/06/2019 08:35:00;Strada Urbana;VIALE LUIGI GUGLIELMI;in prossimit�;;del palo luce n.;18;;Tamponamento;Pendenza;Due carreggiate;Asciutto;Asfaltata;Verticale ed orizzontale;Sereno;Intenso;Buona;Ore Diurne;0;0;0;2;12,4346;41,80044;-1;2;Autovettura privata;In marcia / fermata / arresto;Conducente;F;Illeso;0;;Non accertato;
4410947;3;04/06/2019 21:30:00;Strada Urbana;VIA DEI PRATI FISCALI;in prossimit�;;del civico n.;401;;Veicolo in marcia contro veicolo in sosta;Rettilineo;Una carreggiata a doppio senso;Asciutto;Asfaltata;Assente;Sereno;Scarso;Buona;Ore Diurne;0;0;0;1;12,50905;41,94156;-1;1;Autovettura privata;In marcia / fermata / arresto;Conducente;F;Illeso;0;;Non accertato;Inesploso
4410947;3;04/06/2019 21:30:00;Strada Urbana;VIA DEI PRATI FISCALI;in prossimit�;;del civico n.;401;;Veicolo in marcia contro veicolo in sosta;Rettilineo;Una carreggiata a doppio senso;Asciutto;Asfaltata;Assente;Sereno;Scarso;Buona;Ore Diurne;0;0;0;1;12,50905;41,94156;-1;2;Autovettura privata;Sosta;;;;;;;
4410963;12;04/06/2019 15:00:00;Strada Urbana;VIA DI TRIGORIA;da specificare;;;;alt. PALO ACEA N. 56    (CIV. 146T);Veicolo in marcia contro ostacolo accidentale;Rettilineo;Una carreggiata a doppio senso;Asciutto;Asfaltata;Verticale ed orizzontale;Sereno;Normale;Buona;Ore Diurne;0;0;0;2;12,47572;41,75755;-1;1;Autocarro inferiore 35 q.;In marcia / fermata / arresto;Passeggero;M;Illeso;0;;Non accertato;Inesploso
4410963;12;04/06/2019 15:00:00;Strada Urbana;VIA DI TRIGORIA;da specificare;;;;alt. PALO ACEA N. 56    (CIV. 146T);Veicolo in marcia contro ostacolo accidentale;Rettilineo;Una carreggiata a doppio senso;Asciutto;Asfaltata;Verticale ed orizzontale;Sereno;Normale;Buona;Ore Diurne;0;0;0;2;12,47572;41,75755;-1;1;Autocarro inferiore 35 q.;In marcia / fermata / arresto;Conducente;M;Illeso;0;;Non accertato;Inesploso
4410967;3;04/06/2019 18:40:00;Strada Urbana;PIAZZA RUGGERO DI SICILIA;in prossimit�;;del civico n.;1;;Veicolo in marcia contro veicolo fermo;Rettilineo;Una carreggiata a senso unico di marcia;Asciutto;Asfaltata;Orizzontale;Sereno;Scarso;Buona;Ore Diurne;0;0;0;2;12,52257;41,91161;-1;1;Autovettura privata;In marcia / fermata / arresto;Conducente;F;Illeso;0;;Non accertato;
4410967;3;04/06/2019 18:40:00;Strada Urbana;PIAZZA RUGGERO DI SICILIA;in prossimit�;;del civico n.;1;;Veicolo in marcia contro veicolo fermo;Rettilineo;Una carreggiata a senso unico di marcia;Asciutto;Asfaltata;Orizzontale;Sereno;Scarso;Buona;Ore Diurne;0;0;0;2;12,52257;41,91161;-1;2;Autovettura pubblica;In marcia / fermata / arresto;Conducente;M;Illeso;0;;Non accertato;
4411049;13;05/06/2019 14:05:00;Strada Urbana;VIA ISOLE DEL CAPO VERDE;all'intersezione con;VIA CARLO MARENCO DI MORIONDO;VIA CARLO MARENCO DI MORIONDO;;;Veicolo in marcia contro veicolo in sosta;Intersezione stradale segnalata;Due carreggiate;Asciutto;Asfaltata;Verticale ed orizzontale;Sereno;Normale;Buona;Ore Diurne;0;0;0;1;12,27444;41,73797;-1;1;Autovettura privata;In marcia / fermata / arresto;Conducente;F;Illeso;0;;Non accertato;Inesploso
4411049;13;05/06/2019 14:05:00;Strada Urbana;VIA ISOLE DEL CAPO VERDE;all'intersezione con;VIA CARLO MARENCO DI MORIONDO;VIA CARLO MARENCO DI MORIONDO;;;Veicolo in marcia contro veicolo in sosta;Intersezione stradale segnalata;Due carreggiate;Asciutto;Asfaltata;Verticale ed orizzontale;Sereno;Normale;Buona;Ore Diurne;0;0;0;1;12,27444;41,73797;-1;2;Autovettura privata;Sosta;;;;;;;
4411051;12;04/06/2019 17:00:00;Strada Urbana;PIAZZALE FERRUCCIO PARRI;all'intersezione con;VIALE DI VAL FIORITA;VIALE DI VAL FIORITA;;;Tamponamento;Incrocio;Una carreggiata a doppio senso;Asciutto;Asfaltata;Orizzontale;Sereno;Normale;Buona;Ore Diurne;0;0;0;3;12,46334;41,83731;-1;1;Autovettura privata;In marcia / fermata / arresto;Conducente;M;Illeso;0;;;
4411051;12;04/06/2019 17:00:00;Strada Urbana;PIAZZALE FERRUCCIO PARRI;all'intersezione con;VIALE DI VAL FIORITA;VIALE DI VAL FIORITA;;;Tamponamento;Incrocio;Una carreggiata a doppio senso;Asciutto;Asfaltata;Orizzontale;Sereno;Normale;Buona;Ore Diurne;0;0;0;3;12,46334;41,83731;-1;2;Autovettura privata;In marcia / fermata / arresto;Passeggero;F;Illeso;0;;;