Protocollo;Gruppo;DataOraIncidente;Localizzazione1;STRADA1;Localizzazione2;STRADA2;Strada02;Chilometrica;DaSpecificare;NaturaIncidente;particolaritastrade;TipoStrada;FondoStradale;Pavimentazione;Segnaletica;CondizioneAtmosferica;Traffico;Visibilita;Illuminazione;NUM_FERITI;NUM_RISERVATA;NUM_MORTI;NUM_ILLESI;Longitudine;Latitudine;Confermato;Progressivo;TipoVeicolo;StatoVeicolo;TipoPersona;Sesso;Tipolesione;Deceduto;DecedutoDopo;CinturaCascoUtilizzato;Airbag;
4414390;5;06/06/2019 23:00:00;Strada Urbana;VIA DEI MONTI TIBURTINI;da specificare;;;;fronte Ospedale Pertini direz. Filippo Fiorentini;Tamponamento;Rettilineo;Due carreggiate;Asciutto;Asfaltata;Verticale ed orizzontale;Sereno;Scarso;Buona;Sufficiente;2;0;0;1;12,53839;41,91861;-1;2;Motociclo a solo;In marcia / fermata / arresto;Conducente;F;Rimandato;0;NON DECEDUTO;Non accertato;
4414390;5;06/06/2019 23:00:00;Strada Urbana;VIA DEI MONTI TIBURTINI;da specificare;;;;fronte Ospedale Pertini direz. Filippo Fiorentini;Tamponamento;Rettilineo;Due carreggiate;Asciutto;Asfaltata;Verticale ed orizzontale;Sereno;Scarso;Buona;Sufficiente;2;0;0;1;12,53839;41,91861;-1;2;Motociclo a solo;In marcia / fermata / arresto;Passeggero;M;Rimandato;0;NON DECEDUTO;Non accertato;
4414392;5;06/06/2019 09:30:00;Strada Urbana;PIAZZA TOMMASO DE CRISTOFORIS;all'intersezione con;VIA ALBERTO POLLIO;VIA ALBERTO POLLIO;;;Scontro frontale/laterale SX fra veicoli in marcia;Incrocio;Una carreggiata a senso unico di marcia;Asciutto;Asfaltata;Verticale ed orizzontale;Sereno;Normale;Buona;Ore Diurne;1;0;0;1;12,53472;41,90051;-1;1;Motociclo a solo;In marcia / fermata / arresto;Conducente;M;Rimandato;0;NON DECEDUTO;Non accertato;
4414392;5;06/06/2019 09:30:00;Strada Urbana;PIAZZA TOMMASO DE CRISTOFORIS;all'intersezione con;VIA ALBERTO POLLIO;VIA ALBERTO POLLIO;;;Scontro frontale/laterale SX fra veicoli in marcia;Incrocio;Una carreggiata a senso unico di marcia;Asciutto;Asfaltata;Verticale ed orizzontale;Sereno;Normale;Buona;Ore Diurne;1;0;0;1;12,53472;41,90051;-1;2;Autovettura privata;In marcia / fermata / arresto;Conducente;M;Illeso;0;;Non accertato;Inesploso
4414404;12;07/06/2019 11:15:00;Strada Urbana;VIALE BEATA VERGINE DEL CARMELO;in corrispondenza;;del civico n.;143;;Scontro laterale fra veicoli in marcia;Curva a visuale libera;Una carreggiata a doppio senso;Asciutto;Asfaltata;Verticale ed orizzontale;Sereno;Normale;Buona;Ore Diurne;1;0;0;1;12,43908;41,80672;-1;1;Motociclo a solo;In marcia / fermata / arresto;Conducente;F;Rimandato;0;NON DECEDUTO;Non accertato;
4414404;12;07/06/2019 11:15:00;Strada Urbana;VIALE BEATA VERGINE DEL CARMELO;in corrispondenza;;del civico n.;143;;Scontro laterale fra veicoli in marcia;Curva a visuale libera;Una carreggiata a doppio senso;Asciutto;Asfaltata;Verticale ed orizzontale;Sereno;Normale;Buona;Ore Diurne;1;0;0;1;12,43908;41,80672;-1;2;Autovettura privata;In marcia / fermata / arresto;Conducente;M;Illeso;0;;Non accertato;Inesploso
4414406;5;06/06/2019 18:30:00;Strada Urbana;VIA DEL CASALE DI S. BASILIO;all'intersezione con;VIA PIEVE TORINA;VIA PIEVE TORINA;;;Scontro frontale/laterale SX fra veicoli in marcia;Intersezione stradale segnalata;Una carreggiata a doppio senso;Asciutto;Asfaltata;Assente;Sereno;Normale;Buona;Ore Diurne;1;0;0;1;12,58444;41,9331;-1;1;Motociclo a solo;In marcia / fermata / arresto;Conducente;M;Rimandato;0;NON DECEDUTO;Non accertato;
4414406;5;06/06/2019 18:30:00;Strada Urbana;VIA DEL CASALE DI S. BASILIO;all'intersezione con;VIA PIEVE TORINA;VIA PIEVE TORINA;;;Scontro frontale/laterale SX fra veicoli in marcia;Intersezione stradale segnalata;Una carreggiata a doppio senso;Asciutto;Asfaltata;Assente;Sereno;Normale;Buona;Ore Diurne;1;0;0;1;12,58444;41,9331;-1;2;Autovettura privata;In marcia / fermata / arresto;Conducente;F;Illeso;0;;Non accertato;Inesploso
4414423;12;06/06/2019 16:35:00;Strada Urbana;VIALE BEETHOVEN;all'intersezione con;VIALE AMERICA;VIALE AMERICA;;;Scontro frontale/laterale DX fra veicoli in marcia;Intersezione stradale segnalata;Una carreggiata a doppio senso;Asciutto;Asfaltata;Verticale ed orizzontale;Sereno;Normale;Buona;Ore Diurne;0;0;0;5;12,46543;41,83046;-1;1;Autovettura privata;In marcia / fermata / arresto;Passeggero;F;Illeso;0;;;
4414423;12;06/06/2019 16:35:00;Strada Urbana;VIALE BEETHOVEN;all'intersezione con;VIALE AMERICA;VIALE AMERICA;;;Scontro frontale/laterale DX fra veicoli in marcia;Intersezione stradale segnalata;Una carreggiata a doppio senso;Asciutto;Asfaltata;Verticale ed orizzontale;Sereno;Normale;Buona;Ore Diurne;0;0;0;5;12,46543;41,83046;-1;1;Autovettura privata;In marcia / fermata / arresto;Passeggero;F;Illeso;0;;;
4414423;12;06/06/2019 16:35:00;Strada Urbana;VIALE BEETHOVEN;all'intersezione con;VIALE AMERICA;VIALE AMERICA;;;Scontro frontale/laterale DX fra veicoli in marcia;Intersezione stradale segnalata;Una carreggiata a doppio senso;Asciutto;Asfaltata;Verticale ed orizzontale;Sereno;Normale;Buona;Ore Diurne;0;0;0;5;12,46543;41,83046;-1;1;Autovettura privata;In marcia / fermata / arresto;Passeggero;M;Illeso;0;;;
4414423;12;06/06/2019 16:35:00;Strada Urbana;VIALE BEETHOVEN;all'intersezione con;VIALE AMERICA;VIALE AMERICA;;;Scontro frontale/laterale DX fra veicoli in marcia;Intersezione stradale segnalata;Una carreggiata a doppio senso;Asciutto;Asfaltata;Verticale ed orizzontale;Sereno;Normale;Buona;Ore Diurne;0;0;0;5;12,46543;41,83046;-1;1;Autovettura privata;In marcia / fermata / arresto;Conducente;F;Illeso;0;;;
4414423;12;06/06/2019 16:35:00;Strada Urbana;VIALE BEETHOVEN;all'intersezione con;VIALE AMERICA;VIALE AMERICA;;;Scontro frontale/laterale DX fra veicoli in marcia;Intersezione stradale segnalata;Una carreggiata a doppio senso;Asciutto;Asfaltata;Verticale ed orizzontale;Sereno;Normale;Buona;Ore Diurne;0;0;0;5;12,46543;41,83046;-1;2;Autobus di linea;In marcia / fermata / arresto;Conducente;M;Illeso;0;;;
4414426;16;06/06/2019 15:10:00;Strada Urbana;VIA FEDERICO OZANAM;in corrispondenza;;del civico n.;57/a;;Scontro frontale/laterale SX fra veicoli in marcia;Rettilineo;Una carreggiata a doppio senso;Asciutto;Asfaltata;Verticale ed orizzontale;Sereno;Normale;Buona;Ore Diurne;0;0;0;2;12,44842;41,87649;-1;1;Autovettura privata;In marcia / fermata / arresto;Conducente;F;Illeso;0;;;
4414426;16;06/06/2019 15:10:00;Strada Urbana;VIA FEDERICO OZANAM;in corrispondenza;;del civico n.;57/a;;Scontro frontale/laterale SX fra veicoli in marcia;Rettilineo;Una carreggiata a doppio senso;Asciutto;Asfaltata;Verticale ed orizzontale;Sereno;Normale;Buona;Ore Diurne;0;0;0;2;12,44842;41,87649;-1;2;Autovettura privata;In marcia / fermata / arresto;Conducente;M;Illeso;0;;;
4414430;1;07/06/2019 07:25:00;Strada Urbana;LUNGOTEVERE DE' CENCI;in corrispondenza;;del palo luce n.;2;;Tamponamento Multiplo;Curva a visuale libera;Una carreggiata a senso unico di marcia;Asciutto;Asfaltata;Verticale ed orizzontale;Sereno;Normale;Buona;Ore Diurne;1;0;0;2;12,47647;41,89194;-1;1;Autovettura privata;In marcia / fermata / arresto;Conducente;F;Illeso;0;;;
4414430;1;07/06/2019 07:25:00;Strada Urbana;LUNGOTEVERE DE' CENCI;in corrispondenza;;del palo luce n.;2;;Tamponamento Multiplo;Curva a visuale libera;Una carreggiata a senso unico di marcia;Asciutto;Asfaltata;Verticale ed orizzontale;Sereno;Normale;Buona;Ore Diurne;1;0;0;2;12,47647;41,89194;-1;2;Autovettura privata;In marcia / fermata / arresto;Conducente;M;Rifiuta cure immediate;0;NON DECEDUTO;;
4414430;1;07/06/2019 07:25:00;Strada Urbana;LUNGOTEVERE DE' CENCI;in corrispondenza;;del palo luce n.;2;;Tamponamento Multiplo;Curva a visuale libera;Una carreggiata a senso unico di marcia;Asciutto;Asfaltata;Verticale ed orizzontale;Sereno;Normale;Buona;Ore Diurne;1;0;0;2;12,47647;41,89194;-1;3;Autovettura privata;In marcia / fermata / arresto;Conducente;M;Illeso;0;;;
4414451;13;07/06/2019 11:40:00;Strada Urbana;VIA DOMENICO MORELLI;da specificare;;;;fronte civico 30;Investimento di pedone;Rettilineo;Una carreggiata a doppio senso;Asciutto;Asfaltata;Assente;Sereno;Normale;Buona;Ore Diurne;1;0;0;1;12,35459;41,77596;-1;;;;Pedone;F;Rimandato;0;NON DECEDUTO;;
4414451;13;07/06/2019 11:40:00;Strada Urbana;VIA DOMENICO MORELLI;da specificare;;;;fronte civico 30;Investimento di pedone;Rettilineo;Una carreggiata a doppio senso;Asciutto;Asfaltata;Assente;Sereno;Normale;Buona;Ore Diurne;1;0;0;1;12,35459;41,77596;-1;1;Autovettura privata;In marcia / fermata / arresto;Conducente;F;Illeso;0;;Non accertato;Inesploso
4414454;16;06/06/2019 10:00:00;Strada Urbana;VIALE ISACCO NEWTON;in prossimit�;;del civico n.;f.c.54;;Investimento di pedone;Rettilineo;Due carreggiate;Asciutto;Asfaltata;Verticale ed orizzontale;Sereno;Normale;Buona;Ore Diurne;1;0;0;1;12,44274;41,84811;-1;;;;Pedone;M;Rimandato;0;NON DECEDUTO;;
4414454;16;06/06/2019 10:00:00;Strada Urbana;VIALE ISACCO NEWTON;in prossimit�;;del civico n.;f.c.54;;Investimento di pedone;Rettilineo;Due carreggiate;Asciutto;Asfaltata;Verticale ed orizzontale;Sereno;Normale;Buona;Ore Diurne;1;0;0;1;12,44274;41,84811;-1;1;Autovettura privata;In marcia / fermata / arresto;Conducente;M;Illeso;0;;;
4414464;16;06/06/2019 18:10:00;Strada Urbana;VIA GIUSEPPE VANNI;all'intersezione con;VIA AURELIA;VIA AURELIA;;;Scontro frontale/laterale DX fra veicoli in marcia;Intersezione non regolata/non segnalata;Una carreggiata a doppio senso;Asciutto;Asfaltata;Verticale ed orizzontale;Sereno;Intenso;Buona;Ore Diurne;1;0;0;1;12,35962;41,88172;-1;1;Motociclo a solo;In marcia / fermata / arresto;Conducente;M;Rimandato;0;NON DECEDUTO;;
4414464;16;06/06/2019 18:10:00;Strada Urbana;VIA GIUSEPPE VANNI;all'intersezione con;VIA AURELIA;VIA AURELIA;;;Scontro frontale/laterale DX fra veicoli in marcia;Intersezione non regolata/non segnalata;Una carreggiata a doppio senso;Asciutto;Asfaltata;Verticale ed orizzontale;Sereno;Intenso;Buona;Ore Diurne;1;0;0;1;12,35962;41,88172;-1;2;Autovettura privata;In marcia / fermata / arresto;Conducente;F;Illeso;0;;;
4414475;2;06/06/2019 17:20:00;Strada Urbana;CORSO DI FRANCIA;da specificare;;;;alt. Auditorium dir. GRA;Scontro laterale fra veicoli in marcia;Rettilineo;Due carreggiate;Asciutto;Asfaltata;Orizzontale;Sereno;Intenso;Buona;Ore Diurne;2;0;0;0;12,47168;41,93671;-1;1;Motociclo a solo;In marcia / fermata / arresto;Conducente;M;Rimandato;0;NON DECEDUTO;;
4414475;2;06/06/2019 17:20:00;Strada Urbana;CORSO DI FRANCIA;da specificare;;;;alt. Auditorium dir. GRA;Scontro laterale fra veicoli in marcia;Rettilineo;Due carreggiate;Asciutto;Asfaltata;Orizzontale;Sereno;Intenso;Buona;Ore Diurne;2;0;0;0;12,47168;41,93671;-1;2;Motociclo a solo;In marcia / fermata / arresto;Conducente;M;Rimandato;0;NON DECEDUTO;;
4414521;12;07/06/2019 00:45:00;Strada Urbana;VIA DI VALLERANO;all'intersezione con;VIA AURELIO MILLOSS;VIA AURELIO MILLOSS;;;Fuoriuscita dalla sede stradale;Intersezione stradale segnalata;Una carreggiata a doppio senso;Asciutto;Asfaltata;Verticale ed orizzontale;Sereno;Scarso;Buona;Sufficiente;0;0;0;2;12,47599;41,78562;-1;1;Autovettura privata;In marcia / fermata / arresto;Conducente;F;Illeso;0;;;
4414521;12;07/06/2019 00:45:00;Strada Urbana;VIA DI VALLERANO;all'intersezione con;VIA AURELIO MILLOSS;VIA AURELIO MILLOSS;;;Fuoriuscita dalla sede stradale;Intersezione stradale segnalata;Una carreggiata a doppio senso;Asciutto;Asfaltata;Verticale ed orizzontale;Sereno;Scarso;Buona;Sufficiente;0;0;0;2;12,47599;41,78562;-1;1;Autovettura privata;In marcia / fermata / arresto;Passeggero;F;Illeso;0;;;
4414571;12;07/06/2019 02:10:00;Strada Urbana;VIA LAURENTINA;all'intersezione semaforizzata con;VIA CELINE;VIA CELINE;;;Scontro frontale/laterale SX fra veicoli in marcia;Intersezione semaforizzata;Due carreggiate;Asciutto;Asfaltata;Verticale ed orizzontale;Sereno;Scarso;Buona;Sufficiente;1;0;0;1;12,48524;41,8101;-1;1;Autovettura privata;In marcia / fermata / arresto;Conducente;M;Illeso;0;;;
4414571;12;07/06/2019 02:10:00;Strada Urbana;VIA LAURENTINA;all'intersezione semaforizzata con;VIA CELINE;VIA CELINE;;;Scontro frontale/laterale SX fra veicoli in marcia;Intersezione semaforizzata;Due carreggiate;Asciutto;Asfaltata;Verticale ed orizzontale;Sereno;Scarso;Buona;Sufficiente;1;0;0;1;12,48524;41,8101;-1;2;Motociclo a solo;In marcia / fermata / arresto;Conducente;M;Rimandato;0;NON DECEDUTO;;
4414597;6;07/06/2019 12:00:00;Strada Urbana;VIALE DELLA PRIMAVERA;da specificare;;;;fronte civico 97;Scontro laterale fra veicoli in marcia;Rettilineo;Due carreggiate;Asciutto;Asfaltata;Verticale ed orizzontale;Sereno;Normale;Buona;Ore Diurne;1;0;0;1;12,5608;41,88386;-1;1;Motociclo a solo;In marcia / fermata / arresto;Conducente;M;Rifiuta cure immediate;0;NON DECEDUTO;Non accertato;
4414597;6;07/06/2019 12:00:00;Strada Urbana;VIALE DELLA PRIMAVERA;da specificare;;;;fronte civico 97;Scontro laterale fra veicoli in marcia;Rettilineo;Due carreggiate;Asciutto;Asfaltata;Verticale ed orizzontale;Sereno;Normale;Buona;Ore Diurne;1;0;0;1;12,5608;41,88386;-1;2;Autovettura privata;In marcia / fermata / arresto;Conducente;F;Illeso;0;;Non accertato;Inesploso
4414739;1;07/06/2019 06:30:00;Strada Urbana;VIA CERNAIA;all'intersezione semaforizzata con;VIA GOITO;VIA GOITO;;;Investimento di pedone;Intersezione semaforizzata;Una carreggiata a senso unico di marcia;Asciutto;Asfaltata;Verticale ed orizzontale;Sereno;Scarso;Buona;Ore Diurne;2;0;0;1;12,49858;41,9054;-1;;;;Pedone;M;Rimandato;0;NON DECEDUTO;;
4414739;1;07/06/2019 06:30:00;Strada Urbana;VIA CERNAIA;all'intersezione semaforizzata con;VIA GOITO;VIA GOITO;;;Investimento di pedone;Intersezione semaforizzata;Una carreggiata a senso unico di marcia;Asciutto;Asfaltata;Verticale ed orizzontale;Sereno;Scarso;Buona;Ore Diurne;2;0;0;1;12,49858;41,9054;-1;;;;Pedone;F;Rimandato;0;NON DECEDUTO;;
4414739;1;07/06/2019 06:30:00;Strada Urbana;VIA CERNAIA;all'intersezione semaforizzata con;VIA GOITO;VIA GOITO;;;Investimento di pedone;Intersezione semaforizzata;Una carreggiata a senso unico di marcia;Asciutto;Asfaltata;Verticale ed orizzontale;Sereno;Scarso;Buona;Ore Diurne;2;0;0;1;12,49858;41,9054;-1;1;Autovettura pubblica;In marcia / fermata / arresto;Conducente;M;Illeso;0;;Non accertato;Inesploso
4414747;1;07/06/2019 10:13:00;Strada Urbana;VIA VENTI SETTEMBRE;in prossimit�;;del civico n.;97/D;;Veicolo in marcia contro ostacolo accidentale;Rettilineo;Una carreggiata a senso unico di marcia;Viscido da liquidi oleosi;Asfaltata;Verticale ed orizzontale;Sereno;Normale;Buona;Ore Diurne;1;0;0;0;12,49745;41,90585;-1;1;Motociclo a solo;In marcia / fermata / arresto;Conducente;M;Rimandato;0;NON DECEDUTO;Non accertato;
4414755;1;07/06/2019 12:10:00;Strada Urbana;PIAZZA DELLA TRINITA' DEI MONTI;da specificare;;;;.;Scontro laterale fra veicoli in marcia;Rettilineo;Una carreggiata a senso unico di marcia;Asciutto;Asfaltata;Verticale ed orizzontale;Sereno;Scarso;Buona;Ore Diurne;1;0;0;4;12,48289;41,90711;-1;1;Autovettura privata;In marcia / fermata / arresto;Passeggero;M;Illeso;0;;;
4414755;1;07/06/2019 12:10:00;Strada Urbana;PIAZZA DELLA TRINITA' DEI MONTI;da specificare;;;;.;Scontro laterale fra veicoli in marcia;Rettilineo;Una carreggiata a senso unico di marcia;Asciutto;Asfaltata;Verticale ed orizzontale;Sereno;Scarso;Buona;Ore Diurne;1;0;0;4;12,48289;41,90711;-1;1;Autovettura privata;In marcia / fermata / arresto;Passeggero;F;Illeso;0;;;
4414755;1;07/06/2019 12:10:00;Strada Urbana;PIAZZA DELLA TRINITA' DEI MONTI;da specificare;;;;.;Scontro laterale fra veicoli in marcia;Rettilineo;Una carreggiata a senso unico di marcia;Asciutto;Asfaltata;Verticale ed orizzontale;Sereno;Scarso;Buona;Ore Diurne;1;0;0;4;12,48289;41,90711;-1;1;Autovettura privata;In marcia / fermata / arresto;Conducente;F;Rifiuta cure immediate;0;NON DECEDUTO;Non accertato;Inesploso
4414755;1;07/06/2019 12:10:00;Strada Urbana;PIAZZA DELLA TRINITA' DEI MONTI;da specificare;;;;.;Scontro laterale fra veicoli in marcia;Rettilineo;Una carreggiata a senso unico di marcia;Asciutto;Asfaltata;Verticale ed orizzontale;Sereno;Scarso;Buona;Ore Diurne;1;0;0;4;12,48289;41,90711;-1;2;Autocarro inferiore 35 q.;In marcia / fermata / arresto;Conducente;M;Illeso;0;;Non accertato;Inesploso
4414814;1;07/06/2019 07:50:00;Strada Urbana;VIALE DELLE TERME DI CARACALLA;da specificare;;;;pista ciclabile;Scontro laterale fra veicoli in marcia;Curva senza visuale libera;Pi� di due carreggiate;Asciutto;Asfaltata;Verticale ed orizzontale;Sereno;Scarso;Buona;Ore Diurne;1;0;0;1;12,4952;41,87889;-1;1;Velocipede;In marcia / fermata / arresto;Conducente;F;Rimandato;0;NON DECEDUTO;Esente;
4414814;1;07/06/2019 07:50:00;Strada Urbana;VIALE DELLE TERME DI CARACALLA;da specificare;;;;pista ciclabile;Scontro laterale fra veicoli in marcia;Curva senza visuale libera;Pi� di due carreggiate;Asciutto;Asfaltata;Verticale ed orizzontale;Sereno;Scarso;Buona;Ore Diurne;1;0;0;1;12,4952;41,87889;-1;2;Velocipede;In marcia / fermata / arresto;Conducente;M;Illeso;0;;Esente;
4414838;18;07/06/2019 15:10:00;Strada Urbana;VIA GREGORIO XIII;in prossimit�;;del civico n.;97;;Scontro frontale/laterale DX fra veicoli in marcia;Rettilineo;Una carreggiata a doppio senso;Asciutto;Asfaltata;Verticale ed orizzontale;Sereno;Normale;Buona;Ore Diurne;0;0;0;3;12,41857;41,90603;-1;1;Autovettura privata;In marcia / fermata / arresto;Conducente;M;Illeso;0;;Non accertato;Inesploso
4414838;18;07/06/2019 15:10:00;Strada Urbana;VIA GREGORIO XIII;in prossimit�;;del civico n.;97;;Scontro frontale/laterale DX fra veicoli in marcia;Rettilineo;Una carreggiata a doppio senso;Asciutto;Asfaltata;Verticale ed orizzontale;Sereno;Normale;Buona;Ore Diurne;0;0;0;3;12,41857;41,90603;-1;2;Autovettura privata;In marcia / fermata / arresto;Conducente;M;Illeso;0;;Non accertato;Inesistente
4414838;18;07/06/2019 15:10:00;Strada Urbana;VIA GREGORIO XIII;in prossimit�;;del civico n.;97;;Scontro frontale/laterale DX fra veicoli in marcia;Rettilineo;Una carreggiata a doppio senso;Asciutto;Asfaltata;Verticale ed orizzontale;Sereno;Normale;Buona;Ore Diurne;0;0;0;3;12,41857;41,90603;-1;2;Autovettura privata;In marcia / fermata / arresto;Passeggero;M;Illeso;0;;Non accertato;Inesistente
4414854;13;07/06/2019 14:30:00;Strada Urbana;VIALE DELLA PINETA DI OSTIA;all'intersezione con;VIA DEL PARCO;VIA DEL PARCO;;;Scontro frontale/laterale SX fra veicoli in marcia;Intersezione stradale segnalata;Una carreggiata a doppio senso;Asciutto;Asfaltata;Verticale ed orizzontale;Sereno;Normale;Buona;Ore Diurne;0;0;0;4;12,2839;41,72843;-1;1;Autovettura privata;In marcia / fermata / arresto;Conducente;M;Illeso;0;;Non accertato;Inesploso
4414854;13;07/06/2019 14:30:00;Strada Urbana;VIALE DELLA PINETA DI OSTIA;all'intersezione con;VIA DEL PARCO;VIA DEL PARCO;;;Scontro frontale/laterale SX fra veicoli in marcia;Intersezione stradale segnalata;Una carreggiata a doppio senso;Asciutto;Asfaltata;Verticale ed orizzontale;Sereno;Normale;Buona;Ore Diurne;0;0;0;4;12,2839;41,72843;-1;1;Autovettura privata;In marcia / fermata / arresto;Passeggero;F;Illeso;0;;Non accertato;Inesploso
4414854;13;07/06/2019 14:30:00;Strada Urbana;VIALE DELLA PINETA DI OSTIA;all'intersezione con;VIA DEL PARCO;VIA DEL PARCO;;;Scontro frontale/laterale SX fra veicoli in marcia;Intersezione stradale segnalata;Una carreggiata a doppio senso;Asciutto;Asfaltata;Verticale ed orizzontale;Sereno;Normale;Buona;Ore Diurne;0;0;0;4;12,2839;41,72843;-1;2;Autovettura privata;In marcia / fermata / arresto;Conducente;M;Illeso;0;;Non accertato;Inesploso
4414854;13;07/06/2019 14:30:00;Strada Urbana;VIALE DELLA PINETA DI OSTIA;all'intersezione con;VIA DEL PARCO;VIA DEL PARCO;;;Scontro frontale/laterale SX fra veicoli in marcia;Intersezione stradale segnalata;Una carreggiata a doppio senso;Asciutto;Asfaltata;Verticale ed orizzontale;Sereno;Normale;Buona;Ore Diurne;0;0;0;4;12,2839;41,72843;-1;2;Autovettura privata;In marcia / fermata / arresto;Passeggero;M;Illeso;0;;Non accertato;Inesploso
4414854;13;07/06/2019 14:30:00;Strada Urbana;VIALE DELLA PINETA DI OSTIA;all'intersezione con;VIA DEL PARCO;VIA DEL PARCO;;;Scontro frontale/laterale SX fra veicoli in marcia;Intersezione stradale segnalata;Una carreggiata a doppio senso;Asciutto;Asfaltata;Verticale ed orizzontale;Sereno;Normale;Buona;Ore Diurne;0;0;0;4;12,2839;41,72843;-1;3;Autovettura privata;Sosta;;;;;;;
4414854;13;07/06/2019 14:30:00;Strada Urbana;VIALE DELLA PINETA DI OSTIA;all'intersezione con;VIA DEL PARCO;VIA DEL PARCO;;;Scontro frontale/laterale SX fra veicoli in marcia;Intersezione stradale segnalata;Una carreggiata a doppio senso;Asciutto;Asfaltata;Verticale ed orizzontale;Sereno;Normale;Buona;Ore Diurne;0;0;0;4;12,2839;41,72843;-1;4;Autovettura privata;Sosta;;;;;;;
4414952;1;07/06/2019 09:30:00;Strada Urbana;PIAZZA DI PORTA S. GIOVANNI;in prossimit�;;del civico n.;10;;Scontro laterale fra veicoli in marcia;Rettilineo;Una carreggiata a doppio senso;Asciutto;Asfaltata;Verticale ed orizzontale;Sereno;Normale;Buona;Ore Diurne;1;0;0;2;12,50816;41,88645;-1;1;Autovettura privata;In marcia / fermata / arresto;Passeggero;M;Illeso;0;;Non accertato;Inesploso
4414952;1;07/06/2019 09:30:00;Strada Urbana;PIAZZA DI PORTA S. GIOVANNI;in prossimit�;;del civico n.;10;;Scontro laterale fra veicoli in marcia;Rettilineo;Una carreggiata a doppio senso;Asciutto;Asfaltata;Verticale ed orizzontale;Sereno;Normale;Buona;Ore Diurne;1;0;0;2;12,50816;41,88645;-1;1;Autovettura privata;In marcia / fermata / arresto;Conducente;M;Illeso;0;;Non accertato;Inesploso
4414952;1;07/06/2019 09:30:00;Strada Urbana;PIAZZA DI PORTA S. GIOVANNI;in prossimit�;;del civico n.;10;;Scontro laterale fra veicoli in marcia;Rettilineo;Una carreggiata a doppio senso;Asciutto;Asfaltata;Verticale ed orizzontale;Sereno;Normale;Buona;Ore Diurne;1;0;0;2;12,50816;41,88645;-1;2;Motociclo a solo;In marcia / fermata / arresto;Conducente;M;Rimandato;0;NON DECEDUTO;Non accertato;
4415047;10;07/06/2019 16:45:00;Strada Urbana;VIA DELLE CAPANNELLE;in corrispondenza;;del civico n.;111;;Scontro laterale fra veicoli in marcia;Dosso;Una carreggiata a doppio senso;Asciutto;Asfaltata;Orizzontale;Sereno;Normale;Buona;Ore Diurne;0;0;0;2;12,56938;41,83421;-1;1;Autovettura privata;In marcia / fermata / arresto;Conducente;M;Illeso;0;;Non accertato;Inesploso
4415047;10;07/06/2019 16:45:00;Strada Urbana;VIA DELLE CAPANNELLE;in corrispondenza;;del civico n.;111;;Scontro laterale fra veicoli in marcia;Dosso;Una carreggiata a doppio senso;Asciutto;Asfaltata;Orizzontale;Sereno;Normale;Buona;Ore Diurne;0;0;0;2;12,56938;41,83421;-1;2;Autovettura privata;In marcia / fermata / arresto;Conducente;M;Illeso;0;;Non accertato;Inesploso
4415095;15;07/06/2019 09:30:00;Strada Urbana;VIA PORTUENSE;da specificare;;;;FRONTE CIVICO 579;Investimento di pedone;Rettilineo;Due carreggiate;Asciutto;Asfaltata;Verticale ed orizzontale;Sereno;Scarso;Buona;Ore Diurne;2;0;0;0;12,41397;41,8469;-1;;;;Pedone;F;Rimandato;0;NON DECEDUTO;;
4415095;15;07/06/2019 09:30:00;Strada Urbana;VIA PORTUENSE;da specificare;;;;FRONTE CIVICO 579;Investimento di pedone;Rettilineo;Due carreggiate;Asciutto;Asfaltata;Verticale ed orizzontale;Sereno;Scarso;Buona;Ore Diurne;2;0;0;0;12,41397;41,8469;-1;1;Motociclo a solo;In marcia / fermata / arresto;Conducente;M;Rimandato;0;NON DECEDUTO;Non accertato;
4415105;12;07/06/2019 11:09:00;Strada Urbana;VIALE CARLO LEVI;da specificare;;;;PROX ROTAT. VIA MARINETTI;Veicolo in marcia contro ostacolo accidentale;Rettilineo;Una carreggiata a senso unico di marcia;Asciutto;Asfaltata;Verticale ed orizzontale;Sereno;Scarso;Buona;Ore Diurne;0;0;0;1;12,46556;41,81246;-1;1;Autovettura privata;In marcia / fermata / arresto;Conducente;F;Illeso;0;;;
4415116;13;07/06/2019 16:55:00;Strada Urbana;PIAZZA SIRIO;da specificare;;;;lato Lungomare;Tamponamento;Rettilineo;Due carreggiate;Asciutto;Asfaltata;Verticale;Sereno;Normale;Buona;Ore Diurne;0;0;0;6;12,29077;41,72487;-1;1;Autocarro inferiore 35 q.;In marcia / fermata / arresto;Passeggero;F;Illeso;0;;Non accertato;Inesploso
4415116;13;07/06/2019 16:55:00;Strada Urbana;PIAZZA SIRIO;da specificare;;;;lato Lungomare;Tamponamento;Rettilineo;Due carreggiate;Asciutto;Asfaltata;Verticale;Sereno;Normale;Buona;Ore Diurne;0;0;0;6;12,29077;41,72487;-1;1;Autocarro inferiore 35 q.;In marcia / fermata / arresto;Conducente;M;Illeso;0;;Non accertato;Inesploso
4415116;13;07/06/2019 16:55:00;Strada Urbana;PIAZZA SIRIO;da specificare;;;;lato Lungomare;Tamponamento;Rettilineo;Due carreggiate;Asciutto;Asfaltata;Verticale;Sereno;Normale;Buona;Ore Diurne;0;0;0;6;12,29077;41,72487;-1;1;Autocarro inferiore 35 q.;In marcia / fermata / arresto;Passeggero;M;Illeso;0;;Non accertato;Inesploso