Protocollo;Gruppo;DataOraIncidente;Localizzazione1;STRADA1;Localizzazione2;STRADA2;Strada02;Chilometrica;DaSpecificare;NaturaIncidente;particolaritastrade;TipoStrada;FondoStradale;Pavimentazione;Segnaletica;CondizioneAtmosferica;Traffico;Visibilita;Illuminazione;NUM_FERITI;NUM_RISERVATA;NUM_MORTI;NUM_ILLESI;Longitudine;Latitudine;Confermato;Progressivo;TipoVeicolo;StatoVeicolo;TipoPersona;Sesso;Tipolesione;Deceduto;DecedutoDopo;CinturaCascoUtilizzato;Airbag;
4418511;16;08/06/2019 18:15:00;Strada Urbana;PIAZZA CARLO ALBERTO SCOTTI;in prossimit�;;del civico n.;23;;Investimento di pedone;Rettilineo;Una carreggiata a doppio senso;Asciutto;Asfaltata;Verticale ed orizzontale;Sereno;Normale;Buona;Ore Diurne;1;0;0;2;12,44594;41,86966;-1;;;;Pedone;M;Illeso;0;;;
4418511;16;08/06/2019 18:15:00;Strada Urbana;PIAZZA CARLO ALBERTO SCOTTI;in prossimit�;;del civico n.;23;;Investimento di pedone;Rettilineo;Una carreggiata a doppio senso;Asciutto;Asfaltata;Verticale ed orizzontale;Sereno;Normale;Buona;Ore Diurne;1;0;0;2;12,44594;41,86966;-1;1;Autovettura privata;In marcia / fermata / arresto;Conducente;F;Illeso;0;;Non accertato;Inesploso
4418512;17;09/06/2019 00:30:00;Strada Urbana;LUNGOTEVERE GUGLIELMO OBERDAN;in prossimit�;;del civico n.;5;;Scontro frontale/laterale SX fra veicoli in marcia;Rettilineo;Una carreggiata a doppio senso;Asciutto;Asfaltata;Verticale ed orizzontale;Sereno;Scarso;Sufficiente;Sufficiente;0;0;0;2;12,46875;41,92051;-1;1;Autovettura privata;In marcia / fermata / arresto;Conducente;F;Illeso;0;;;
4418512;17;09/06/2019 00:30:00;Strada Urbana;LUNGOTEVERE GUGLIELMO OBERDAN;in prossimit�;;del civico n.;5;;Scontro frontale/laterale SX fra veicoli in marcia;Rettilineo;Una carreggiata a doppio senso;Asciutto;Asfaltata;Verticale ed orizzontale;Sereno;Scarso;Sufficiente;Sufficiente;0;0;0;2;12,46875;41,92051;-1;2;Autovettura privata;In marcia / fermata / arresto;Conducente;M;Illeso;0;;;
4418519;6;10/06/2019 11:40:00;Strada Urbana;VIA GABRINO FONDULO;in corrispondenza;;del civico n.;19;;Veicolo in marcia contro veicolo in sosta;Rettilineo;Una carreggiata a senso unico di marcia;Asciutto;Asfaltata;Orizzontale;Sereno;Normale;Buona;Ore Diurne;0;0;0;1;12,53693;41,8867;-1;1;Autocarro inferiore 35 q.;In marcia / fermata / arresto;Conducente;M;Illeso;0;;Non accertato;Inesploso
4418519;6;10/06/2019 11:40:00;Strada Urbana;VIA GABRINO FONDULO;in corrispondenza;;del civico n.;19;;Veicolo in marcia contro veicolo in sosta;Rettilineo;Una carreggiata a senso unico di marcia;Asciutto;Asfaltata;Orizzontale;Sereno;Normale;Buona;Ore Diurne;0;0;0;1;12,53693;41,8867;-1;2;Autovettura privata;Sosta;;;;;;;
4418522;18;08/06/2019 12:20:00;Strada Urbana;CIRCONVALLAZIONE AURELIA;in prossimit�;;del civico n.;11;;Scontro laterale fra veicoli in marcia;Rettilineo;Una carreggiata a senso unico di marcia;Asciutto;Asfaltata;Verticale;Sereno;Normale;Buona;Ore Diurne;0;0;0;4;12,4282;41,89811;-1;1;Autovettura privata;In marcia / fermata / arresto;Passeggero;F;Illeso;0;;;
4418522;18;08/06/2019 12:20:00;Strada Urbana;CIRCONVALLAZIONE AURELIA;in prossimit�;;del civico n.;11;;Scontro laterale fra veicoli in marcia;Rettilineo;Una carreggiata a senso unico di marcia;Asciutto;Asfaltata;Verticale;Sereno;Normale;Buona;Ore Diurne;0;0;0;4;12,4282;41,89811;-1;1;Autovettura privata;In marcia / fermata / arresto;Conducente;M;Illeso;0;;Non accertato;Inesploso
4418522;18;08/06/2019 12:20:00;Strada Urbana;CIRCONVALLAZIONE AURELIA;in prossimit�;;del civico n.;11;;Scontro laterale fra veicoli in marcia;Rettilineo;Una carreggiata a senso unico di marcia;Asciutto;Asfaltata;Verticale;Sereno;Normale;Buona;Ore Diurne;0;0;0;4;12,4282;41,89811;-1;2;Autovettura privata;In marcia / fermata / arresto;Passeggero;F;Illeso;0;;;
4418522;18;08/06/2019 12:20:00;Strada Urbana;CIRCONVALLAZIONE AURELIA;in prossimit�;;del civico n.;11;;Scontro laterale fra veicoli in marcia;Rettilineo;Una carreggiata a senso unico di marcia;Asciutto;Asfaltata;Verticale;Sereno;Normale;Buona;Ore Diurne;0;0;0;4;12,4282;41,89811;-1;2;Autovettura privata;In marcia / fermata / arresto;Conducente;M;Illeso;0;;Non accertato;Inesploso
4418531;7;08/06/2019 14:30:00;Strada Urbana;VIALE PALMIRO TOGLIATTI;in corrispondenza;;del palo luce n.;78;;Veicolo in marcia contro ostacolo fisso;Rettilineo;Due carreggiate;Asciutto;Asfaltata;Verticale ed orizzontale;Sereno;Normale;Buona;Ore Diurne;1;0;0;0;12,56893;41,87119;-1;1;Autovettura privata;In marcia / fermata / arresto;Conducente;M;Ricoverato;0;NON DECEDUTO;Non accertato;Esploso
4418545;16;07/06/2019 17:45:00;Strada Urbana;VIA DI BRAVA;in prossimit�;;del palo luce n.;79;;Scontro laterale fra veicoli in marcia;Rettilineo;Una carreggiata a doppio senso;Asciutto;Asfaltata;Verticale ed orizzontale;Sereno;Normale;Buona;Ore Diurne;0;0;0;3;12,38237;41,86961;-1;1;Autocarro inferiore 35 q.;In marcia / fermata / arresto;Passeggero;M;Illeso;0;;Non accertato;Inesploso
4418545;16;07/06/2019 17:45:00;Strada Urbana;VIA DI BRAVA;in prossimit�;;del palo luce n.;79;;Scontro laterale fra veicoli in marcia;Rettilineo;Una carreggiata a doppio senso;Asciutto;Asfaltata;Verticale ed orizzontale;Sereno;Normale;Buona;Ore Diurne;0;0;0;3;12,38237;41,86961;-1;1;Autocarro inferiore 35 q.;In marcia / fermata / arresto;Conducente;M;Illeso;0;;Non accertato;Inesploso
4418545;16;07/06/2019 17:45:00;Strada Urbana;VIA DI BRAVA;in prossimit�;;del palo luce n.;79;;Scontro laterale fra veicoli in marcia;Rettilineo;Una carreggiata a doppio senso;Asciutto;Asfaltata;Verticale ed orizzontale;Sereno;Normale;Buona;Ore Diurne;0;0;0;3;12,38237;41,86961;-1;2;Autocarro inferiore 35 q.;In marcia / fermata / arresto;Conducente;M;Illeso;0;;Non accertato;Inesploso
4418553;4;09/06/2019 19:20:00;Strada Urbana;VIA S. BERNARDINO DA SIENA;all'intersezione con;VIA RADICOFANI;VIA RADICOFANI;;;Scontro frontale/laterale SX fra veicoli in marcia;Intersezione non regolata/non segnalata;Una carreggiata a doppio senso;Asciutto;Asfaltata;Verticale ed orizzontale;Sereno;Scarso;Buona;Ore Diurne;0;0;0;5;12,5079;41,97506;-1;1;Autovettura privata;In marcia / fermata / arresto;Conducente;M;Illeso;0;;Non accertato;Inesploso
4418553;4;09/06/2019 19:20:00;Strada Urbana;VIA S. BERNARDINO DA SIENA;all'intersezione con;VIA RADICOFANI;VIA RADICOFANI;;;Scontro frontale/laterale SX fra veicoli in marcia;Intersezione non regolata/non segnalata;Una carreggiata a doppio senso;Asciutto;Asfaltata;Verticale ed orizzontale;Sereno;Scarso;Buona;Ore Diurne;0;0;0;5;12,5079;41,97506;-1;2;Autovettura privata;In marcia / fermata / arresto;Passeggero;M;Illeso;0;;Non accertato;
4418553;4;09/06/2019 19:20:00;Strada Urbana;VIA S. BERNARDINO DA SIENA;all'intersezione con;VIA RADICOFANI;VIA RADICOFANI;;;Scontro frontale/laterale SX fra veicoli in marcia;Intersezione non regolata/non segnalata;Una carreggiata a doppio senso;Asciutto;Asfaltata;Verticale ed orizzontale;Sereno;Scarso;Buona;Ore Diurne;0;0;0;5;12,5079;41,97506;-1;2;Autovettura privata;In marcia / fermata / arresto;Conducente;M;Illeso;0;;Non accertato;Inesploso
4418553;4;09/06/2019 19:20:00;Strada Urbana;VIA S. BERNARDINO DA SIENA;all'intersezione con;VIA RADICOFANI;VIA RADICOFANI;;;Scontro frontale/laterale SX fra veicoli in marcia;Intersezione non regolata/non segnalata;Una carreggiata a doppio senso;Asciutto;Asfaltata;Verticale ed orizzontale;Sereno;Scarso;Buona;Ore Diurne;0;0;0;5;12,5079;41,97506;-1;2;Autovettura privata;In marcia / fermata / arresto;Passeggero;F;Illeso;0;;Non accertato;
4418553;4;09/06/2019 19:20:00;Strada Urbana;VIA S. BERNARDINO DA SIENA;all'intersezione con;VIA RADICOFANI;VIA RADICOFANI;;;Scontro frontale/laterale SX fra veicoli in marcia;Intersezione non regolata/non segnalata;Una carreggiata a doppio senso;Asciutto;Asfaltata;Verticale ed orizzontale;Sereno;Scarso;Buona;Ore Diurne;0;0;0;5;12,5079;41,97506;-1;2;Autovettura privata;In marcia / fermata / arresto;Passeggero;M;Illeso;0;;Non accertato;
4418554;17;09/06/2019 20:00:00;Strada Urbana;PIAZZA DELLA ROVERE;da specificare;;;;RAMPA di immiss. in galleria DIREZ. GREGORIO VII;Tamponamento;Rettilineo;Pi� di due carreggiate;Asciutto;Asfaltata;Orizzontale;Sereno;Normale;Buona;Sufficiente;0;0;0;2;12,46072;41,89968;-1;1;Autovettura privata;In marcia / fermata / arresto;Conducente;M;Illeso;0;;;
4418554;17;09/06/2019 20:00:00;Strada Urbana;PIAZZA DELLA ROVERE;da specificare;;;;RAMPA di immiss. in galleria DIREZ. GREGORIO VII;Tamponamento;Rettilineo;Pi� di due carreggiate;Asciutto;Asfaltata;Orizzontale;Sereno;Normale;Buona;Sufficiente;0;0;0;2;12,46072;41,89968;-1;2;Autovettura privata;In marcia / fermata / arresto;Conducente;M;Illeso;0;;;
4418555;16;08/06/2019 19:00:00;Strada Urbana;VIA BERNARDINO RAMAZZINI;in corrispondenza;;del civico n.;80;;Scontro frontale/laterale DX fra veicoli in marcia;Rettilineo;Una carreggiata a doppio senso;Asciutto;Asfaltata;Verticale ed orizzontale;Sereno;Normale;Buona;Ore Diurne;2;0;0;3;12,45341;41,86926;-1;1;Autovettura privata;In marcia / fermata / arresto;Conducente;M;Illeso;0;;Non accertato;Inesploso
4418555;16;08/06/2019 19:00:00;Strada Urbana;VIA BERNARDINO RAMAZZINI;in corrispondenza;;del civico n.;80;;Scontro frontale/laterale DX fra veicoli in marcia;Rettilineo;Una carreggiata a doppio senso;Asciutto;Asfaltata;Verticale ed orizzontale;Sereno;Normale;Buona;Ore Diurne;2;0;0;3;12,45341;41,86926;-1;1;Autovettura privata;In marcia / fermata / arresto;Passeggero;M;Illeso;0;;Non accertato;Inesploso
4418555;16;08/06/2019 19:00:00;Strada Urbana;VIA BERNARDINO RAMAZZINI;in corrispondenza;;del civico n.;80;;Scontro frontale/laterale DX fra veicoli in marcia;Rettilineo;Una carreggiata a doppio senso;Asciutto;Asfaltata;Verticale ed orizzontale;Sereno;Normale;Buona;Ore Diurne;2;0;0;3;12,45341;41,86926;-1;1;Autovettura privata;In marcia / fermata / arresto;Passeggero;F;Illeso;0;;Non accertato;Inesploso
4418555;16;08/06/2019 19:00:00;Strada Urbana;VIA BERNARDINO RAMAZZINI;in corrispondenza;;del civico n.;80;;Scontro frontale/laterale DX fra veicoli in marcia;Rettilineo;Una carreggiata a doppio senso;Asciutto;Asfaltata;Verticale ed orizzontale;Sereno;Normale;Buona;Ore Diurne;2;0;0;3;12,45341;41,86926;-1;2;Motociclo con passeggero;In marcia / fermata / arresto;Conducente;M;Rimandato;0;NON DECEDUTO;Non accertato;
4418555;16;08/06/2019 19:00:00;Strada Urbana;VIA BERNARDINO RAMAZZINI;in corrispondenza;;del civico n.;80;;Scontro frontale/laterale DX fra veicoli in marcia;Rettilineo;Una carreggiata a doppio senso;Asciutto;Asfaltata;Verticale ed orizzontale;Sereno;Normale;Buona;Ore Diurne;2;0;0;3;12,45341;41,86926;-1;2;Motociclo con passeggero;In marcia / fermata / arresto;Passeggero;M;Rimandato;0;NON DECEDUTO;Non accertato;
4418603;16;08/06/2019 14:35:00;Strada Urbana;VIALE ISACCO NEWTON;in prossimit�;;del civico n.;51;;Scontro laterale fra veicoli in marcia;Rettilineo;Due carreggiate;Asciutto;Asfaltata;Verticale ed orizzontale;Sereno;Normale;Buona;Ore Diurne;0;0;0;3;12,44155;41,85759;-1;1;Autovettura privata;In marcia / fermata / arresto;Conducente;F;Illeso;0;;;
4418603;16;08/06/2019 14:35:00;Strada Urbana;VIALE ISACCO NEWTON;in prossimit�;;del civico n.;51;;Scontro laterale fra veicoli in marcia;Rettilineo;Due carreggiate;Asciutto;Asfaltata;Verticale ed orizzontale;Sereno;Normale;Buona;Ore Diurne;0;0;0;3;12,44155;41,85759;-1;2;Autovettura privata;In marcia / fermata / arresto;Passeggero;F;Illeso;0;;;
4418603;16;08/06/2019 14:35:00;Strada Urbana;VIALE ISACCO NEWTON;in prossimit�;;del civico n.;51;;Scontro laterale fra veicoli in marcia;Rettilineo;Due carreggiate;Asciutto;Asfaltata;Verticale ed orizzontale;Sereno;Normale;Buona;Ore Diurne;0;0;0;3;12,44155;41,85759;-1;2;Autovettura privata;In marcia / fermata / arresto;Conducente;M;Illeso;0;;;
4418629;7;08/06/2019 00:30:00;Strada Urbana;VIA CESARE BARONIO;all'intersezione con;VIA LUIGI CIBRARIO;VIA LUIGI CIBRARIO;;;Scontro frontale/laterale DX fra veicoli in marcia;Incrocio;Una carreggiata a senso unico di marcia;Asciutto;Asfaltata;Verticale ed orizzontale;Sereno;Scarso;Buona;Sufficiente;1;0;0;3;12,51824;41,87233;-1;1;Autovettura privata;In marcia / fermata / arresto;Conducente;M;Illeso;0;;Non accertato;Inesploso
4418629;7;08/06/2019 00:30:00;Strada Urbana;VIA CESARE BARONIO;all'intersezione con;VIA LUIGI CIBRARIO;VIA LUIGI CIBRARIO;;;Scontro frontale/laterale DX fra veicoli in marcia;Incrocio;Una carreggiata a senso unico di marcia;Asciutto;Asfaltata;Verticale ed orizzontale;Sereno;Scarso;Buona;Sufficiente;1;0;0;3;12,51824;41,87233;-1;1;Autovettura privata;In marcia / fermata / arresto;Passeggero;M;Illeso;0;;Non accertato;Inesploso
4418629;7;08/06/2019 00:30:00;Strada Urbana;VIA CESARE BARONIO;all'intersezione con;VIA LUIGI CIBRARIO;VIA LUIGI CIBRARIO;;;Scontro frontale/laterale DX fra veicoli in marcia;Incrocio;Una carreggiata a senso unico di marcia;Asciutto;Asfaltata;Verticale ed orizzontale;Sereno;Scarso;Buona;Sufficiente;1;0;0;3;12,51824;41,87233;-1;1;Autovettura privata;In marcia / fermata / arresto;Passeggero;F;Illeso;0;;Non accertato;Inesploso
4418629;7;08/06/2019 00:30:00;Strada Urbana;VIA CESARE BARONIO;all'intersezione con;VIA LUIGI CIBRARIO;VIA LUIGI CIBRARIO;;;Scontro frontale/laterale DX fra veicoli in marcia;Incrocio;Una carreggiata a senso unico di marcia;Asciutto;Asfaltata;Verticale ed orizzontale;Sereno;Scarso;Buona;Sufficiente;1;0;0;3;12,51824;41,87233;-1;2;Autovettura privata;In marcia / fermata / arresto;Conducente;M;Rimandato;0;NON DECEDUTO;Non accertato;Esploso
4418647;16;08/06/2019 17:10:00;Strada Urbana;CIRCONVALLAZIONE GIANICOLENSE;in prossimit�;;del civico n.;54;;Veicolo in marcia contro ostacolo accidentale;Rettilineo;Pi� di due carreggiate;Asciutto;Asfaltata;Verticale;Sereno;Normale;Buona;Ore Diurne;0;0;0;1;12,4614;41,87309;-1;1;Autovettura privata;In marcia / fermata / arresto;Conducente;M;Illeso;0;;;
4418663;11;10/06/2019 12:40:00;Strada Urbana;VIA LAURENTINA;all'intersezione con;PIAZZALE ROBERTO ARDIGO';PIAZZALE ROBERTO ARDIGO';;;Tamponamento;Intersezione stradale segnalata;Due carreggiate;Asciutto;Asfaltata;Verticale ed orizzontale;Nuvoloso;Normale;Buona;Ore Diurne;0;0;0;3;12,48077;41,8417;-1;1;Autovettura privata;In marcia / fermata / arresto;Conducente;M;Illeso;0;;Non accertato;Inesploso
4418663;11;10/06/2019 12:40:00;Strada Urbana;VIA LAURENTINA;all'intersezione con;PIAZZALE ROBERTO ARDIGO';PIAZZALE ROBERTO ARDIGO';;;Tamponamento;Intersezione stradale segnalata;Due carreggiate;Asciutto;Asfaltata;Verticale ed orizzontale;Nuvoloso;Normale;Buona;Ore Diurne;0;0;0;3;12,48077;41,8417;-1;1;Autovettura privata;In marcia / fermata / arresto;Passeggero;F;Illeso;0;;Non accertato;Inesploso
4418663;11;10/06/2019 12:40:00;Strada Urbana;VIA LAURENTINA;all'intersezione con;PIAZZALE ROBERTO ARDIGO';PIAZZALE ROBERTO ARDIGO';;;Tamponamento;Intersezione stradale segnalata;Due carreggiate;Asciutto;Asfaltata;Verticale ed orizzontale;Nuvoloso;Normale;Buona;Ore Diurne;0;0;0;3;12,48077;41,8417;-1;2;Motociclo a solo;In marcia / fermata / arresto;Conducente;M;Illeso;0;;Non accertato;
4418710;16;09/06/2019 07:45:00;Strada Urbana;VIA ROMANO GUERRA;all'intersezione semaforizzata con;VIA DELLA MASSIMILLA;VIA DELLA MASSIMILLA;;;Scontro frontale/laterale DX fra veicoli in marcia;Intersezione semaforizzata;Una carreggiata a senso unico di marcia;Asciutto;Asfaltata;Verticale ed orizzontale;Sereno;Normale;Buona;Ore Diurne;0;0;0;2;12,34968;41,88126;-1;1;Autovettura privata;In marcia / fermata / arresto;Conducente;F;Illeso;0;;Non accertato;Inesploso
4418710;16;09/06/2019 07:45:00;Strada Urbana;VIA ROMANO GUERRA;all'intersezione semaforizzata con;VIA DELLA MASSIMILLA;VIA DELLA MASSIMILLA;;;Scontro frontale/laterale DX fra veicoli in marcia;Intersezione semaforizzata;Una carreggiata a senso unico di marcia;Asciutto;Asfaltata;Verticale ed orizzontale;Sereno;Normale;Buona;Ore Diurne;0;0;0;2;12,34968;41,88126;-1;2;Autovettura privata;In marcia / fermata / arresto;Conducente;M;Illeso;0;;Non accertato;Inesploso
4418712;16;07/06/2019 19:40:00;Strada Urbana;PIAZZALE AURELIO;in prossimit�;;del civico n.;7;;Scontro frontale/laterale SX fra veicoli in marcia;Rettilineo;Una carreggiata a senso unico di marcia;Asciutto;Asfaltata;Verticale ed orizzontale;Sereno;Normale;Buona;Sufficiente;0;0;0;2;12,46123;41,88821;-1;1;Autovettura privata;In marcia / fermata / arresto;Conducente;F;Illeso;0;;;
4418712;16;07/06/2019 19:40:00;Strada Urbana;PIAZZALE AURELIO;in prossimit�;;del civico n.;7;;Scontro frontale/laterale SX fra veicoli in marcia;Rettilineo;Una carreggiata a senso unico di marcia;Asciutto;Asfaltata;Verticale ed orizzontale;Sereno;Normale;Buona;Sufficiente;0;0;0;2;12,46123;41,88821;-1;2;Autovettura privata;In marcia / fermata / arresto;Conducente;M;Illeso;0;;;
4418721;16;08/06/2019 12:45:00;Strada Urbana;VIA VITELLIA;all'intersezione con;VIA LUDOVICA ALBERTONI;VIA LUDOVICA ALBERTONI;;;Scontro frontale/laterale DX fra veicoli in marcia;Intersezione stradale segnalata;Una carreggiata a senso unico di marcia;Asciutto;Asfaltata;Verticale ed orizzontale;Sereno;Normale;Buona;Ore Diurne;0;0;0;7;12,44837;41,88008;-1;1;Autovettura privata;In marcia / fermata / arresto;Conducente;F;Illeso;0;;;
4418721;16;08/06/2019 12:45:00;Strada Urbana;VIA VITELLIA;all'intersezione con;VIA LUDOVICA ALBERTONI;VIA LUDOVICA ALBERTONI;;;Scontro frontale/laterale DX fra veicoli in marcia;Intersezione stradale segnalata;Una carreggiata a senso unico di marcia;Asciutto;Asfaltata;Verticale ed orizzontale;Sereno;Normale;Buona;Ore Diurne;0;0;0;7;12,44837;41,88008;-1;1;Autovettura privata;In marcia / fermata / arresto;Passeggero;M;Illeso;0;;;
4418721;16;08/06/2019 12:45:00;Strada Urbana;VIA VITELLIA;all'intersezione con;VIA LUDOVICA ALBERTONI;VIA LUDOVICA ALBERTONI;;;Scontro frontale/laterale DX fra veicoli in marcia;Intersezione stradale segnalata;Una carreggiata a senso unico di marcia;Asciutto;Asfaltata;Verticale ed orizzontale;Sereno;Normale;Buona;Ore Diurne;0;0;0;7;12,44837;41,88008;-1;1;Autovettura privata;In marcia / fermata / arresto;Passeggero;F;Illeso;0;;;
4418721;16;08/06/2019 12:45:00;Strada Urbana;VIA VITELLIA;all'intersezione con;VIA LUDOVICA ALBERTONI;VIA LUDOVICA ALBERTONI;;;Scontro frontale/laterale DX fra veicoli in marcia;Intersezione stradale segnalata;Una carreggiata a senso unico di marcia;Asciutto;Asfaltata;Verticale ed orizzontale;Sereno;Normale;Buona;Ore Diurne;0;0;0;7;12,44837;41,88008;-1;1;Autovettura privata;In marcia / fermata / arresto;Passeggero;F;Illeso;0;;;
4418721;16;08/06/2019 12:45:00;Strada Urbana;VIA VITELLIA;all'intersezione con;VIA LUDOVICA ALBERTONI;VIA LUDOVICA ALBERTONI;;;Scontro frontale/laterale DX fra veicoli in marcia;Intersezione stradale segnalata;Una carreggiata a senso unico di marcia;Asciutto;Asfaltata;Verticale ed orizzontale;Sereno;Normale;Buona;Ore Diurne;0;0;0;7;12,44837;41,88008;-1;1;Autovettura privata;In marcia / fermata / arresto;Passeggero;M;Illeso;0;;;
4418721;16;08/06/2019 12:45:00;Strada Urbana;VIA VITELLIA;all'intersezione con;VIA LUDOVICA ALBERTONI;VIA LUDOVICA ALBERTONI;;;Scontro frontale/laterale DX fra veicoli in marcia;Intersezione stradale segnalata;Una carreggiata a senso unico di marcia;Asciutto;Asfaltata;Verticale ed orizzontale;Sereno;Normale;Buona;Ore Diurne;0;0;0;7;12,44837;41,88008;-1;2;Autovettura privata;In marcia / fermata / arresto;Passeggero;F;Illeso;0;;;
4418721;16;08/06/2019 12:45:00;Strada Urbana;VIA VITELLIA;all'intersezione con;VIA LUDOVICA ALBERTONI;VIA LUDOVICA ALBERTONI;;;Scontro frontale/laterale DX fra veicoli in marcia;Intersezione stradale segnalata;Una carreggiata a senso unico di marcia;Asciutto;Asfaltata;Verticale ed orizzontale;Sereno;Normale;Buona;Ore Diurne;0;0;0;7;12,44837;41,88008;-1;2;Autovettura privata;In marcia / fermata / arresto;Conducente;F;Illeso;0;;;
4418739;4;09/06/2019 19:48:00;Statale;VIA SALARIA;da specificare;;;;km 17.350 direzione ROMA CENTRO;Tamponamento Multiplo;Rettilineo;Una carreggiata a doppio senso;Asciutto;Asfaltata;Verticale ed orizzontale;Sereno;Normale;Buona;Ore Diurne;3;0;0;10;12,68049;42,15557;-1;1;Autovettura privata;In marcia / fermata / arresto;Passeggero;F;Illeso;0;;Non accertato;Inesploso
4418739;4;09/06/2019 19:48:00;Statale;VIA SALARIA;da specificare;;;;km 17.350 direzione ROMA CENTRO;Tamponamento Multiplo;Rettilineo;Una carreggiata a doppio senso;Asciutto;Asfaltata;Verticale ed orizzontale;Sereno;Normale;Buona;Ore Diurne;3;0;0;10;12,68049;42,15557;-1;1;Autovettura privata;In marcia / fermata / arresto;Passeggero;M;Illeso;0;;Non accertato;Inesploso
4418739;4;09/06/2019 19:48:00;Statale;VIA SALARIA;da specificare;;;;km 17.350 direzione ROMA CENTRO;Tamponamento Multiplo;Rettilineo;Una carreggiata a doppio senso;Asciutto;Asfaltata;Verticale ed orizzontale;Sereno;Normale;Buona;Ore Diurne;3;0;0;10;12,68049;42,15557;-1;1;Autovettura privata;In marcia / fermata / arresto;Passeggero;F;Illeso;0;;Non accertato;Inesploso
4418739;4;09/06/2019 19:48:00;Statale;VIA SALARIA;da specificare;;;;km 17.350 direzione ROMA CENTRO;Tamponamento Multiplo;Rettilineo;Una carreggiata a doppio senso;Asciutto;Asfaltata;Verticale ed orizzontale;Sereno;Normale;Buona;Ore Diurne;3;0;0;10;12,68049;42,15557;-1;1;Autovettura privata;In marcia / fermata / arresto;Conducente;M;Illeso;0;;Non accertato;Inesploso
4418739;4;09/06/2019 19:48:00;Statale;VIA SALARIA;da specificare;;;;km 17.350 direzione ROMA CENTRO;Tamponamento Multiplo;Rettilineo;Una carreggiata a doppio senso;Asciutto;Asfaltata;Verticale ed orizzontale;Sereno;Normale;Buona;Ore Diurne;3;0;0;10;12,68049;42,15557;-1;2;Autovettura privata;In marcia / fermata / arresto;Passeggero;F;Rimandato;0;NON DECEDUTO;Non accertato;Inesploso
4418739;4;09/06/2019 19:48:00;Statale;VIA SALARIA;da specificare;;;;km 17.350 direzione ROMA CENTRO;Tamponamento Multiplo;Rettilineo;Una carreggiata a doppio senso;Asciutto;Asfaltata;Verticale ed orizzontale;Sereno;Normale;Buona;Ore Diurne;3;0;0;10;12,68049;42,15557;-1;2;Autovettura privata;In marcia / fermata / arresto;Conducente;M;Illeso;0;;Non accertato;Inesploso
4418739;4;09/06/2019 19:48:00;Statale;VIA SALARIA;da specificare;;;;km 17.350 direzione ROMA CENTRO;Tamponamento Multiplo;Rettilineo;Una carreggiata a doppio senso;Asciutto;Asfaltata;Verticale ed orizzontale;Sereno;Normale;Buona;Ore Diurne;3;0;0;10;12,68049;42,15557;-1;2;Autovettura privata;In marcia / fermata / arresto;Passeggero;F;Rimandato;0;NON DECEDUTO;Non accertato;Inesploso
4418739;4;09/06/2019 19:48:00;Statale;VIA SALARIA;da specificare;;;;km 17.350 direzione ROMA CENTRO;Tamponamento Multiplo;Rettilineo;Una carreggiata a doppio senso;Asciutto;Asfaltata;Verticale ed orizzontale;Sereno;Normale;Buona;Ore Diurne;3;0;0;10;12,68049;42,15557;-1;2;Autovettura privata;In marcia / fermata / arresto;Passeggero;F;Rimandato;0;NON DECEDUTO;Non accertato;Inesploso
4418739;4;09/06/2019 19:48:00;Statale;VIA SALARIA;da specificare;;;;km 17.350 direzione ROMA CENTRO;Tamponamento Multiplo;Rettilineo;Una carreggiata a doppio senso;Asciutto;Asfaltata;Verticale ed orizzontale;Sereno;Normale;Buona;Ore Diurne;3;0;0;10;12,68049;42,15557;-1;3;Autovettura privata;In marcia / fermata / arresto;Conducente;M;Illeso;0;;Non accertato;Inesploso
4418739;4;09/06/2019 19:48:00;Statale;VIA SALARIA;da specificare;;;;km 17.350 direzione ROMA CENTRO;Tamponamento Multiplo;Rettilineo;Una carreggiata a doppio senso;Asciutto;Asfaltata;Verticale ed orizzontale;Sereno;Normale;Buona;Ore Diurne;3;0;0;10;12,68049;42,15557;-1;4;Autovettura privata;In marcia / fermata / arresto;Passeggero;M;Illeso;0;;Non accertato;Inesploso
4418739;4;09/06/2019 19:48:00;Statale;VIA SALARIA;da specificare;;;;km 17.350 direzione ROMA CENTRO;Tamponamento Multiplo;Rettilineo;Una carreggiata a doppio senso;Asciutto;Asfaltata;Verticale ed orizzontale;Sereno;Normale;Buona;Ore Diurne;3;0;0;10;12,68049;42,15557;-1;4;Autovettura privata;In marcia / fermata / arresto;Conducente;M;Illeso;0;;Non accertato;Inesploso
4418739;4;09/06/2019 19:48:00;Statale;VIA SALARIA;da specificare;;;;km 17.350 direzione ROMA CENTRO;Tamponamento Multiplo;Rettilineo;Una carreggiata a doppio senso;Asciutto;Asfaltata;Verticale ed orizzontale;Sereno;Normale;Buona;Ore Diurne;3;0;0;10;12,68049;42,15557;-1;5;Autovettura privata;In marcia / fermata / arresto;Passeggero;M;Illeso;0;;Non accertato;Inesploso