Protocollo;Gruppo;DataOraIncidente;Localizzazione1;STRADA1;Localizzazione2;STRADA2;Strada02;Chilometrica;DaSpecificare;NaturaIncidente;particolaritastrade;TipoStrada;FondoStradale;Pavimentazione;Segnaletica;CondizioneAtmosferica;Traffico;Visibilita;Illuminazione;NUM_FERITI;NUM_RISERVATA;NUM_MORTI;NUM_ILLESI;Longitudine;Latitudine;Confermato;Progressivo;TipoVeicolo;StatoVeicolo;TipoPersona;Sesso;Tipolesione;Deceduto;DecedutoDopo;CinturaCascoUtilizzato;Airbag;
4425580;5;13/06/2019 18:00:00;Strada Urbana;VIA TIBURTINA;in corrispondenza;;del civico n.;1316;;Tamponamento;Rettilineo;Due carreggiate;Asciutto;Asfaltata;Orizzontale;Sereno;Intenso;Buona;Ore Diurne;1;0;0;1;12,61564;41,93652;-1;1;Autovettura privata;In marcia / fermata / arresto;Conducente;F;Rimandato;0;NON DECEDUTO;Non accertato;
4425580;5;13/06/2019 18:00:00;Strada Urbana;VIA TIBURTINA;in corrispondenza;;del civico n.;1316;;Tamponamento;Rettilineo;Due carreggiate;Asciutto;Asfaltata;Orizzontale;Sereno;Intenso;Buona;Ore Diurne;1;0;0;1;12,61564;41,93652;-1;2;Autovettura privata;In marcia / fermata / arresto;Conducente;M;Illeso;0;;Non accertato;
4425590;5;13/06/2019 20:45:00;;VIA DEI MONTI TIBURTINI;da specificare;;;;fronte  Via Sequenza;Tamponamento;;;;;;;;;;1;0;0;0;12,53718;41,91889;0;1;Autovettura privata;In marcia / fermata / arresto;Conducente;F;Rimandato;0;NON DECEDUTO;;
4425590;5;13/06/2019 20:45:00;;VIA DEI MONTI TIBURTINI;da specificare;;;;fronte  Via Sequenza;Tamponamento;;;;;;;;;;1;0;0;0;12,53718;41,91889;0;2;Autovettura privata;In marcia / fermata / arresto;;;;;;;
4425598;13;13/06/2019 17:50:00;Strada Urbana;VIALE DEI ROMAGNOLI;all'intersezione con;VIA GABRIELE TORREMUZZA;VIA GABRIELE TORREMUZZA;;;Scontro frontale/laterale DX fra veicoli in marcia;Incrocio;Una carreggiata a doppio senso;Asciutto;Asfaltata;Verticale ed orizzontale;Sereno;Intenso;Buona;Ore Diurne;1;0;0;3;12,30789;41,76299;-1;1;Motociclo a solo;In marcia / fermata / arresto;Conducente;M;Rimandato;0;NON DECEDUTO;Non accertato;
4425598;13;13/06/2019 17:50:00;Strada Urbana;VIALE DEI ROMAGNOLI;all'intersezione con;VIA GABRIELE TORREMUZZA;VIA GABRIELE TORREMUZZA;;;Scontro frontale/laterale DX fra veicoli in marcia;Incrocio;Una carreggiata a doppio senso;Asciutto;Asfaltata;Verticale ed orizzontale;Sereno;Intenso;Buona;Ore Diurne;1;0;0;3;12,30789;41,76299;-1;2;Autovettura privata;In marcia / fermata / arresto;Passeggero;M;Illeso;0;;Non accertato;Inesploso
4425598;13;13/06/2019 17:50:00;Strada Urbana;VIALE DEI ROMAGNOLI;all'intersezione con;VIA GABRIELE TORREMUZZA;VIA GABRIELE TORREMUZZA;;;Scontro frontale/laterale DX fra veicoli in marcia;Incrocio;Una carreggiata a doppio senso;Asciutto;Asfaltata;Verticale ed orizzontale;Sereno;Intenso;Buona;Ore Diurne;1;0;0;3;12,30789;41,76299;-1;2;Autovettura privata;In marcia / fermata / arresto;Conducente;M;Illeso;0;;Non accertato;Inesploso
4425601;11;13/06/2019 13:20:00;Strada Urbana;VICOLO DELLA BASILICA;da specificare;;;;70 mt prima di A. Pignatelli;Fuoriuscita dalla sede stradale;Rettilineo;Una carreggiata a senso unico di marcia;Asciutto;Asfaltata;Verticale ed orizzontale;Sereno;Normale;Buona;Ore Diurne;1;0;0;0;12,51761;41,8567;-1;1;Autovettura privata;In marcia / fermata / arresto;Conducente;M;Rimandato;0;NON DECEDUTO;Non accertato;
4425606;19;13/06/2019 14:45:00;Strada Urbana;VIA DELLA PINETA SACCHETTI;in prossimit�;;del civico n.;171;;Tamponamento;Rettilineo;Una carreggiata a senso unico di marcia;Asciutto;Asfaltata;Verticale ed orizzontale;Sereno;Normale;Buona;Ore Diurne;0;0;0;3;12,42487;41,92412;-1;1;Autovettura privata;In marcia / fermata / arresto;Conducente;F;Illeso;0;;Non accertato;
4425606;19;13/06/2019 14:45:00;Strada Urbana;VIA DELLA PINETA SACCHETTI;in prossimit�;;del civico n.;171;;Tamponamento;Rettilineo;Una carreggiata a senso unico di marcia;Asciutto;Asfaltata;Verticale ed orizzontale;Sereno;Normale;Buona;Ore Diurne;0;0;0;3;12,42487;41,92412;-1;2;Autovettura privata;In marcia / fermata / arresto;Passeggero;M;Illeso;0;;Non accertato;
4425606;19;13/06/2019 14:45:00;Strada Urbana;VIA DELLA PINETA SACCHETTI;in prossimit�;;del civico n.;171;;Tamponamento;Rettilineo;Una carreggiata a senso unico di marcia;Asciutto;Asfaltata;Verticale ed orizzontale;Sereno;Normale;Buona;Ore Diurne;0;0;0;3;12,42487;41,92412;-1;2;Autovettura privata;In marcia / fermata / arresto;Conducente;M;Illeso;0;;Non accertato;
4425616;11;14/06/2019 02:00:00;Strada Urbana;VIA DELLA MAGLIANA;all'intersezione con;VIA LUIGI CANDONI;VIA LUIGI CANDONI;;;Infortunio per sola frenata improvvisa;Intersezione non regolata/non segnalata;Una carreggiata a doppio senso;Asciutto;Asfaltata;Verticale ed orizzontale;Sereno;Scarso;Buona;Sufficiente;2;0;0;0;12,4168;41,82868;-1;1;Motociclo con passeggero;In marcia / fermata / arresto;Passeggero;F;Rimandato;0;NON DECEDUTO;Non accertato;
4425616;11;14/06/2019 02:00:00;Strada Urbana;VIA DELLA MAGLIANA;all'intersezione con;VIA LUIGI CANDONI;VIA LUIGI CANDONI;;;Infortunio per sola frenata improvvisa;Intersezione non regolata/non segnalata;Una carreggiata a doppio senso;Asciutto;Asfaltata;Verticale ed orizzontale;Sereno;Scarso;Buona;Sufficiente;2;0;0;0;12,4168;41,82868;-1;1;Motociclo con passeggero;In marcia / fermata / arresto;Conducente;F;Rimandato;0;NON DECEDUTO;Non accertato;
4425619;8;13/06/2019 06:00:00;Statale entro l'abitato;VIA CASILINA;da specificare;;;;intersezione con Via di Vermicino;Tamponamento;Rettilineo;Una carreggiata a doppio senso;Asciutto;Asfaltata;Verticale;Sereno;Scarso;Buona;Ore Diurne;0;0;0;2;12,6849;41,86253;-1;1;Autocarro superiore 35 q.;In marcia / fermata / arresto;Conducente;M;Illeso;0;;;
4425619;8;13/06/2019 06:00:00;Statale entro l'abitato;VIA CASILINA;da specificare;;;;intersezione con Via di Vermicino;Tamponamento;Rettilineo;Una carreggiata a doppio senso;Asciutto;Asfaltata;Verticale;Sereno;Scarso;Buona;Ore Diurne;0;0;0;2;12,6849;41,86253;-1;2;Autocarro inferiore 35 q.;In marcia / fermata / arresto;Conducente;M;Illeso;0;;;
4425622;8;13/06/2019 09:30:00;Statale entro l'abitato;VIA CASILINA;all'intersezione con;VIA TOMMASO MERCANDETTI;VIA TOMMASO MERCANDETTI;;;Tamponamento Multiplo;Intersezione stradale segnalata;Una carreggiata a doppio senso;Asciutto;Asfaltata;Verticale ed orizzontale;Sereno;Normale;Buona;Ore Diurne;1;0;0;5;12,61141;41,86359;-1;1;Autovettura privata;In marcia / fermata / arresto;Conducente;M;Illeso;0;;Non accertato;Inesploso
4425622;8;13/06/2019 09:30:00;Statale entro l'abitato;VIA CASILINA;all'intersezione con;VIA TOMMASO MERCANDETTI;VIA TOMMASO MERCANDETTI;;;Tamponamento Multiplo;Intersezione stradale segnalata;Una carreggiata a doppio senso;Asciutto;Asfaltata;Verticale ed orizzontale;Sereno;Normale;Buona;Ore Diurne;1;0;0;5;12,61141;41,86359;-1;1;Autovettura privata;In marcia / fermata / arresto;Passeggero;F;Illeso;0;;Non accertato;Inesploso
4425622;8;13/06/2019 09:30:00;Statale entro l'abitato;VIA CASILINA;all'intersezione con;VIA TOMMASO MERCANDETTI;VIA TOMMASO MERCANDETTI;;;Tamponamento Multiplo;Intersezione stradale segnalata;Una carreggiata a doppio senso;Asciutto;Asfaltata;Verticale ed orizzontale;Sereno;Normale;Buona;Ore Diurne;1;0;0;5;12,61141;41,86359;-1;1;Autovettura privata;In marcia / fermata / arresto;Passeggero;F;Illeso;0;;Non accertato;Inesploso
4425622;8;13/06/2019 09:30:00;Statale entro l'abitato;VIA CASILINA;all'intersezione con;VIA TOMMASO MERCANDETTI;VIA TOMMASO MERCANDETTI;;;Tamponamento Multiplo;Intersezione stradale segnalata;Una carreggiata a doppio senso;Asciutto;Asfaltata;Verticale ed orizzontale;Sereno;Normale;Buona;Ore Diurne;1;0;0;5;12,61141;41,86359;-1;1;Autovettura privata;In marcia / fermata / arresto;Passeggero;M;Illeso;0;;Non accertato;Inesploso
4425622;8;13/06/2019 09:30:00;Statale entro l'abitato;VIA CASILINA;all'intersezione con;VIA TOMMASO MERCANDETTI;VIA TOMMASO MERCANDETTI;;;Tamponamento Multiplo;Intersezione stradale segnalata;Una carreggiata a doppio senso;Asciutto;Asfaltata;Verticale ed orizzontale;Sereno;Normale;Buona;Ore Diurne;1;0;0;5;12,61141;41,86359;-1;2;Motociclo a solo;In marcia / fermata / arresto;Conducente;M;Rifiuta cure immediate;0;NON DECEDUTO;Non accertato;
4425622;8;13/06/2019 09:30:00;Statale entro l'abitato;VIA CASILINA;all'intersezione con;VIA TOMMASO MERCANDETTI;VIA TOMMASO MERCANDETTI;;;Tamponamento Multiplo;Intersezione stradale segnalata;Una carreggiata a doppio senso;Asciutto;Asfaltata;Verticale ed orizzontale;Sereno;Normale;Buona;Ore Diurne;1;0;0;5;12,61141;41,86359;-1;3;Motociclo a solo;In marcia / fermata / arresto;Conducente;M;Illeso;0;;Non accertato;
4425626;8;13/06/2019 11:50:00;Statale entro l'abitato;VIA CASILINA;in prossimit�;;del civico n.;1198;;Tamponamento Multiplo;Rettilineo;Una carreggiata a doppio senso;Asciutto;Asfaltata;Verticale ed orizzontale;Sereno;Intenso;Buona;Ore Diurne;2;0;0;1;12,60267;41,86451;-1;1;Autovettura privata;In marcia / fermata / arresto;Conducente;F;Illeso;0;;;
4425626;8;13/06/2019 11:50:00;Statale entro l'abitato;VIA CASILINA;in prossimit�;;del civico n.;1198;;Tamponamento Multiplo;Rettilineo;Una carreggiata a doppio senso;Asciutto;Asfaltata;Verticale ed orizzontale;Sereno;Intenso;Buona;Ore Diurne;2;0;0;1;12,60267;41,86451;-1;2;Autovettura privata;In marcia / fermata / arresto;Conducente;M;Rifiuta cure immediate;0;NON DECEDUTO;;
4425626;8;13/06/2019 11:50:00;Statale entro l'abitato;VIA CASILINA;in prossimit�;;del civico n.;1198;;Tamponamento Multiplo;Rettilineo;Una carreggiata a doppio senso;Asciutto;Asfaltata;Verticale ed orizzontale;Sereno;Intenso;Buona;Ore Diurne;2;0;0;1;12,60267;41,86451;-1;3;Autovettura privata;In marcia / fermata / arresto;Conducente;F;Rifiuta cure immediate;0;NON DECEDUTO;;
4425629;8;13/06/2019 12:45:00;;VIA DELL'USIGNOLO;in corrispondenza;;del civico n.;108;;Veicolo in marcia contro veicoli in sosta;;;;;;;;;;0;0;0;1;12,6016;41,87264;0;1;Motociclo con passeggero;In marcia / fermata / arresto;Conducente;M;Illeso;0;;;
4425629;8;13/06/2019 12:45:00;;VIA DELL'USIGNOLO;in corrispondenza;;del civico n.;108;;Veicolo in marcia contro veicoli in sosta;;;;;;;;;;0;0;0;1;12,6016;41,87264;0;2;Autovettura privata;Sosta;;;;;;;
4425629;8;13/06/2019 12:45:00;;VIA DELL'USIGNOLO;in corrispondenza;;del civico n.;108;;Veicolo in marcia contro veicoli in sosta;;;;;;;;;;0;0;0;1;12,6016;41,87264;0;3;Autovettura privata;Sosta;;;;;;;
4425630;19;14/06/2019 00:05:00;Strada Urbana;VIA DI TORREVECCHIA;all'intersezione con;VIA DELLA VALLE DEI FONTANILI;VIA DELLA VALLE DEI FONTANILI;;;Scontro frontale/laterale DX fra veicoli in marcia;Incrocio;Una carreggiata a senso unico alternato;Asciutto;Asfaltata;Verticale ed orizzontale;Sereno;Scarso;Buona;Sufficiente;0;0;0;3;12,4123;41,92339;-1;1;Autovettura privata;In marcia / fermata / arresto;Conducente;M;Illeso;0;;Non accertato;Inesploso
4425630;19;14/06/2019 00:05:00;Strada Urbana;VIA DI TORREVECCHIA;all'intersezione con;VIA DELLA VALLE DEI FONTANILI;VIA DELLA VALLE DEI FONTANILI;;;Scontro frontale/laterale DX fra veicoli in marcia;Incrocio;Una carreggiata a senso unico alternato;Asciutto;Asfaltata;Verticale ed orizzontale;Sereno;Scarso;Buona;Sufficiente;0;0;0;3;12,4123;41,92339;-1;1;Autovettura privata;In marcia / fermata / arresto;Passeggero;M;Illeso;0;;Non accertato;Inesploso
4425630;19;14/06/2019 00:05:00;Strada Urbana;VIA DI TORREVECCHIA;all'intersezione con;VIA DELLA VALLE DEI FONTANILI;VIA DELLA VALLE DEI FONTANILI;;;Scontro frontale/laterale DX fra veicoli in marcia;Incrocio;Una carreggiata a senso unico alternato;Asciutto;Asfaltata;Verticale ed orizzontale;Sereno;Scarso;Buona;Sufficiente;0;0;0;3;12,4123;41,92339;-1;2;Autovettura privata;In marcia / fermata / arresto;Conducente;M;Illeso;0;;Non accertato;Inesploso
4425633;8;13/06/2019 14:10:00;Strada Urbana;VIA VINCENZO BONIFATI;in prossimit�;;del civico n.;93;;Veicolo in marcia contro ostacolo fisso;Rettilineo;Una carreggiata a doppio senso;Asciutto;Asfaltata;Verticale ed orizzontale;Sereno;Scarso;Buona;Ore Diurne;0;0;0;2;12,65932;41,91727;-1;1;Autovettura privata;In marcia / fermata / arresto;Passeggero;F;Illeso;0;;;
4425633;8;13/06/2019 14:10:00;Strada Urbana;VIA VINCENZO BONIFATI;in prossimit�;;del civico n.;93;;Veicolo in marcia contro ostacolo fisso;Rettilineo;Una carreggiata a doppio senso;Asciutto;Asfaltata;Verticale ed orizzontale;Sereno;Scarso;Buona;Ore Diurne;0;0;0;2;12,65932;41,91727;-1;1;Autovettura privata;In marcia / fermata / arresto;Conducente;F;Illeso;0;;;
4425634;5;13/06/2019 17:30:00;Strada Urbana;PIAZZA DI S. MARIA DELL'OLIVO;in prossimit�;;del civico n.;10;;Scontro laterale fra veicoli in marcia;Rettilineo;Due carreggiate;Asciutto;Asfaltata;Verticale ed orizzontale;Sereno;Normale;Buona;Ore Diurne;0;0;0;4;12,62316;41,93973;-1;1;Motociclo con passeggero;In marcia / fermata / arresto;Conducente;M;Illeso;0;;Non accertato;
4425634;5;13/06/2019 17:30:00;Strada Urbana;PIAZZA DI S. MARIA DELL'OLIVO;in prossimit�;;del civico n.;10;;Scontro laterale fra veicoli in marcia;Rettilineo;Due carreggiate;Asciutto;Asfaltata;Verticale ed orizzontale;Sereno;Normale;Buona;Ore Diurne;0;0;0;4;12,62316;41,93973;-1;1;Motociclo con passeggero;In marcia / fermata / arresto;Passeggero;M;Illeso;0;;Non accertato;
4425634;5;13/06/2019 17:30:00;Strada Urbana;PIAZZA DI S. MARIA DELL'OLIVO;in prossimit�;;del civico n.;10;;Scontro laterale fra veicoli in marcia;Rettilineo;Due carreggiate;Asciutto;Asfaltata;Verticale ed orizzontale;Sereno;Normale;Buona;Ore Diurne;0;0;0;4;12,62316;41,93973;-1;2;Autovettura privata;In marcia / fermata / arresto;Conducente;M;Illeso;0;;Non accertato;Inesploso
4425634;5;13/06/2019 17:30:00;Strada Urbana;PIAZZA DI S. MARIA DELL'OLIVO;in prossimit�;;del civico n.;10;;Scontro laterale fra veicoli in marcia;Rettilineo;Due carreggiate;Asciutto;Asfaltata;Verticale ed orizzontale;Sereno;Normale;Buona;Ore Diurne;0;0;0;4;12,62316;41,93973;-1;2;Autovettura privata;In marcia / fermata / arresto;Passeggero;F;Illeso;0;;Non accertato;Inesploso
4425636;11;13/06/2019 14:50:00;Strada Urbana;VIA ALBERTO ASCARI;all'intersezione con;VIA DEI GRANAI DI NERVA;VIA DEI GRANAI DI NERVA;;;Scontro frontale/laterale SX fra veicoli in marcia;Incrocio;Una carreggiata a senso unico di marcia;Asciutto;Asfaltata;Verticale ed orizzontale;Sereno;Normale;Buona;Ore Diurne;2;0;0;1;12,50878;41,8338;-1;1;Autovettura privata;In marcia / fermata / arresto;Conducente;F;Rifiuta cure immediate;0;NON DECEDUTO;Non accertato;
4425636;11;13/06/2019 14:50:00;Strada Urbana;VIA ALBERTO ASCARI;all'intersezione con;VIA DEI GRANAI DI NERVA;VIA DEI GRANAI DI NERVA;;;Scontro frontale/laterale SX fra veicoli in marcia;Incrocio;Una carreggiata a senso unico di marcia;Asciutto;Asfaltata;Verticale ed orizzontale;Sereno;Normale;Buona;Ore Diurne;2;0;0;1;12,50878;41,8338;-1;1;Autovettura privata;In marcia / fermata / arresto;Passeggero;F;Rifiuta cure immediate;0;NON DECEDUTO;Non accertato;
4425636;11;13/06/2019 14:50:00;Strada Urbana;VIA ALBERTO ASCARI;all'intersezione con;VIA DEI GRANAI DI NERVA;VIA DEI GRANAI DI NERVA;;;Scontro frontale/laterale SX fra veicoli in marcia;Incrocio;Una carreggiata a senso unico di marcia;Asciutto;Asfaltata;Verticale ed orizzontale;Sereno;Normale;Buona;Ore Diurne;2;0;0;1;12,50878;41,8338;-1;2;Autovettura privata;In marcia / fermata / arresto;Conducente;M;Illeso;0;;Non accertato;
4425643;8;13/06/2019 14:20:00;Strada Urbana;VIALE GUIDO CARLI;da specificare;;;;altezza VIA GROTTE PORTELLA;Scontro frontale/laterale SX fra veicoli in marcia;Rotatoria;Due carreggiate;Asciutto;Asfaltata;Verticale ed orizzontale;Sereno;Scarso;Buona;Ore Diurne;0;0;0;2;12,64704;41,84318;-1;1;Autovettura privata;In marcia / fermata / arresto;Conducente;M;Illeso;0;;Non accertato;
4425643;8;13/06/2019 14:20:00;Strada Urbana;VIALE GUIDO CARLI;da specificare;;;;altezza VIA GROTTE PORTELLA;Scontro frontale/laterale SX fra veicoli in marcia;Rotatoria;Due carreggiate;Asciutto;Asfaltata;Verticale ed orizzontale;Sereno;Scarso;Buona;Ore Diurne;0;0;0;2;12,64704;41,84318;-1;2;Autoarticolato;In marcia / fermata / arresto;Conducente;M;Illeso;0;;Non accertato;
4425645;17;13/06/2019 11:15:00;Strada Urbana;VIA CANDIA;in prossimit�;;del civico n.;33;;Scontro laterale fra veicoli in marcia;Rettilineo;Una carreggiata a senso unico di marcia;Asciutto;Asfaltata;Verticale ed orizzontale;Sereno;Normale;Buona;Ore Diurne;0;0;0;2;12,45426;41,90837;-1;1;Autobus turistico;In marcia / fermata / arresto;Conducente;M;Illeso;0;;;
4425645;17;13/06/2019 11:15:00;Strada Urbana;VIA CANDIA;in prossimit�;;del civico n.;33;;Scontro laterale fra veicoli in marcia;Rettilineo;Una carreggiata a senso unico di marcia;Asciutto;Asfaltata;Verticale ed orizzontale;Sereno;Normale;Buona;Ore Diurne;0;0;0;2;12,45426;41,90837;-1;2;Autovettura privata;In marcia / fermata / arresto;Conducente;M;Illeso;0;;;
4425646;8;13/06/2019 16:10:00;Strada Urbana;VIA PIETRO SOMMARIVA;da specificare;;;;fronte civico 30;Veicolo in marcia contro veicolo in sosta;Rettilineo;Una carreggiata a doppio senso;Asciutto;Asfaltata;Orizzontale;Sereno;Normale;Buona;Ore Diurne;0;0;0;1;12,57514;41,86671;-1;1;Autovettura privata;In marcia / fermata / arresto;Conducente;M;Illeso;0;;;
4425646;8;13/06/2019 16:10:00;Strada Urbana;VIA PIETRO SOMMARIVA;da specificare;;;;fronte civico 30;Veicolo in marcia contro veicolo in sosta;Rettilineo;Una carreggiata a doppio senso;Asciutto;Asfaltata;Orizzontale;Sereno;Normale;Buona;Ore Diurne;0;0;0;1;12,57514;41,86671;-1;2;Autovettura privata;Sosta;;;;;;;
4425648;8;13/06/2019 16:40:00;;VIA DI TOR VERGATA;da specificare;;;;sottopasso rotatoria viale della Sorbona;Veicolo in marcia contro ostacolo accidentale;;;;;;;;;;0;0;0;1;12,62259;41,84677;0;1;Autovettura privata;In marcia / fermata / arresto;Conducente;M;Illeso;0;;Non accertato;Inesploso
4425649;19;13/06/2019 19:55:00;Strada Urbana;VIA TRIONFALE;in prossimit�;;del civico n.;12056;;Tamponamento;Rettilineo;Una carreggiata a doppio senso;Asciutto;Asfaltata;Verticale ed orizzontale;Sereno;Scarso;Buona;Ore Diurne;1;0;0;1;12,40924;41,96616;-1;1;Autovettura privata;In marcia / fermata / arresto;Conducente;F;Illeso;0;;;
4425649;19;13/06/2019 19:55:00;Strada Urbana;VIA TRIONFALE;in prossimit�;;del civico n.;12056;;Tamponamento;Rettilineo;Una carreggiata a doppio senso;Asciutto;Asfaltata;Verticale ed orizzontale;Sereno;Scarso;Buona;Ore Diurne;1;0;0;1;12,40924;41,96616;-1;2;Motociclo a solo;In marcia / fermata / arresto;Conducente;M;Rimandato;0;NON DECEDUTO;;
4425650;13;13/06/2019 14:10:00;Strada Urbana;VIALE DI CASTEL PORZIANO;in prossimit�;;del civico n.;356;;Veicolo in marcia contro ostacolo accidentale;Rettilineo;Una carreggiata a doppio senso;Asciutto;Asfaltata;Verticale;Sereno;Normale;Buona;Ore Diurne;0;0;0;1;12,35875;41,73403;-1;1;Autovettura privata;In marcia / fermata / arresto;Conducente;M;Illeso;0;;Non accertato;Inesploso
4425653;8;13/06/2019 16:50:00;Strada Urbana;VIA NICCOLO' CANNICCI;all'intersezione con;VIA GIOVAMBATTISTA CREMA;VIA GIOVAMBATTISTA CREMA;;;Scontro frontale/laterale DX fra veicoli in marcia;Incrocio;Una carreggiata a doppio senso;Asciutto;Asfaltata;Assente;Sereno;Scarso;Buona;Ore Diurne;0;0;0;5;12,66165;41,86188;-1;1;Autocarro inferiore 35 q.;In marcia / fermata / arresto;Conducente;M;Illeso;0;;Non accertato;Inesploso
4425653;8;13/06/2019 16:50:00;Strada Urbana;VIA NICCOLO' CANNICCI;all'intersezione con;VIA GIOVAMBATTISTA CREMA;VIA GIOVAMBATTISTA CREMA;;;Scontro frontale/laterale DX fra veicoli in marcia;Incrocio;Una carreggiata a doppio senso;Asciutto;Asfaltata;Assente;Sereno;Scarso;Buona;Ore Diurne;0;0;0;5;12,66165;41,86188;-1;1;Autocarro inferiore 35 q.;In marcia / fermata / arresto;Passeggero;M;Illeso;0;;Non accertato;Inesploso
4425653;8;13/06/2019 16:50:00;Strada Urbana;VIA NICCOLO' CANNICCI;all'intersezione con;VIA GIOVAMBATTISTA CREMA;VIA GIOVAMBATTISTA CREMA;;;Scontro frontale/laterale DX fra veicoli in marcia;Incrocio;Una carreggiata a doppio senso;Asciutto;Asfaltata;Assente;Sereno;Scarso;Buona;Ore Diurne;0;0;0;5;12,66165;41,86188;-1;2;Autovettura privata;In marcia / fermata / arresto;Passeggero;M;Illeso;0;;Non accertato;Inesploso
4425653;8;13/06/2019 16:50:00;Strada Urbana;VIA NICCOLO' CANNICCI;all'intersezione con;VIA GIOVAMBATTISTA CREMA;VIA GIOVAMBATTISTA CREMA;;;Scontro frontale/laterale DX fra veicoli in marcia;Incrocio;Una carreggiata a doppio senso;Asciutto;Asfaltata;Assente;Sereno;Scarso;Buona;Ore Diurne;0;0;0;5;12,66165;41,86188;-1;2;Autovettura privata;In marcia / fermata / arresto;Conducente;M;Illeso;0;;Non accertato;Inesploso
4425654;8;13/06/2019 17:25:00;Strada Urbana;VIA CASILINA;in prossimit�;;del palo luce n.;822;;Tamponamento;Rettilineo;Una carreggiata a doppio senso;Asciutto;Asfaltata;Verticale ed orizzontale;Sereno;Normale;Buona;Ore Diurne;0;0;0;4;12,61986;41,86281;-1;1;Autovettura privata;In marcia / fermata / arresto;Passeggero;M;Illeso;0;;;
4425654;8;13/06/2019 17:25:00;Strada Urbana;VIA CASILINA;in prossimit�;;del palo luce n.;822;;Tamponamento;Rettilineo;Una carreggiata a doppio senso;Asciutto;Asfaltata;Verticale ed orizzontale;Sereno;Normale;Buona;Ore Diurne;0;0;0;4;12,61986;41,86281;-1;1;Autovettura privata;In marcia / fermata / arresto;Conducente;F;Illeso;0;;Non accertato;Inesploso
4425654;8;13/06/2019 17:25:00;Strada Urbana;VIA CASILINA;in prossimit�;;del palo luce n.;822;;Tamponamento;Rettilineo;Una carreggiata a doppio senso;Asciutto;Asfaltata;Verticale ed orizzontale;Sereno;Normale;Buona;Ore Diurne;0;0;0;4;12,61986;41,86281;-1;1;Autovettura privata;In marcia / fermata / arresto;Passeggero;F;Illeso;0;;Non accertato;
4425654;8;13/06/2019 17:25:00;Strada Urbana;VIA CASILINA;in prossimit�;;del palo luce n.;822;;Tamponamento;Rettilineo;Una carreggiata a doppio senso;Asciutto;Asfaltata;Verticale ed orizzontale;Sereno;Normale;Buona;Ore Diurne;0;0;0;4;12,61986;41,86281;-1;2;Autovettura privata;In marcia / fermata / arresto;Conducente;F;Illeso;0;;Non accertato;Inesploso
4425655;8;13/06/2019 17:30:00;;VIA CASILINA;all'intersezione con;VIA DI PRATAPORCI;VIA DI PRATAPORCI;;;Tamponamento;;;;;;;;;;0;0;0;2;12,68598;41,86214;0;1;Autovettura privata;In marcia / fermata / arresto;Conducente;M;Illeso;0;;Non accertato;Inesploso
4425655;8;13/06/2019 17:30:00;;VIA CASILINA;all'intersezione con;VIA DI PRATAPORCI;VIA DI PRATAPORCI;;;Tamponamento;;;;;;;;;;0;0;0;2;12,68598;41,86214;0;2;Autovettura privata;In marcia / fermata / arresto;Conducente;M;Illeso;0;;Non accertato;Inesploso
4425659;13;13/06/2019 09:30:00;;VIA MAR ROSSO;in prossimit�;;del civico n.;61;;Veicolo in marcia contro veicolo in sosta;;;;;;;;;;0;0;0;2;12,29582;41,73487;0;1;Autovettura privata;In marcia / fermata / arresto;Conducente;F;Illeso;0;;;
4425659;13;13/06/2019 09:30:00;;VIA MAR ROSSO;in prossimit�;;del civico n.;61;;Veicolo in marcia contro veicolo in sosta;;;;;;;;;;0;0;0;2;12,29582;41,73487;0;2;Autovettura privata;Sosta;Conducente;F;Illeso;0;;;
4425660;5;13/06/2019 17:40:00;Strada Urbana;VIA TIBURTINA;all'intersezione con;VIA COLLEDIMACINE;VIA COLLEDIMACINE;;;Scontro frontale/laterale DX fra veicoli in marcia;Intersezione stradale segnalata;Una carreggiata a doppio senso;Asciutto;Asfaltata;Verticale ed orizzontale;Sereno;Intenso;Buona;Ore Diurne;0;0;0;3;12,64837;41,94128;-1;1;Autovettura privata;In marcia / fermata / arresto;Conducente;M;Illeso;0;;Non accertato;
4425660;5;13/06/2019 17:40:00;Strada Urbana;VIA TIBURTINA;all'intersezione con;VIA COLLEDIMACINE;VIA COLLEDIMACINE;;;Scontro frontale/laterale DX fra veicoli in marcia;Intersezione stradale segnalata;Una carreggiata a doppio senso;Asciutto;Asfaltata;Verticale ed orizzontale;Sereno;Intenso;Buona;Ore Diurne;0;0;0;3;12,64837;41,94128;-1;2;Autovettura privata;In marcia / fermata / arresto;Conducente;F;Illeso;0;;Non accertato;
4425660;5;13/06/2019 17:40:00;Strada Urbana;VIA TIBURTINA;all'intersezione con;VIA COLLEDIMACINE;VIA COLLEDIMACINE;;;Scontro frontale/laterale DX fra veicoli in marcia;Intersezione stradale segnalata;Una carreggiata a doppio senso;Asciutto;Asfaltata;Verticale ed orizzontale;Sereno;Intenso;Buona;Ore Diurne;0;0;0;3;12,64837;41,94128;-1;2;Autovettura privata;In marcia / fermata / arresto;Conducente;F;Illeso;0;;;
4425661;8;13/06/2019 18:30:00;Strada Urbana;VIA DI TORRE SPACCATA;in prossimit�;;del civico n.;140;;Scontro frontale/laterale DX fra veicoli in marcia;Rettilineo;Una carreggiata a doppio senso;Asciutto;Asfaltata;Verticale ed orizzontale;Sereno;Normale;Buona;Ore Diurne;0;0;0;3;12,58605;41,85932;-1;1;Autovettura privata;In marcia / fermata / arresto;Conducente;M;Illeso;0;;Non accertato;Inesploso