Protocollo;Gruppo;DataOraIncidente;Localizzazione1;STRADA1;Localizzazione2;STRADA2;Strada02;Chilometrica;DaSpecificare;NaturaIncidente;particolaritastrade;TipoStrada;FondoStradale;Pavimentazione;Segnaletica;CondizioneAtmosferica;Traffico;Visibilita;Illuminazione;NUM_FERITI;NUM_RISERVATA;NUM_MORTI;NUM_ILLESI;Longitudine;Latitudine;Confermato;Progressivo;TipoVeicolo;StatoVeicolo;TipoPersona;Sesso;Tipolesione;Deceduto;DecedutoDopo;CinturaCascoUtilizzato;Airbag;
4425661;8;13/06/2019 18:30:00;Strada Urbana;VIA DI TORRE SPACCATA;in prossimit�;;del civico n.;140;;Scontro frontale/laterale DX fra veicoli in marcia;Rettilineo;Una carreggiata a doppio senso;Asciutto;Asfaltata;Verticale ed orizzontale;Sereno;Normale;Buona;Ore Diurne;0;0;0;3;12,58605;41,85932;-1;2;Autovettura privata;In marcia / fermata / arresto;Conducente;M;Illeso;0;;Non accertato;Inesploso
4425661;8;13/06/2019 18:30:00;Strada Urbana;VIA DI TORRE SPACCATA;in prossimit�;;del civico n.;140;;Scontro frontale/laterale DX fra veicoli in marcia;Rettilineo;Una carreggiata a doppio senso;Asciutto;Asfaltata;Verticale ed orizzontale;Sereno;Normale;Buona;Ore Diurne;0;0;0;3;12,58605;41,85932;-1;2;Autovettura privata;In marcia / fermata / arresto;Passeggero;M;Illeso;0;;Non utilizzato;Inesploso
4425666;20;13/06/2019 11:55:00;Strada Urbana;VIA PAOLO GIACOMETTI;in prossimit�;;del civico n.;29;;Veicolo in marcia contro ostacolo accidentale;Rettilineo;Una carreggiata a senso unico di marcia;Asciutto;Asfaltata;Assente;Sereno;Scarso;Buona;Ore Diurne;0;0;0;1;12,38009;42,01404;-1;1;Autocarro inferiore 35 q.;In marcia / fermata / arresto;Conducente;M;Illeso;0;;;
4425667;8;13/06/2019 21:45:00;Provinciale entro l'abitato;VIA PRENESTINA;in prossimit�;;del civico n.;1395;;Tamponamento;Rettilineo;Una carreggiata a doppio senso;Asciutto;Asfaltata;Verticale ed orizzontale;Sereno;Normale;Sufficiente;Sufficiente;0;0;0;2;12,64867;41,89623;-1;1;Autovettura privata;In marcia / fermata / arresto;Conducente;M;Illeso;0;;Non accertato;Inesploso
4425667;8;13/06/2019 21:45:00;Provinciale entro l'abitato;VIA PRENESTINA;in prossimit�;;del civico n.;1395;;Tamponamento;Rettilineo;Una carreggiata a doppio senso;Asciutto;Asfaltata;Verticale ed orizzontale;Sereno;Normale;Sufficiente;Sufficiente;0;0;0;2;12,64867;41,89623;-1;2;Autovettura privata;In marcia / fermata / arresto;Conducente;M;Illeso;0;;Non accertato;Inesploso
4425670;9;12/06/2019 09:40:00;;VIA APPIA NUOVA;da specificare;;;;PROX VIA DELLE CAVE;Investimento di pedone;;;;;;;;;;0;0;0;2;;;0;;;;Pedone;M;Illeso;0;;;
4425670;9;12/06/2019 09:40:00;;VIA APPIA NUOVA;da specificare;;;;PROX VIA DELLE CAVE;Investimento di pedone;;;;;;;;;;0;0;0;2;;;0;1;Autovettura privata;In marcia / fermata / arresto;Conducente;M;Illeso;0;;;
4425673;8;14/06/2019 03:50:00;Strada Urbana;VIALE PIETRO ANDERLONI;da specificare;;;;pross. VIA  DELL'ARCHEOLOGIA;Veicolo in marcia contro veicolo in sosta;Rettilineo;Due carreggiate;Asciutto;Asfaltata;Verticale ed orizzontale;Sereno;Scarso;Buona;Sufficiente;1;0;0;0;12,6298;41,87468;-1;1;Autovettura privata;In marcia / fermata / arresto;Conducente;F;Rimandato;0;NON DECEDUTO;Non accertato;Esploso
4425673;8;14/06/2019 03:50:00;Strada Urbana;VIALE PIETRO ANDERLONI;da specificare;;;;pross. VIA  DELL'ARCHEOLOGIA;Veicolo in marcia contro veicolo in sosta;Rettilineo;Due carreggiate;Asciutto;Asfaltata;Verticale ed orizzontale;Sereno;Scarso;Buona;Sufficiente;1;0;0;0;12,6298;41,87468;-1;2;Autovettura privata;Sosta;;;;;;;
4425677;20;13/06/2019 09:15:00;Strada Urbana;VIA FLAMINIA;in prossimit�;;del civico n.;499;;Veicolo in marcia contro ostacolo accidentale;Rettilineo;Una carreggiata a doppio senso;Asciutto;Asfaltata;Assente;Sereno;Normale;Buona;Ore Diurne;0;0;0;1;12,46977;41,94018;-1;1;Motociclo a solo;In marcia / fermata / arresto;Conducente;M;Illeso;0;;;
4425679;4;13/06/2019 11:40:00;Statale entro l'abitato;VIA SALARIA;all'intersezione con;VIA DEI PRATI FISCALI;VIA DEI PRATI FISCALI;;;Scontro laterale fra veicoli in marcia;Intersezione stradale segnalata;Due carreggiate;Asciutto;Asfaltata;Verticale ed orizzontale;Sereno;Normale;Buona;Ore Diurne;0;0;0;2;12,51412;41,99226;-1;1;Autovettura privata;In marcia / fermata / arresto;Conducente;M;Illeso;0;;Non accertato;Inesploso
4425679;4;13/06/2019 11:40:00;Statale entro l'abitato;VIA SALARIA;all'intersezione con;VIA DEI PRATI FISCALI;VIA DEI PRATI FISCALI;;;Scontro laterale fra veicoli in marcia;Intersezione stradale segnalata;Due carreggiate;Asciutto;Asfaltata;Verticale ed orizzontale;Sereno;Normale;Buona;Ore Diurne;0;0;0;2;12,51412;41,99226;-1;2;Autocarro inferiore 35 q.;In marcia / fermata / arresto;Conducente;M;Illeso;0;;;
4425691;20;14/06/2019 08:00:00;Strada Urbana;VIA DELLA CAMILLUCCIA;in corrispondenza;;del civico n.;664;;Scontro frontale/laterale DX fra veicoli in marcia;Rettilineo;Una carreggiata a doppio senso;Asciutto;Asfaltata;Verticale ed orizzontale;Sereno;Normale;Buona;Ore Diurne;1;0;0;1;12,45386;41,94799;-1;1;Motociclo a solo;In marcia / fermata / arresto;Conducente;M;Ricoverato;0;NON DECEDUTO;Non accertato;
4425691;20;14/06/2019 08:00:00;Strada Urbana;VIA DELLA CAMILLUCCIA;in corrispondenza;;del civico n.;664;;Scontro frontale/laterale DX fra veicoli in marcia;Rettilineo;Una carreggiata a doppio senso;Asciutto;Asfaltata;Verticale ed orizzontale;Sereno;Normale;Buona;Ore Diurne;1;0;0;1;12,45386;41,94799;-1;2;Autovettura privata;In marcia / fermata / arresto;Conducente;M;Illeso;0;;Non accertato;Inesploso
4425700;20;13/06/2019 17:20:00;Strada Urbana;VIA TIBERINA;in prossimit�;;del civico n.;105;;Scontro laterale fra veicoli in marcia;Rettilineo;Una carreggiata a doppio senso;Asciutto;Asfaltata;Verticale ed orizzontale;Sereno;Normale;Buona;Ore Diurne;0;0;0;4;12,49671;42,00206;-1;1;Autovettura privata;In marcia / fermata / arresto;Passeggero;F;Illeso;0;;;Inesploso
4425700;20;13/06/2019 17:20:00;Strada Urbana;VIA TIBERINA;in prossimit�;;del civico n.;105;;Scontro laterale fra veicoli in marcia;Rettilineo;Una carreggiata a doppio senso;Asciutto;Asfaltata;Verticale ed orizzontale;Sereno;Normale;Buona;Ore Diurne;0;0;0;4;12,49671;42,00206;-1;1;Autovettura privata;In marcia / fermata / arresto;Conducente;M;Illeso;0;;;
4425700;20;13/06/2019 17:20:00;Strada Urbana;VIA TIBERINA;in prossimit�;;del civico n.;105;;Scontro laterale fra veicoli in marcia;Rettilineo;Una carreggiata a doppio senso;Asciutto;Asfaltata;Verticale ed orizzontale;Sereno;Normale;Buona;Ore Diurne;0;0;0;4;12,49671;42,00206;-1;2;Motociclo con passeggero;In marcia / fermata / arresto;Passeggero;M;Illeso;0;;;
4425700;20;13/06/2019 17:20:00;Strada Urbana;VIA TIBERINA;in prossimit�;;del civico n.;105;;Scontro laterale fra veicoli in marcia;Rettilineo;Una carreggiata a doppio senso;Asciutto;Asfaltata;Verticale ed orizzontale;Sereno;Normale;Buona;Ore Diurne;0;0;0;4;12,49671;42,00206;-1;2;Motociclo con passeggero;In marcia / fermata / arresto;Conducente;M;Illeso;0;;;
4425712;4;13/06/2019 12:20:00;Strada Urbana;VIA ARTURO GRAF;all'intersezione semaforizzata con;VIA NOMENTANA;VIA NOMENTANA;;;Scontro laterale fra veicoli in marcia;Intersezione semaforizzata;Due carreggiate;Asciutto;Asfaltata;Verticale ed orizzontale;Sereno;Normale;Buona;Ore Diurne;0;0;0;3;12,5525;41,94284;-1;1;Autocarro inferiore 35 q.;In marcia / fermata / arresto;Conducente;M;Illeso;0;;Non accertato;Inesploso
4425712;4;13/06/2019 12:20:00;Strada Urbana;VIA ARTURO GRAF;all'intersezione semaforizzata con;VIA NOMENTANA;VIA NOMENTANA;;;Scontro laterale fra veicoli in marcia;Intersezione semaforizzata;Due carreggiate;Asciutto;Asfaltata;Verticale ed orizzontale;Sereno;Normale;Buona;Ore Diurne;0;0;0;3;12,5525;41,94284;-1;1;Autocarro inferiore 35 q.;In marcia / fermata / arresto;Passeggero;M;Illeso;0;;Non accertato;Inesploso
4425712;4;13/06/2019 12:20:00;Strada Urbana;VIA ARTURO GRAF;all'intersezione semaforizzata con;VIA NOMENTANA;VIA NOMENTANA;;;Scontro laterale fra veicoli in marcia;Intersezione semaforizzata;Due carreggiate;Asciutto;Asfaltata;Verticale ed orizzontale;Sereno;Normale;Buona;Ore Diurne;0;0;0;3;12,5525;41,94284;-1;2;Autovettura privata;In marcia / fermata / arresto;Conducente;M;Illeso;0;;Non accertato;Inesploso
4425730;13;13/06/2019 18:00:00;Strada Urbana;LUNGOMARE AMERIGO VESPUCCI;in prossimit�;;del civico n.;176;;Veicolo in marcia contro ostacolo fisso;Rettilineo;Una carreggiata a doppio senso;Asciutto;Asfaltata;Orizzontale;Sereno;Normale;Buona;Ore Diurne;0;0;0;0;12,34338;41,70254;-1;1;Autovettura privata;Sosta;;;;;;;
4425730;13;13/06/2019 18:00:00;Strada Urbana;LUNGOMARE AMERIGO VESPUCCI;in prossimit�;;del civico n.;176;;Veicolo in marcia contro ostacolo fisso;Rettilineo;Una carreggiata a doppio senso;Asciutto;Asfaltata;Orizzontale;Sereno;Normale;Buona;Ore Diurne;0;0;0;0;12,34338;41,70254;-1;2;Autovettura privata;In marcia / fermata / arresto;;;;;;;
4425747;1;13/06/2019 13:40:00;Strada Urbana;VIA LUIGI PETROSELLI;in prossimit�;;del civico n.;45;;Scontro laterale fra veicoli in marcia;Rettilineo;Una carreggiata a doppio senso;Asciutto;In cubetti di porfido;Orizzontale;Sereno;Normale;Buona;Ore Diurne;1;0;0;1;12,48087;41,89026;-1;1;Autovettura pubblica;In marcia / fermata / arresto;Conducente;M;Illeso;0;;Non accertato;Inesploso
4425747;1;13/06/2019 13:40:00;Strada Urbana;VIA LUIGI PETROSELLI;in prossimit�;;del civico n.;45;;Scontro laterale fra veicoli in marcia;Rettilineo;Una carreggiata a doppio senso;Asciutto;In cubetti di porfido;Orizzontale;Sereno;Normale;Buona;Ore Diurne;1;0;0;1;12,48087;41,89026;-1;2;Motociclo a solo;In marcia / fermata / arresto;Conducente;M;Rimandato;0;NON DECEDUTO;Non accertato;
4425755;1;13/06/2019 10:15:00;Strada Urbana;PIAZZA DELLA REPUBBLICA;da specificare;;;;.;Scontro laterale fra veicoli in marcia;Rotatoria;Una carreggiata a senso unico di marcia;Asciutto;In cubetti di porfido;Verticale ed orizzontale;Sereno;Normale;Buona;Ore Diurne;0;0;0;3;12,49583;41,90252;-1;1;Autovettura privata;In marcia / fermata / arresto;Conducente;M;Illeso;0;;Non accertato;Inesploso
4425755;1;13/06/2019 10:15:00;Strada Urbana;PIAZZA DELLA REPUBBLICA;da specificare;;;;.;Scontro laterale fra veicoli in marcia;Rotatoria;Una carreggiata a senso unico di marcia;Asciutto;In cubetti di porfido;Verticale ed orizzontale;Sereno;Normale;Buona;Ore Diurne;0;0;0;3;12,49583;41,90252;-1;1;Autovettura privata;In marcia / fermata / arresto;Passeggero;M;Illeso;0;;Non accertato;Inesploso
4425755;1;13/06/2019 10:15:00;Strada Urbana;PIAZZA DELLA REPUBBLICA;da specificare;;;;.;Scontro laterale fra veicoli in marcia;Rotatoria;Una carreggiata a senso unico di marcia;Asciutto;In cubetti di porfido;Verticale ed orizzontale;Sereno;Normale;Buona;Ore Diurne;0;0;0;3;12,49583;41,90252;-1;2;Autovettura privata;In marcia / fermata / arresto;Conducente;M;Illeso;0;;Non accertato;Inesploso
4425756;2;13/06/2019 07:30:00;Strada Urbana;VIA SALARIA;in prossimit�;;del civico n.;179;;Investimento di pedone;Rettilineo;Una carreggiata a doppio senso;Asciutto;Asfaltata;Verticale ed orizzontale;Sereno;Normale;Buona;Ore Diurne;1;0;0;1;12,49712;41,91798;-1;;;;Pedone;F;Rifiuta cure immediate;0;NON DECEDUTO;;
4425756;2;13/06/2019 07:30:00;Strada Urbana;VIA SALARIA;in prossimit�;;del civico n.;179;;Investimento di pedone;Rettilineo;Una carreggiata a doppio senso;Asciutto;Asfaltata;Verticale ed orizzontale;Sereno;Normale;Buona;Ore Diurne;1;0;0;1;12,49712;41,91798;-1;1;Autocarro inferiore 35 q.;In marcia / fermata / arresto;Conducente;M;Illeso;0;;Non accertato;Inesploso
4425764;2;13/06/2019 08:45:00;Strada Urbana;CORSO DI FRANCIA;da specificare;;;;DIR. V.LE PILSUDSKI  SOPRA VIA XVII OLIMPIADE;Scontro laterale fra veicoli in marcia;Rettilineo;Due carreggiate;Asciutto;Asfaltata;Orizzontale;Sereno;Intenso;Buona;Ore Diurne;1;0;0;1;12,47225;41,93258;-1;1;Motociclo a solo;In marcia / fermata / arresto;Conducente;M;Illeso;0;;;
4425764;2;13/06/2019 08:45:00;Strada Urbana;CORSO DI FRANCIA;da specificare;;;;DIR. V.LE PILSUDSKI  SOPRA VIA XVII OLIMPIADE;Scontro laterale fra veicoli in marcia;Rettilineo;Due carreggiate;Asciutto;Asfaltata;Orizzontale;Sereno;Intenso;Buona;Ore Diurne;1;0;0;1;12,47225;41,93258;-1;2;Motociclo a solo;In marcia / fermata / arresto;Conducente;M;Rimandato;0;NON DECEDUTO;;
4425770;2;13/06/2019 10:40:00;Strada Urbana;VIALE MARESCIALLO PILSUDSKI;in prossimit�;;del civico n.;122;;Tamponamento;Curva a visuale libera;Una carreggiata a doppio senso;Asciutto;Asfaltata;Verticale ed orizzontale;Sereno;Normale;Buona;Ore Diurne;0;0;0;3;12,48016;41,92816;-1;1;Autovettura privata;In marcia / fermata / arresto;Conducente;F;Illeso;0;;Non accertato;Inesploso
4425770;2;13/06/2019 10:40:00;Strada Urbana;VIALE MARESCIALLO PILSUDSKI;in prossimit�;;del civico n.;122;;Tamponamento;Curva a visuale libera;Una carreggiata a doppio senso;Asciutto;Asfaltata;Verticale ed orizzontale;Sereno;Normale;Buona;Ore Diurne;0;0;0;3;12,48016;41,92816;-1;2;Autovettura privata;In marcia / fermata / arresto;Conducente;M;Illeso;0;;Non accertato;Inesploso
4425770;2;13/06/2019 10:40:00;Strada Urbana;VIALE MARESCIALLO PILSUDSKI;in prossimit�;;del civico n.;122;;Tamponamento;Curva a visuale libera;Una carreggiata a doppio senso;Asciutto;Asfaltata;Verticale ed orizzontale;Sereno;Normale;Buona;Ore Diurne;0;0;0;3;12,48016;41,92816;-1;2;Autovettura privata;In marcia / fermata / arresto;Passeggero;F;Illeso;0;;Non accertato;Inesploso
4425771;2;13/06/2019 16:50:00;Strada Urbana;VIALE PARIOLI;all'intersezione con;VIALE DELLA MOSCHEA;VIALE DELLA MOSCHEA;;;Tamponamento Multiplo;Intersezione semaforizzata;Una carreggiata a doppio senso;Asciutto;Asfaltata;Verticale ed orizzontale;Sereno;Normale;Buona;Ore Diurne;0;0;0;3;12,48484;41,92983;-1;1;Autovettura privata;In marcia / fermata / arresto;Conducente;M;Illeso;0;;;
4425771;2;13/06/2019 16:50:00;Strada Urbana;VIALE PARIOLI;all'intersezione con;VIALE DELLA MOSCHEA;VIALE DELLA MOSCHEA;;;Tamponamento Multiplo;Intersezione semaforizzata;Una carreggiata a doppio senso;Asciutto;Asfaltata;Verticale ed orizzontale;Sereno;Normale;Buona;Ore Diurne;0;0;0;3;12,48484;41,92983;-1;2;Autovettura privata;In marcia / fermata / arresto;Conducente;F;Illeso;0;;;
4425771;2;13/06/2019 16:50:00;Strada Urbana;VIALE PARIOLI;all'intersezione con;VIALE DELLA MOSCHEA;VIALE DELLA MOSCHEA;;;Tamponamento Multiplo;Intersezione semaforizzata;Una carreggiata a doppio senso;Asciutto;Asfaltata;Verticale ed orizzontale;Sereno;Normale;Buona;Ore Diurne;0;0;0;3;12,48484;41,92983;-1;3;Autovettura privata;In marcia / fermata / arresto;Conducente;F;Illeso;0;;;
4425774;2;13/06/2019 21:55:00;Strada Urbana;PIAZZA THORVALDSEN;da specificare;;;;direzione Piazzale Belle Arti;Veicolo in marcia contro ostacolo accidentale;Rettilineo;Una carreggiata a doppio senso;Asciutto;Asfaltata;Verticale ed orizzontale;Sereno;Scarso;Insufficiente;Insufficiente;1;0;0;0;12,48027;41,91723;-1;1;Motociclo a solo;In marcia / fermata / arresto;Conducente;M;Rimandato;0;NON DECEDUTO;;
4425777;1;13/06/2019 18:00:00;Strada Urbana;PIAZZA DI S. CROCE IN GERUSALEMME;all'intersezione semaforizzata con;VIA DI S. CROCE IN GERUSALEMME;VIA DI S. CROCE IN GERUSALEMME;;;Scontro laterale fra veicoli in marcia;Rotatoria;Due carreggiate;Asciutto;Asfaltata;Verticale ed orizzontale;Sereno;Normale;Buona;Ore Diurne;1;0;0;3;12,51467;41,88882;-1;1;Autoambulanza;In marcia / fermata / arresto;Conducente;M;Rifiuta cure immediate;0;NON DECEDUTO;Non accertato;Inesploso
4425777;1;13/06/2019 18:00:00;Strada Urbana;PIAZZA DI S. CROCE IN GERUSALEMME;all'intersezione semaforizzata con;VIA DI S. CROCE IN GERUSALEMME;VIA DI S. CROCE IN GERUSALEMME;;;Scontro laterale fra veicoli in marcia;Rotatoria;Due carreggiate;Asciutto;Asfaltata;Verticale ed orizzontale;Sereno;Normale;Buona;Ore Diurne;1;0;0;3;12,51467;41,88882;-1;1;Autoambulanza;In marcia / fermata / arresto;Passeggero;M;Illeso;0;;Non accertato;Inesploso
4425777;1;13/06/2019 18:00:00;Strada Urbana;PIAZZA DI S. CROCE IN GERUSALEMME;all'intersezione semaforizzata con;VIA DI S. CROCE IN GERUSALEMME;VIA DI S. CROCE IN GERUSALEMME;;;Scontro laterale fra veicoli in marcia;Rotatoria;Due carreggiate;Asciutto;Asfaltata;Verticale ed orizzontale;Sereno;Normale;Buona;Ore Diurne;1;0;0;3;12,51467;41,88882;-1;2;Autovettura privata;In marcia / fermata / arresto;Conducente;M;Illeso;0;;Non accertato;Inesploso
4425777;1;13/06/2019 18:00:00;Strada Urbana;PIAZZA DI S. CROCE IN GERUSALEMME;all'intersezione semaforizzata con;VIA DI S. CROCE IN GERUSALEMME;VIA DI S. CROCE IN GERUSALEMME;;;Scontro laterale fra veicoli in marcia;Rotatoria;Due carreggiate;Asciutto;Asfaltata;Verticale ed orizzontale;Sereno;Normale;Buona;Ore Diurne;1;0;0;3;12,51467;41,88882;-1;2;Autovettura privata;In marcia / fermata / arresto;Passeggero;M;Illeso;0;;Non accertato;Inesploso
4425784;2;14/06/2019 01:00:00;Strada Urbana;VIA DI VIGNA FILONARDI;in prossimit�;;del civico n.;7;;Veicolo in marcia contro veicoli in sosta;Rettilineo;Una carreggiata a senso unico di marcia;Asciutto;Asfaltata;Verticale ed orizzontale;Sereno;Scarso;Sufficiente;Sufficiente;0;0;0;2;12,48771;41,92957;-1;1;Autovettura privata;In marcia / fermata / arresto;Passeggero;F;Illeso;0;;Non accertato;Inesploso
4425784;2;14/06/2019 01:00:00;Strada Urbana;VIA DI VIGNA FILONARDI;in prossimit�;;del civico n.;7;;Veicolo in marcia contro veicoli in sosta;Rettilineo;Una carreggiata a senso unico di marcia;Asciutto;Asfaltata;Verticale ed orizzontale;Sereno;Scarso;Sufficiente;Sufficiente;0;0;0;2;12,48771;41,92957;-1;1;Autovettura privata;In marcia / fermata / arresto;Passeggero;M;Illeso;0;;Non accertato;Inesploso
4425784;2;14/06/2019 01:00:00;Strada Urbana;VIA DI VIGNA FILONARDI;in prossimit�;;del civico n.;7;;Veicolo in marcia contro veicoli in sosta;Rettilineo;Una carreggiata a senso unico di marcia;Asciutto;Asfaltata;Verticale ed orizzontale;Sereno;Scarso;Sufficiente;Sufficiente;0;0;0;2;12,48771;41,92957;-1;2;Autovettura privata;Sosta;;;;;;;
4425784;2;14/06/2019 01:00:00;Strada Urbana;VIA DI VIGNA FILONARDI;in prossimit�;;del civico n.;7;;Veicolo in marcia contro veicoli in sosta;Rettilineo;Una carreggiata a senso unico di marcia;Asciutto;Asfaltata;Verticale ed orizzontale;Sereno;Scarso;Sufficiente;Sufficiente;0;0;0;2;12,48771;41,92957;-1;3;Autovettura privata;Sosta;;;;;;;
4425784;2;14/06/2019 01:00:00;Strada Urbana;VIA DI VIGNA FILONARDI;in prossimit�;;del civico n.;7;;Veicolo in marcia contro veicoli in sosta;Rettilineo;Una carreggiata a senso unico di marcia;Asciutto;Asfaltata;Verticale ed orizzontale;Sereno;Scarso;Sufficiente;Sufficiente;0;0;0;2;12,48771;41,92957;-1;4;Autovettura privata;Sosta;;;;;;;
4425801;17;12/06/2019 18:15:00;Strada Urbana;PIAZZA DELLA ROVERE;in prossimit�;;del civico n.;115;;Veicolo in marcia contro ostacolo accidentale;Rettilineo;Due carreggiate;Asciutto;Asfaltata;Verticale ed orizzontale;Sereno;Intenso;Sufficiente;Ore Diurne;1;0;0;0;12,46198;41,89942;-1;1;Motociclo a solo;In marcia / fermata / arresto;Conducente;M;Rimandato;0;NON DECEDUTO;Non accertato;
4425810;13;13/06/2019 21:30:00;Strada Urbana;VIA BEPI ROMAGNONI;in prossimit�;;del civico n.;63;;Veicolo in marcia contro ostacolo accidentale;Rettilineo;Una carreggiata a senso unico di marcia;Asciutto;Asfaltata;Verticale;Sereno;Normale;Sufficiente;Sufficiente;0;0;0;1;12,34633;41,77659;-1;1;Motociclo a solo;In marcia / fermata / arresto;Conducente;M;Illeso;0;;Non accertato;
4425811;1;13/06/2019 15:40:00;Strada Urbana;VIALE MANZONI;in prossimit�;;del civico n.;55;;Scontro frontale/laterale SX fra veicoli in marcia;Rettilineo;Una carreggiata a doppio senso;Asciutto;Asfaltata;Verticale ed orizzontale;Sereno;Normale;Buona;Ore Diurne;1;0;0;1;12,50872;41,89183;-1;1;Ciclomotore;In marcia / fermata / arresto;Conducente;M;Rimandato;0;NON DECEDUTO;Non accertato;
4425811;1;13/06/2019 15:40:00;Strada Urbana;VIALE MANZONI;in prossimit�;;del civico n.;55;;Scontro frontale/laterale SX fra veicoli in marcia;Rettilineo;Una carreggiata a doppio senso;Asciutto;Asfaltata;Verticale ed orizzontale;Sereno;Normale;Buona;Ore Diurne;1;0;0;1;12,50872;41,89183;-1;2;Autovettura privata;In marcia / fermata / arresto;Conducente;M;Illeso;0;;Non accertato;Inesploso
4425818;10;14/06/2019 09:10:00;Strada Urbana;VIA TUSCOLANA;in prossimit�;;del civico n.;951;;Scontro frontale/laterale DX fra veicoli in marcia;Rettilineo;Due carreggiate;Asciutto;Asfaltata;Verticale ed orizzontale;Sereno;Normale;Buona;Ore Diurne;0;0;0;3;12,56463;41,85567;-1;1;Autovettura privata;In marcia / fermata / arresto;Conducente;F;Illeso;0;;Non accertato;Inesploso
4425818;10;14/06/2019 09:10:00;Strada Urbana;VIA TUSCOLANA;in prossimit�;;del civico n.;951;;Scontro frontale/laterale DX fra veicoli in marcia;Rettilineo;Due carreggiate;Asciutto;Asfaltata;Verticale ed orizzontale;Sereno;Normale;Buona;Ore Diurne;0;0;0;3;12,56463;41,85567;-1;2;Autovettura privata;In marcia / fermata / arresto;Conducente;M;Illeso;0;;Non accertato;Inesploso
4425818;10;14/06/2019 09:10:00;Strada Urbana;VIA TUSCOLANA;in prossimit�;;del civico n.;951;;Scontro frontale/laterale DX fra veicoli in marcia;Rettilineo;Due carreggiate;Asciutto;Asfaltata;Verticale ed orizzontale;Sereno;Normale;Buona;Ore Diurne;0;0;0;3;12,56463;41,85567;-1;2;Autovettura privata;In marcia / fermata / arresto;Passeggero;F;Illeso;0;;Non accertato;Inesploso
4425851;5;13/06/2019 23:00:00;Strada Urbana;VIA MUCCIA;in prossimit�;;del civico n.;7/m;;Veicolo in marcia contro veicoli in sosta;Rettilineo;Una carreggiata a senso unico di marcia;Asciutto;Asfaltata;Verticale;Sereno;Scarso;Buona;Sufficiente;0;0;0;1;12,58487;41,94214;-1;1;Autovettura privata;In marcia / fermata / arresto;Conducente;M;Illeso;0;;Non accertato;Inesploso
4425851;5;13/06/2019 23:00:00;Strada Urbana;VIA MUCCIA;in prossimit�;;del civico n.;7/m;;Veicolo in marcia contro veicoli in sosta;Rettilineo;Una carreggiata a senso unico di marcia;Asciutto;Asfaltata;Verticale;Sereno;Scarso;Buona;Sufficiente;0;0;0;1;12,58487;41,94214;-1;2;Autovettura privata;Sosta;;;;;;;
4425851;5;13/06/2019 23:00:00;Strada Urbana;VIA MUCCIA;in prossimit�;;del civico n.;7/m;;Veicolo in marcia contro veicoli in sosta;Rettilineo;Una carreggiata a senso unico di marcia;Asciutto;Asfaltata;Verticale;Sereno;Scarso;Buona;Sufficiente;0;0;0;1;12,58487;41,94214;-1;3;Autovettura privata;Sosta;;;;;;;
4425851;5;13/06/2019 23:00:00;Strada Urbana;VIA MUCCIA;in prossimit�;;del civico n.;7/m;;Veicolo in marcia contro veicoli in sosta;Rettilineo;Una carreggiata a senso unico di marcia;Asciutto;Asfaltata;Verticale;Sereno;Scarso;Buona;Sufficiente;0;0;0;1;12,58487;41,94214;-1;4;Autovettura privata;Sosta;;;;;;;
4425854;23;13/06/2019 13:30:00;Strada Urbana;VIA LAURENTINA;all'intersezione semaforizzata con;VIALE CRISTOFORO COLOMBO;VIALE CRISTOFORO COLOMBO;;;Scontro laterale fra veicoli in marcia;Intersezione semaforizzata;Pi� di due carreggiate;Asciutto;Asfaltata;Verticale ed orizzontale;Sereno;Normale;Buona;Ore Diurne;0;0;0;3;12,47913;41,84589;-1;1;Autovettura di polizia;In marcia / fermata / arresto;Passeggero;M;Illeso;0;;Non accertato;Inesploso
4425854;23;13/06/2019 13:30:00;Strada Urbana;VIA LAURENTINA;all'intersezione semaforizzata con;VIALE CRISTOFORO COLOMBO;VIALE CRISTOFORO COLOMBO;;;Scontro laterale fra veicoli in marcia;Intersezione semaforizzata;Pi� di due carreggiate;Asciutto;Asfaltata;Verticale ed orizzontale;Sereno;Normale;Buona;Ore Diurne;0;0;0;3;12,47913;41,84589;-1;1;Autovettura di polizia;In marcia / fermata / arresto;Conducente;F;Illeso;0;;Non accertato;Inesploso
4425854;23;13/06/2019 13:30:00;Strada Urbana;VIA LAURENTINA;all'intersezione semaforizzata con;VIALE CRISTOFORO COLOMBO;VIALE CRISTOFORO COLOMBO;;;Scontro laterale fra veicoli in marcia;Intersezione semaforizzata;Pi� di due carreggiate;Asciutto;Asfaltata;Verticale ed orizzontale;Sereno;Normale;Buona;Ore Diurne;0;0;0;3;12,47913;41,84589;-1;2;Autovettura privata;In marcia / fermata / arresto;Conducente;F;Illeso;0;;Non accertato;Inesploso
4425871;23;13/06/2019 04:15:00;Strada Urbana;VIA DEL CASALETTO DI GIANO;in corrispondenza;;del civico n.;86;;Veicolo in marcia contro veicoli in sosta;Rettilineo;Una carreggiata a doppio senso;Asciutto;Asfaltata;Assente;Sereno;Scarso;Buona;Ore Diurne;1;0;0;0;12,37347;41,79041;-1;1;Autovettura privata;In marcia / fermata / arresto;Conducente;M;Rifiuta cure immediate;0;NON DECEDUTO;Non accertato;Esploso