Protocollo;Gruppo;DataOraIncidente;Localizzazione1;STRADA1;Localizzazione2;STRADA2;Strada02;Chilometrica;DaSpecificare;NaturaIncidente;particolaritastrade;TipoStrada;FondoStradale;Pavimentazione;Segnaletica;CondizioneAtmosferica;Traffico;Visibilita;Illuminazione;NUM_FERITI;NUM_RISERVATA;NUM_MORTI;NUM_ILLESI;Longitudine;Latitudine;Confermato;Progressivo;TipoVeicolo;StatoVeicolo;TipoPersona;Sesso;Tipolesione;Deceduto;DecedutoDopo;CinturaCascoUtilizzato;Airbag;
4425871;23;13/06/2019 04:15:00;Strada Urbana;VIA DEL CASALETTO DI GIANO;in corrispondenza;;del civico n.;86;;Veicolo in marcia contro veicoli in sosta;Rettilineo;Una carreggiata a doppio senso;Asciutto;Asfaltata;Assente;Sereno;Scarso;Buona;Ore Diurne;1;0;0;0;12,37347;41,79041;-1;2;Autovettura privata;Sosta;;;;;;;
4425871;23;13/06/2019 04:15:00;Strada Urbana;VIA DEL CASALETTO DI GIANO;in corrispondenza;;del civico n.;86;;Veicolo in marcia contro veicoli in sosta;Rettilineo;Una carreggiata a doppio senso;Asciutto;Asfaltata;Assente;Sereno;Scarso;Buona;Ore Diurne;1;0;0;0;12,37347;41,79041;-1;3;Autovettura privata;Sosta;;;;;;;
4425871;23;13/06/2019 04:15:00;Strada Urbana;VIA DEL CASALETTO DI GIANO;in corrispondenza;;del civico n.;86;;Veicolo in marcia contro veicoli in sosta;Rettilineo;Una carreggiata a doppio senso;Asciutto;Asfaltata;Assente;Sereno;Scarso;Buona;Ore Diurne;1;0;0;0;12,37347;41,79041;-1;4;Autovettura privata;Sosta;;;;;;;
4425910;4;13/06/2019 15:30:00;Strada Urbana;VIA DELLA BUFALOTTA;all'intersezione semaforizzata con;VIADOTTO GIOVANNI GRONCHI;VIADOTTO GIOVANNI GRONCHI;;;Veicolo in marcia contro ostacolo fisso;Intersezione semaforizzata;Una carreggiata a doppio senso;Asciutto;Asfaltata;Verticale ed orizzontale;Sereno;Normale;Buona;Ore Diurne;0;0;0;1;12,54988;41,96759;-1;1;Autovettura privata;In marcia / fermata / arresto;Conducente;F;Illeso;0;;Non accertato;
4425929;13;13/06/2019 20:00:00;Strada Urbana;VIA DELL'IDROSCALO;in prossimit�;;del civico n.;77;;Scontro frontale/laterale SX fra veicoli in marcia;Rettilineo;Una carreggiata a doppio senso;Asciutto;Asfaltata;Verticale ed orizzontale;Sereno;Normale;Buona;Ore Diurne;1;0;0;2;12,26419;41,73708;-1;1;Autovettura privata;In marcia / fermata / arresto;Conducente;M;Illeso;0;;Non accertato;Inesploso
4425929;13;13/06/2019 20:00:00;Strada Urbana;VIA DELL'IDROSCALO;in prossimit�;;del civico n.;77;;Scontro frontale/laterale SX fra veicoli in marcia;Rettilineo;Una carreggiata a doppio senso;Asciutto;Asfaltata;Verticale ed orizzontale;Sereno;Normale;Buona;Ore Diurne;1;0;0;2;12,26419;41,73708;-1;1;Autovettura privata;In marcia / fermata / arresto;Passeggero;F;Illeso;0;;Non accertato;Inesploso
4425929;13;13/06/2019 20:00:00;Strada Urbana;VIA DELL'IDROSCALO;in prossimit�;;del civico n.;77;;Scontro frontale/laterale SX fra veicoli in marcia;Rettilineo;Una carreggiata a doppio senso;Asciutto;Asfaltata;Verticale ed orizzontale;Sereno;Normale;Buona;Ore Diurne;1;0;0;2;12,26419;41,73708;-1;2;Velocipede;In marcia / fermata / arresto;Conducente;M;Rimandato;0;NON DECEDUTO;Esente;
4425957;11;14/06/2019 09:35:00;Strada Urbana;VIALE GUGLIELMO MARCONI;all'intersezione semaforizzata con;VIA SALVATORE PINCHERLE;VIA SALVATORE PINCHERLE;;;Scontro laterale fra veicoli in marcia;Intersezione semaforizzata;Due carreggiate;Asciutto;Asfaltata;Verticale ed orizzontale;Sereno;Normale;Buona;Ore Diurne;1;0;0;1;12,47331;41,85246;-1;1;Autovettura privata;In marcia / fermata / arresto;Conducente;M;Illeso;0;;Non accertato;Inesploso
4425957;11;14/06/2019 09:35:00;Strada Urbana;VIALE GUGLIELMO MARCONI;all'intersezione semaforizzata con;VIA SALVATORE PINCHERLE;VIA SALVATORE PINCHERLE;;;Scontro laterale fra veicoli in marcia;Intersezione semaforizzata;Due carreggiate;Asciutto;Asfaltata;Verticale ed orizzontale;Sereno;Normale;Buona;Ore Diurne;1;0;0;1;12,47331;41,85246;-1;2;Ciclomotore;In marcia / fermata / arresto;Conducente;F;Rimandato;0;NON DECEDUTO;Non accertato;
4425959;12;14/06/2019 01:00:00;Strada Urbana;VIALE CRISTOFORO COLOMBO;in prossimit�;;della chilometrica;12.1;;Veicolo in marcia contro ostacolo fisso;Rettilineo;Pi� di due carreggiate;Asciutto;Asfaltata;Verticale ed orizzontale;Sereno;Scarso;Insufficiente;Inesistente;0;0;0;1;12,45356;41,80892;-1;1;Autovettura privata;In marcia / fermata / arresto;Conducente;M;Illeso;0;;Utilizzato;Inesploso
4425972;1;14/06/2019 06:40:00;Strada Urbana;VIA APPIA ANTICA;da specificare;;;;.;Scontro laterale fra veicoli in marcia;Rettilineo;Una carreggiata a doppio senso;Asciutto;Acciotolata;Verticale ed orizzontale;Sereno;Normale;Buona;Ore Diurne;1;0;0;1;12,55725;41,81943;-1;1;Autovettura privata;In marcia / fermata / arresto;Conducente;M;Illeso;0;;Non accertato;Inesploso
4425972;1;14/06/2019 06:40:00;Strada Urbana;VIA APPIA ANTICA;da specificare;;;;.;Scontro laterale fra veicoli in marcia;Rettilineo;Una carreggiata a doppio senso;Asciutto;Acciotolata;Verticale ed orizzontale;Sereno;Normale;Buona;Ore Diurne;1;0;0;1;12,55725;41,81943;-1;2;Motociclo a solo;In marcia / fermata / arresto;Conducente;M;Rimandato;0;NON DECEDUTO;Non accertato;
4425999;10;14/06/2019 09:20:00;Strada Urbana;VIA VENOSA;all'intersezione con;VIA APPIA PIGNATELLI;VIA APPIA PIGNATELLI;;;Scontro frontale/laterale DX fra veicoli in marcia;Intersezione stradale segnalata;Una carreggiata a doppio senso;Asciutto;Asfaltata;Verticale;Sereno;Intenso;Buona;Ore Diurne;1;0;0;1;12,54388;41,84104;-1;1;Autovettura privata;In marcia / fermata / arresto;Conducente;F;Illeso;0;;Non accertato;Inesploso
4425999;10;14/06/2019 09:20:00;Strada Urbana;VIA VENOSA;all'intersezione con;VIA APPIA PIGNATELLI;VIA APPIA PIGNATELLI;;;Scontro frontale/laterale DX fra veicoli in marcia;Intersezione stradale segnalata;Una carreggiata a doppio senso;Asciutto;Asfaltata;Verticale;Sereno;Intenso;Buona;Ore Diurne;1;0;0;1;12,54388;41,84104;-1;2;Motociclo a solo;In marcia / fermata / arresto;Conducente;M;Rimandato;0;NON DECEDUTO;Non accertato;
4426021;20;14/06/2019 10:50:00;Strada Urbana;CORSO DI FRANCIA;in prossimit�;;del palo luce n.;110;;Scontro laterale fra veicoli in marcia;Rettilineo;Una carreggiata a senso unico di marcia;Asciutto;Asfaltata;Verticale ed orizzontale;Sereno;Intenso;Buona;Ore Diurne;2;0;0;1;12,47168;41,93671;-1;1;Motociclo con passeggero;In marcia / fermata / arresto;Passeggero;M;Rimandato;0;NON DECEDUTO;;
4426021;20;14/06/2019 10:50:00;Strada Urbana;CORSO DI FRANCIA;in prossimit�;;del palo luce n.;110;;Scontro laterale fra veicoli in marcia;Rettilineo;Una carreggiata a senso unico di marcia;Asciutto;Asfaltata;Verticale ed orizzontale;Sereno;Intenso;Buona;Ore Diurne;2;0;0;1;12,47168;41,93671;-1;1;Motociclo con passeggero;In marcia / fermata / arresto;Conducente;M;Ricoverato;0;NON DECEDUTO;;
4426021;20;14/06/2019 10:50:00;Strada Urbana;CORSO DI FRANCIA;in prossimit�;;del palo luce n.;110;;Scontro laterale fra veicoli in marcia;Rettilineo;Una carreggiata a senso unico di marcia;Asciutto;Asfaltata;Verticale ed orizzontale;Sereno;Intenso;Buona;Ore Diurne;2;0;0;1;12,47168;41,93671;-1;2;Autocarro superiore 35 q.;In marcia / fermata / arresto;Conducente;M;Illeso;0;;Non accertato;
4426046;17;13/06/2019 07:45:00;Strada Urbana;VIA DELLA CONCILIAZIONE;da specificare;;;;fronte civico 30;Veicolo in marcia contro veicolo in sosta;Rettilineo;Pi� di due carreggiate;Asciutto;In cubetti di porfido;Verticale ed orizzontale;Sereno;Scarso;Buona;Ore Diurne;0;0;0;1;12,46195;41,90234;-1;1;Autocarro inferiore 35 q.;In marcia / fermata / arresto;Conducente;M;Illeso;0;;;
4426046;17;13/06/2019 07:45:00;Strada Urbana;VIA DELLA CONCILIAZIONE;da specificare;;;;fronte civico 30;Veicolo in marcia contro veicolo in sosta;Rettilineo;Pi� di due carreggiate;Asciutto;In cubetti di porfido;Verticale ed orizzontale;Sereno;Scarso;Buona;Ore Diurne;0;0;0;1;12,46195;41,90234;-1;2;Autovettura privata;Sosta;;;;;;;
4426062;2;14/06/2019 01:00:00;Strada Urbana;VIALE DELLE BELLE ARTI;da specificare;;;;fronte scalea Zevi;Scontro laterale fra veicoli in marcia;Rettilineo;Una carreggiata a doppio senso;Asciutto;Asfaltata;Verticale ed orizzontale;Sereno;Scarso;Sufficiente;Sufficiente;1;0;0;1;12,47905;41,91835;-1;1;Autovettura privata;In marcia / fermata / arresto;Conducente;M;Illeso;0;;;
4426062;2;14/06/2019 01:00:00;Strada Urbana;VIALE DELLE BELLE ARTI;da specificare;;;;fronte scalea Zevi;Scontro laterale fra veicoli in marcia;Rettilineo;Una carreggiata a doppio senso;Asciutto;Asfaltata;Verticale ed orizzontale;Sereno;Scarso;Sufficiente;Sufficiente;1;0;0;1;12,47905;41,91835;-1;2;Motociclo a solo;In marcia / fermata / arresto;Conducente;M;Rimandato;0;NON DECEDUTO;;
4426101;3;13/06/2019 07:00:00;Strada Urbana;LARGO DI VILLA MASSIMO;all'intersezione con;VIA ANTONIO NIBBY;VIA ANTONIO NIBBY;;;Scontro frontale/laterale DX fra veicoli in marcia;Intersezione stradale segnalata;Una carreggiata a senso unico di marcia;Asciutto;Asfaltata;Verticale ed orizzontale;Sereno;Normale;Buona;Ore Diurne;0;0;0;2;12,51741;41,9165;-1;1;Autovettura privata;In marcia / fermata / arresto;Conducente;M;Illeso;0;;Non accertato;Inesploso
4426101;3;13/06/2019 07:00:00;Strada Urbana;LARGO DI VILLA MASSIMO;all'intersezione con;VIA ANTONIO NIBBY;VIA ANTONIO NIBBY;;;Scontro frontale/laterale DX fra veicoli in marcia;Intersezione stradale segnalata;Una carreggiata a senso unico di marcia;Asciutto;Asfaltata;Verticale ed orizzontale;Sereno;Normale;Buona;Ore Diurne;0;0;0;2;12,51741;41,9165;-1;2;Autovettura privata;In marcia / fermata / arresto;Conducente;M;Illeso;0;;Non accertato;Inesploso
4426138;7;14/06/2019 12:05:00;Strada Urbana;VIA DEI CICLAMINI;all'intersezione con;VIA DELLE ROSE;VIA DELLE ROSE;;;Scontro frontale/laterale SX fra veicoli in marcia;Incrocio;Una carreggiata a doppio senso;Asciutto;Asfaltata;Verticale ed orizzontale;Sereno;Normale;Buona;Ore Diurne;1;0;0;3;12,5666;41,89057;-1;1;Autovettura privata;In marcia / fermata / arresto;Conducente;M;Illeso;0;;Non accertato;Inesploso
4426138;7;14/06/2019 12:05:00;Strada Urbana;VIA DEI CICLAMINI;all'intersezione con;VIA DELLE ROSE;VIA DELLE ROSE;;;Scontro frontale/laterale SX fra veicoli in marcia;Incrocio;Una carreggiata a doppio senso;Asciutto;Asfaltata;Verticale ed orizzontale;Sereno;Normale;Buona;Ore Diurne;1;0;0;3;12,5666;41,89057;-1;1;Autovettura privata;In marcia / fermata / arresto;Passeggero;M;Illeso;0;;;
4426138;7;14/06/2019 12:05:00;Strada Urbana;VIA DEI CICLAMINI;all'intersezione con;VIA DELLE ROSE;VIA DELLE ROSE;;;Scontro frontale/laterale SX fra veicoli in marcia;Incrocio;Una carreggiata a doppio senso;Asciutto;Asfaltata;Verticale ed orizzontale;Sereno;Normale;Buona;Ore Diurne;1;0;0;3;12,5666;41,89057;-1;2;Motociclo a solo;In marcia / fermata / arresto;Conducente;M;Ricoverato;0;NON DECEDUTO;;
4426138;7;14/06/2019 12:05:00;Strada Urbana;VIA DEI CICLAMINI;all'intersezione con;VIA DELLE ROSE;VIA DELLE ROSE;;;Scontro frontale/laterale SX fra veicoli in marcia;Incrocio;Una carreggiata a doppio senso;Asciutto;Asfaltata;Verticale ed orizzontale;Sereno;Normale;Buona;Ore Diurne;1;0;0;3;12,5666;41,89057;-1;3;Autovettura privata;In marcia / fermata / arresto;Conducente;F;Illeso;0;;Non accertato;Inesploso
4426141;18;13/06/2019 11:05:00;Strada Urbana;VIA GREGORIO VII;in prossimit�;;del civico n.;87;;Scontro laterale fra veicoli in marcia;Rettilineo;Pi� di due carreggiate;Asciutto;Asfaltata;Verticale ed orizzontale;Sereno;Normale;Buona;Ore Diurne;1;0;0;1;12,45035;41,89698;-1;1;Autovettura privata;In marcia / fermata / arresto;Conducente;M;Illeso;0;;;
4426141;18;13/06/2019 11:05:00;Strada Urbana;VIA GREGORIO VII;in prossimit�;;del civico n.;87;;Scontro laterale fra veicoli in marcia;Rettilineo;Pi� di due carreggiate;Asciutto;Asfaltata;Verticale ed orizzontale;Sereno;Normale;Buona;Ore Diurne;1;0;0;1;12,45035;41,89698;-1;2;Autovettura privata;In marcia / fermata / arresto;Conducente;M;Rifiuta cure immediate;0;NON DECEDUTO;;
4426192;16;13/06/2019 21:10:00;Strada Urbana;VIA DI BRAVETTA;da specificare;;;;fronte civico 512;Veicolo in marcia contro veicolo fermo;Rettilineo;Una carreggiata a doppio senso;Asciutto;Asfaltata;Verticale;Sereno;Scarso;Buona;Sufficiente;1;0;0;1;12,42574;41,8762;-1;1;Motociclo con passeggero;In marcia / fermata / arresto;Conducente;F;Rimandato;0;NON DECEDUTO;Non accertato;
4426192;16;13/06/2019 21:10:00;Strada Urbana;VIA DI BRAVETTA;da specificare;;;;fronte civico 512;Veicolo in marcia contro veicolo fermo;Rettilineo;Una carreggiata a doppio senso;Asciutto;Asfaltata;Verticale;Sereno;Scarso;Buona;Sufficiente;1;0;0;1;12,42574;41,8762;-1;2;Autovettura privata;In marcia / fermata / arresto;Conducente;M;Illeso;0;;Non accertato;Inesploso
4426195;3;13/06/2019 15:35:00;Strada Urbana;VIA NOMENTANA;da specificare;;;;fr civ 233;Veicolo in marcia contro veicoli in sosta;Rettilineo;Pi� di due carreggiate;Asciutto;Asfaltata;Verticale ed orizzontale;Sereno;Normale;Buona;Ore Diurne;0;0;0;1;12,50849;41,91417;-1;1;Autovettura privata;In marcia / fermata / arresto;Conducente;M;Illeso;0;;;
4426195;3;13/06/2019 15:35:00;Strada Urbana;VIA NOMENTANA;da specificare;;;;fr civ 233;Veicolo in marcia contro veicoli in sosta;Rettilineo;Pi� di due carreggiate;Asciutto;Asfaltata;Verticale ed orizzontale;Sereno;Normale;Buona;Ore Diurne;0;0;0;1;12,50849;41,91417;-1;2;Motociclo a solo;Sosta;;;;;;;
4426223;12;13/06/2019 10:15:00;Strada Urbana;VIALE EUROPA;in corrispondenza;;del civico n.;76;;Investimento di pedone;Rettilineo;Una carreggiata a doppio senso;Asciutto;Asfaltata;Orizzontale;Sereno;Normale;Buona;Ore Diurne;1;0;0;1;12,46757;41,83132;-1;;;;Pedone;F;Rimandato;0;NON DECEDUTO;;
4426223;12;13/06/2019 10:15:00;Strada Urbana;VIALE EUROPA;in corrispondenza;;del civico n.;76;;Investimento di pedone;Rettilineo;Una carreggiata a doppio senso;Asciutto;Asfaltata;Orizzontale;Sereno;Normale;Buona;Ore Diurne;1;0;0;1;12,46757;41,83132;-1;1;Autovettura privata;In marcia / fermata / arresto;Conducente;F;Illeso;0;;Non accertato;Inesploso
4426298;12;13/06/2019 12:05:00;Strada Urbana;VIALE IGNAZIO SILONE;da specificare;;;;prossimit� Via Giuseppe Lipparini;Investimento di pedone;Pendenza;Pi� di due carreggiate;Asciutto;Asfaltata;Orizzontale;Sereno;Normale;Buona;Ore Diurne;1;0;0;1;12,47615;41,81349;-1;;;;Pedone;F;Rimandato;0;NON DECEDUTO;;
4426298;12;13/06/2019 12:05:00;Strada Urbana;VIALE IGNAZIO SILONE;da specificare;;;;prossimit� Via Giuseppe Lipparini;Investimento di pedone;Pendenza;Pi� di due carreggiate;Asciutto;Asfaltata;Orizzontale;Sereno;Normale;Buona;Ore Diurne;1;0;0;1;12,47615;41,81349;-1;1;Autovettura privata;In marcia / fermata / arresto;Conducente;M;Illeso;0;;Non accertato;Inesploso
4426340;10;13/06/2019 21:15:00;Strada Urbana;VIA DEI SETTE METRI;in corrispondenza;;del civico n.;78/d;;Veicolo in marcia contro veicolo in sosta;Rettilineo;Una carreggiata a doppio senso;Bagnato (pioggia);Asfaltata;Assente;Sereno;Scarso;Buona;Sufficiente;0;0;0;1;12,60464;41,81339;-1;1;Autovettura privata;Sosta;;;;;;;
4426340;10;13/06/2019 21:15:00;Strada Urbana;VIA DEI SETTE METRI;in corrispondenza;;del civico n.;78/d;;Veicolo in marcia contro veicolo in sosta;Rettilineo;Una carreggiata a doppio senso;Bagnato (pioggia);Asfaltata;Assente;Sereno;Scarso;Buona;Sufficiente;0;0;0;1;12,60464;41,81339;-1;2;Autovettura privata;In marcia / fermata / arresto;Conducente;M;Illeso;0;;Non accertato;Inesploso
4426341;17;13/06/2019 21:10:00;Strada Urbana;PIAZZA GIUSEPPE MAZZINI;da specificare;;;;fronte via Oslavia;Infortunio per sola frenata improvvisa;Rotatoria;Una carreggiata a senso unico di marcia;Asciutto;Asfaltata;Verticale ed orizzontale;Sereno;Normale;Buona;Sufficiente;1;0;0;3;12,46406;41,91609;0;1;Motociclo a solo;In marcia / fermata / arresto;Conducente;M;Rifiuta cure immediate;0;NON DECEDUTO;;
4426341;17;13/06/2019 21:10:00;Strada Urbana;PIAZZA GIUSEPPE MAZZINI;da specificare;;;;fronte via Oslavia;Infortunio per sola frenata improvvisa;Rotatoria;Una carreggiata a senso unico di marcia;Asciutto;Asfaltata;Verticale ed orizzontale;Sereno;Normale;Buona;Sufficiente;1;0;0;3;12,46406;41,91609;0;2;Autovettura privata;In marcia / fermata / arresto;Passeggero;M;Illeso;0;;;
4426341;17;13/06/2019 21:10:00;Strada Urbana;PIAZZA GIUSEPPE MAZZINI;da specificare;;;;fronte via Oslavia;Infortunio per sola frenata improvvisa;Rotatoria;Una carreggiata a senso unico di marcia;Asciutto;Asfaltata;Verticale ed orizzontale;Sereno;Normale;Buona;Sufficiente;1;0;0;3;12,46406;41,91609;0;2;Autovettura privata;In marcia / fermata / arresto;Conducente;M;Illeso;0;;;
4426341;17;13/06/2019 21:10:00;Strada Urbana;PIAZZA GIUSEPPE MAZZINI;da specificare;;;;fronte via Oslavia;Infortunio per sola frenata improvvisa;Rotatoria;Una carreggiata a senso unico di marcia;Asciutto;Asfaltata;Verticale ed orizzontale;Sereno;Normale;Buona;Sufficiente;1;0;0;3;12,46406;41,91609;0;2;Autovettura privata;In marcia / fermata / arresto;Passeggero;F;Illeso;0;;;
4426351;18;14/06/2019 08:20:00;Strada Urbana;VIA NAZARETH;in prossimit�;;del civico n.;307;;Scontro frontale fra veicoli in marcia;Rettilineo;Una carreggiata a doppio senso;Asciutto;Asfaltata;Verticale ed orizzontale;Sereno;Normale;Buona;Ore Diurne;2;0;0;2;12,4003;41,9015;-1;1;Autovettura privata;In marcia / fermata / arresto;Conducente;M;Ricoverato;0;NON DECEDUTO;;
4426351;18;14/06/2019 08:20:00;Strada Urbana;VIA NAZARETH;in prossimit�;;del civico n.;307;;Scontro frontale fra veicoli in marcia;Rettilineo;Una carreggiata a doppio senso;Asciutto;Asfaltata;Verticale ed orizzontale;Sereno;Normale;Buona;Ore Diurne;2;0;0;2;12,4003;41,9015;-1;2;Autovettura privata;In marcia / fermata / arresto;Passeggero;F;Illeso;0;;;
4426351;18;14/06/2019 08:20:00;Strada Urbana;VIA NAZARETH;in prossimit�;;del civico n.;307;;Scontro frontale fra veicoli in marcia;Rettilineo;Una carreggiata a doppio senso;Asciutto;Asfaltata;Verticale ed orizzontale;Sereno;Normale;Buona;Ore Diurne;2;0;0;2;12,4003;41,9015;-1;2;Autovettura privata;In marcia / fermata / arresto;Passeggero;F;Illeso;0;;;
4426351;18;14/06/2019 08:20:00;Strada Urbana;VIA NAZARETH;in prossimit�;;del civico n.;307;;Scontro frontale fra veicoli in marcia;Rettilineo;Una carreggiata a doppio senso;Asciutto;Asfaltata;Verticale ed orizzontale;Sereno;Normale;Buona;Ore Diurne;2;0;0;2;12,4003;41,9015;-1;2;Autovettura privata;In marcia / fermata / arresto;Conducente;M;Rimandato;0;NON DECEDUTO;;
4426359;7;14/06/2019 11:50:00;Strada Urbana;VIA DI TOR CERVARA;da specificare;;;;20 metri dall'intersezione con VIA SALVIATI;Tamponamento Multiplo;Rettilineo;Una carreggiata a doppio senso;Asciutto;Asfaltata;Verticale ed orizzontale;Nuvoloso;Intenso;Buona;Ore Diurne;0;0;0;5;12,58849;41,92273;-1;1;Autovettura privata;In marcia / fermata / arresto;Conducente;M;Illeso;0;;Non accertato;Esploso
4426359;7;14/06/2019 11:50:00;Strada Urbana;VIA DI TOR CERVARA;da specificare;;;;20 metri dall'intersezione con VIA SALVIATI;Tamponamento Multiplo;Rettilineo;Una carreggiata a doppio senso;Asciutto;Asfaltata;Verticale ed orizzontale;Nuvoloso;Intenso;Buona;Ore Diurne;0;0;0;5;12,58849;41,92273;-1;2;Autovettura privata;In marcia / fermata / arresto;Conducente;M;Illeso;0;;Non accertato;Inesploso
4426359;7;14/06/2019 11:50:00;Strada Urbana;VIA DI TOR CERVARA;da specificare;;;;20 metri dall'intersezione con VIA SALVIATI;Tamponamento Multiplo;Rettilineo;Una carreggiata a doppio senso;Asciutto;Asfaltata;Verticale ed orizzontale;Nuvoloso;Intenso;Buona;Ore Diurne;0;0;0;5;12,58849;41,92273;-1;3;Autovettura privata;In marcia / fermata / arresto;Passeggero;F;Illeso;0;;Non accertato;Inesistente
4426359;7;14/06/2019 11:50:00;Strada Urbana;VIA DI TOR CERVARA;da specificare;;;;20 metri dall'intersezione con VIA SALVIATI;Tamponamento Multiplo;Rettilineo;Una carreggiata a doppio senso;Asciutto;Asfaltata;Verticale ed orizzontale;Nuvoloso;Intenso;Buona;Ore Diurne;0;0;0;5;12,58849;41,92273;-1;3;Autovettura privata;In marcia / fermata / arresto;Passeggero;M;Illeso;0;;Non accertato;Inesistente
4426359;7;14/06/2019 11:50:00;Strada Urbana;VIA DI TOR CERVARA;da specificare;;;;20 metri dall'intersezione con VIA SALVIATI;Tamponamento Multiplo;Rettilineo;Una carreggiata a doppio senso;Asciutto;Asfaltata;Verticale ed orizzontale;Nuvoloso;Intenso;Buona;Ore Diurne;0;0;0;5;12,58849;41,92273;-1;3;Autovettura privata;In marcia / fermata / arresto;Conducente;F;Illeso;0;;Non accertato;Inesistente
4426389;17;14/06/2019 09:20:00;Strada Urbana;LUNGOTEVERE IN SASSIA;all'intersezione semaforizzata con;PONTE VITTORIO EMANUELE II;PONTE VITTORIO EMANUELE II;;;Investimento di pedone;Intersezione semaforizzata;Una carreggiata a senso unico di marcia;Asciutto;Asfaltata;Verticale ed orizzontale;Sereno;Normale;Buona;Ore Diurne;1;0;0;2;12,46378;41,9015;-1;;;;Pedone;F;Illeso;0;;;
4426389;17;14/06/2019 09:20:00;Strada Urbana;LUNGOTEVERE IN SASSIA;all'intersezione semaforizzata con;PONTE VITTORIO EMANUELE II;PONTE VITTORIO EMANUELE II;;;Investimento di pedone;Intersezione semaforizzata;Una carreggiata a senso unico di marcia;Asciutto;Asfaltata;Verticale ed orizzontale;Sereno;Normale;Buona;Ore Diurne;1;0;0;2;12,46378;41,9015;-1;;;;Pedone;F;Illeso;0;;;
4426389;17;14/06/2019 09:20:00;Strada Urbana;LUNGOTEVERE IN SASSIA;all'intersezione semaforizzata con;PONTE VITTORIO EMANUELE II;PONTE VITTORIO EMANUELE II;;;Investimento di pedone;Intersezione semaforizzata;Una carreggiata a senso unico di marcia;Asciutto;Asfaltata;Verticale ed orizzontale;Sereno;Normale;Buona;Ore Diurne;1;0;0;2;12,46378;41,9015;-1;1;Motociclo con passeggero;In marcia / fermata / arresto;Conducente;F;Rifiuta cure immediate;0;NON DECEDUTO;;
4426400;12;13/06/2019 18:30:00;Strada Urbana;VIA DEL MARE;da specificare;;;;FRONTE CIV. 939 DI VIA OSTIENSE DIR. OSTIA;Tamponamento;Rettilineo;Una carreggiata a doppio senso;Asciutto;Asfaltata;Verticale ed orizzontale;Sereno;Normale;Buona;Ore Diurne;0;0;0;5;12,45219;41,83185;-1;1;Autovettura privata;In marcia / fermata / arresto;Conducente;M;Illeso;0;;Non accertato;
4426400;12;13/06/2019 18:30:00;Strada Urbana;VIA DEL MARE;da specificare;;;;FRONTE CIV. 939 DI VIA OSTIENSE DIR. OSTIA;Tamponamento;Rettilineo;Una carreggiata a doppio senso;Asciutto;Asfaltata;Verticale ed orizzontale;Sereno;Normale;Buona;Ore Diurne;0;0;0;5;12,45219;41,83185;-1;1;Autovettura privata;In marcia / fermata / arresto;Passeggero;M;Illeso;0;;Non accertato;Inesploso
4426400;12;13/06/2019 18:30:00;Strada Urbana;VIA DEL MARE;da specificare;;;;FRONTE CIV. 939 DI VIA OSTIENSE DIR. OSTIA;Tamponamento;Rettilineo;Una carreggiata a doppio senso;Asciutto;Asfaltata;Verticale ed orizzontale;Sereno;Normale;Buona;Ore Diurne;0;0;0;5;12,45219;41,83185;-1;1;Autovettura privata;In marcia / fermata / arresto;Passeggero;F;Illeso;0;;Non accertato;
4426400;12;13/06/2019 18:30:00;Strada Urbana;VIA DEL MARE;da specificare;;;;FRONTE CIV. 939 DI VIA OSTIENSE DIR. OSTIA;Tamponamento;Rettilineo;Una carreggiata a doppio senso;Asciutto;Asfaltata;Verticale ed orizzontale;Sereno;Normale;Buona;Ore Diurne;0;0;0;5;12,45219;41,83185;-1;2;Autovettura privata;In marcia / fermata / arresto;Passeggero;F;Illeso;0;;;
4426400;12;13/06/2019 18:30:00;Strada Urbana;VIA DEL MARE;da specificare;;;;FRONTE CIV. 939 DI VIA OSTIENSE DIR. OSTIA;Tamponamento;Rettilineo;Una carreggiata a doppio senso;Asciutto;Asfaltata;Verticale ed orizzontale;Sereno;Normale;Buona;Ore Diurne;0;0;0;5;12,45219;41,83185;-1;2;Autovettura privata;In marcia / fermata / arresto;Conducente;M;Illeso;0;;Utilizzato;Inesploso
4426403;6;14/06/2019 12:40:00;Strada Urbana;VIA CASILINA;in corrispondenza;;del civico n.;439/B;;Veicolo in marcia contro veicolo in sosta;Rettilineo;Pi� di due carreggiate;Asciutto;Asfaltata;Verticale ed orizzontale;Sereno;Normale;Buona;Ore Diurne;0;0;0;2;12,5415;41,88071;-1;1;Autovettura privata;In marcia / fermata / arresto;Passeggero;F;Illeso;0;;Non accertato;Inesploso
4426403;6;14/06/2019 12:40:00;Strada Urbana;VIA CASILINA;in corrispondenza;;del civico n.;439/B;;Veicolo in marcia contro veicolo in sosta;Rettilineo;Pi� di due carreggiate;Asciutto;Asfaltata;Verticale ed orizzontale;Sereno;Normale;Buona;Ore Diurne;0;0;0;2;12,5415;41,88071;-1;1;Autovettura privata;In marcia / fermata / arresto;Conducente;M;Illeso;0;;Non accertato;Inesploso
4426403;6;14/06/2019 12:40:00;Strada Urbana;VIA CASILINA;in corrispondenza;;del civico n.;439/B;;Veicolo in marcia contro veicolo in sosta;Rettilineo;Pi� di due carreggiate;Asciutto;Asfaltata;Verticale ed orizzontale;Sereno;Normale;Buona;Ore Diurne;0;0;0;2;12,5415;41,88071;-1;2;Autovettura privata;Sosta;;;;;;;