Protocollo;Gruppo;DataOraIncidente;Localizzazione1;STRADA1;Localizzazione2;STRADA2;Strada02;Chilometrica;DaSpecificare;NaturaIncidente;particolaritastrade;TipoStrada;FondoStradale;Pavimentazione;Segnaletica;CondizioneAtmosferica;Traffico;Visibilita;Illuminazione;NUM_FERITI;NUM_RISERVATA;NUM_MORTI;NUM_ILLESI;Longitudine;Latitudine;Confermato;Progressivo;TipoVeicolo;StatoVeicolo;TipoPersona;Sesso;Tipolesione;Deceduto;DecedutoDopo;CinturaCascoUtilizzato;Airbag;
4429856;18;17/06/2019 08:05:00;Strada Urbana;VIA DELLA PINETA SACCHETTI;all'intersezione con;VIA CALISTO II;VIA CALISTO II;;;Scontro frontale/laterale SX fra veicoli in marcia;Intersezione stradale segnalata;Una carreggiata a doppio senso;Asciutto;Asfaltata;Verticale ed orizzontale;Sereno;Normale;Buona;Ore Diurne;2;0;0;1;12,42499;41,92401;-1;2;Motociclo con passeggero;In marcia / fermata / arresto;Conducente;M;Rifiuta cure immediate;0;NON DECEDUTO;Non accertato;
4429856;18;17/06/2019 08:05:00;Strada Urbana;VIA DELLA PINETA SACCHETTI;all'intersezione con;VIA CALISTO II;VIA CALISTO II;;;Scontro frontale/laterale SX fra veicoli in marcia;Intersezione stradale segnalata;Una carreggiata a doppio senso;Asciutto;Asfaltata;Verticale ed orizzontale;Sereno;Normale;Buona;Ore Diurne;2;0;0;1;12,42499;41,92401;-1;2;Motociclo con passeggero;In marcia / fermata / arresto;Passeggero;M;Rimandato;0;NON DECEDUTO;Non accertato;
4429861;18;14/06/2019 21:15:00;Strada Urbana;VIA AURELIA;in prossimit�;;del civico n.;668D;;Investimento di pedone;Rettilineo;Due carreggiate;Asciutto;Asfaltata;Verticale ed orizzontale;Sereno;Scarso;Sufficiente;Sufficiente;1;0;0;2;12,41596;41,89432;-1;;;;Pedone;M;Rimandato;0;NON DECEDUTO;;
4429861;18;14/06/2019 21:15:00;Strada Urbana;VIA AURELIA;in prossimit�;;del civico n.;668D;;Investimento di pedone;Rettilineo;Due carreggiate;Asciutto;Asfaltata;Verticale ed orizzontale;Sereno;Scarso;Sufficiente;Sufficiente;1;0;0;2;12,41596;41,89432;-1;1;Autovettura privata;In marcia / fermata / arresto;Conducente;M;Illeso;0;;Non accertato;Inesploso
4429861;18;14/06/2019 21:15:00;Strada Urbana;VIA AURELIA;in prossimit�;;del civico n.;668D;;Investimento di pedone;Rettilineo;Due carreggiate;Asciutto;Asfaltata;Verticale ed orizzontale;Sereno;Scarso;Sufficiente;Sufficiente;1;0;0;2;12,41596;41,89432;-1;1;Autovettura privata;In marcia / fermata / arresto;Passeggero;F;Illeso;0;;Non accertato;Inesploso
4429874;19;15/06/2019 11:20:00;Strada Urbana;VIA APPIANO;all'intersezione con;VIA LATTANZIO;VIA LATTANZIO;;;Scontro frontale fra veicoli in marcia;Incrocio;Una carreggiata a doppio senso;Asciutto;Asfaltata;Verticale ed orizzontale;Sereno;Normale;Buona;Ore Diurne;0;0;0;2;12,43905;41,91351;-1;1;Autovettura privata;In marcia / fermata / arresto;Conducente;M;Illeso;0;;Non accertato;Inesploso
4429874;19;15/06/2019 11:20:00;Strada Urbana;VIA APPIANO;all'intersezione con;VIA LATTANZIO;VIA LATTANZIO;;;Scontro frontale fra veicoli in marcia;Incrocio;Una carreggiata a doppio senso;Asciutto;Asfaltata;Verticale ed orizzontale;Sereno;Normale;Buona;Ore Diurne;0;0;0;2;12,43905;41,91351;-1;2;Autovettura privata;In marcia / fermata / arresto;Conducente;M;Illeso;0;;Non accertato;Inesploso
4429887;18;15/06/2019 11:10:00;Strada Urbana;VIA GREGORIO XI;all'intersezione con;VIA GIOVANNI NOVELLI;VIA GIOVANNI NOVELLI;;;Investimento di pedone;Intersezione non regolata/non segnalata;Una carreggiata a doppio senso;Asciutto;Asfaltata;Verticale ed orizzontale;Sereno;Normale;Buona;Ore Diurne;1;0;0;1;12,42045;41,9009;-1;;;;Pedone;F;Ricoverato;0;NON DECEDUTO;;
4429887;18;15/06/2019 11:10:00;Strada Urbana;VIA GREGORIO XI;all'intersezione con;VIA GIOVANNI NOVELLI;VIA GIOVANNI NOVELLI;;;Investimento di pedone;Intersezione non regolata/non segnalata;Una carreggiata a doppio senso;Asciutto;Asfaltata;Verticale ed orizzontale;Sereno;Normale;Buona;Ore Diurne;1;0;0;1;12,42045;41,9009;-1;1;Autovettura privata;In marcia / fermata / arresto;Conducente;F;Illeso;0;;Non accertato;Inesploso
4429889;2;16/06/2019 17:40:00;Strada Urbana;VIALE XVII OLIMPIADE;all'intersezione con;VIA AUSTRIA;VIA AUSTRIA;;;Scontro frontale/laterale SX fra veicoli in marcia;Intersezione stradale segnalata;Una carreggiata a senso unico di marcia;Asciutto;Asfaltata;Verticale ed orizzontale;Sereno;Scarso;Buona;Ore Diurne;0;0;0;4;12,47203;41,932;-1;1;Autovettura privata;In marcia / fermata / arresto;Conducente;M;Illeso;0;;Non accertato;Inesploso
4429889;2;16/06/2019 17:40:00;Strada Urbana;VIALE XVII OLIMPIADE;all'intersezione con;VIA AUSTRIA;VIA AUSTRIA;;;Scontro frontale/laterale SX fra veicoli in marcia;Intersezione stradale segnalata;Una carreggiata a senso unico di marcia;Asciutto;Asfaltata;Verticale ed orizzontale;Sereno;Scarso;Buona;Ore Diurne;0;0;0;4;12,47203;41,932;-1;1;Autovettura privata;In marcia / fermata / arresto;Passeggero;F;Illeso;0;;Non accertato;Inesploso
4429889;2;16/06/2019 17:40:00;Strada Urbana;VIALE XVII OLIMPIADE;all'intersezione con;VIA AUSTRIA;VIA AUSTRIA;;;Scontro frontale/laterale SX fra veicoli in marcia;Intersezione stradale segnalata;Una carreggiata a senso unico di marcia;Asciutto;Asfaltata;Verticale ed orizzontale;Sereno;Scarso;Buona;Ore Diurne;0;0;0;4;12,47203;41,932;-1;2;Autovettura privata;In marcia / fermata / arresto;Passeggero;M;Illeso;0;;Non accertato;Inesploso
4429889;2;16/06/2019 17:40:00;Strada Urbana;VIALE XVII OLIMPIADE;all'intersezione con;VIA AUSTRIA;VIA AUSTRIA;;;Scontro frontale/laterale SX fra veicoli in marcia;Intersezione stradale segnalata;Una carreggiata a senso unico di marcia;Asciutto;Asfaltata;Verticale ed orizzontale;Sereno;Scarso;Buona;Ore Diurne;0;0;0;4;12,47203;41,932;-1;2;Autovettura privata;In marcia / fermata / arresto;Conducente;M;Illeso;0;;Non accertato;Inesploso
4429893;2;17/06/2019 00:10:00;Strada Urbana;VIALE REGINA MARGHERITA;all'intersezione con;VIA GARIGLIANO;VIA GARIGLIANO;;;Tamponamento Multiplo;Intersezione semaforizzata;Una carreggiata a doppio senso;Asciutto;Asfaltata;Verticale ed orizzontale;Sereno;Scarso;Sufficiente;Sufficiente;0;0;0;5;12,50513;41,91424;-1;1;Autovettura privata;In marcia / fermata / arresto;Passeggero;F;Illeso;0;;Non accertato;Inesploso
4429893;2;17/06/2019 00:10:00;Strada Urbana;VIALE REGINA MARGHERITA;all'intersezione con;VIA GARIGLIANO;VIA GARIGLIANO;;;Tamponamento Multiplo;Intersezione semaforizzata;Una carreggiata a doppio senso;Asciutto;Asfaltata;Verticale ed orizzontale;Sereno;Scarso;Sufficiente;Sufficiente;0;0;0;5;12,50513;41,91424;-1;1;Autovettura privata;In marcia / fermata / arresto;Conducente;M;Illeso;0;;Non accertato;Inesploso
4429893;2;17/06/2019 00:10:00;Strada Urbana;VIALE REGINA MARGHERITA;all'intersezione con;VIA GARIGLIANO;VIA GARIGLIANO;;;Tamponamento Multiplo;Intersezione semaforizzata;Una carreggiata a doppio senso;Asciutto;Asfaltata;Verticale ed orizzontale;Sereno;Scarso;Sufficiente;Sufficiente;0;0;0;5;12,50513;41,91424;-1;2;Autovettura privata;In marcia / fermata / arresto;Conducente;M;Illeso;0;;Non accertato;Inesploso
4429893;2;17/06/2019 00:10:00;Strada Urbana;VIALE REGINA MARGHERITA;all'intersezione con;VIA GARIGLIANO;VIA GARIGLIANO;;;Tamponamento Multiplo;Intersezione semaforizzata;Una carreggiata a doppio senso;Asciutto;Asfaltata;Verticale ed orizzontale;Sereno;Scarso;Sufficiente;Sufficiente;0;0;0;5;12,50513;41,91424;-1;2;Autovettura privata;In marcia / fermata / arresto;Passeggero;F;Illeso;0;;Non accertato;Inesploso
4429893;2;17/06/2019 00:10:00;Strada Urbana;VIALE REGINA MARGHERITA;all'intersezione con;VIA GARIGLIANO;VIA GARIGLIANO;;;Tamponamento Multiplo;Intersezione semaforizzata;Una carreggiata a doppio senso;Asciutto;Asfaltata;Verticale ed orizzontale;Sereno;Scarso;Sufficiente;Sufficiente;0;0;0;5;12,50513;41,91424;-1;3;Autovettura privata;In marcia / fermata / arresto;Conducente;M;Illeso;0;;Non accertato;Inesploso
4429904;11;15/06/2019 14:20:00;Strada Urbana;VIALE CRISTOFORO COLOMBO;in prossimit�;;del palo luce n.;46;;Scontro frontale/laterale SX fra veicoli in marcia;Rettilineo;Due carreggiate;Asciutto;Asfaltata;Verticale ed orizzontale;Sereno;Normale;Buona;Ore Diurne;1;0;0;2;12,49635;41,8672;-1;1;Autovettura privata;In marcia / fermata / arresto;Conducente;M;Rimandato;0;NON DECEDUTO;;
4429904;11;15/06/2019 14:20:00;Strada Urbana;VIALE CRISTOFORO COLOMBO;in prossimit�;;del palo luce n.;46;;Scontro frontale/laterale SX fra veicoli in marcia;Rettilineo;Due carreggiate;Asciutto;Asfaltata;Verticale ed orizzontale;Sereno;Normale;Buona;Ore Diurne;1;0;0;2;12,49635;41,8672;-1;2;Autovettura privata;In marcia / fermata / arresto;Passeggero;F;Illeso;0;;;
4429904;11;15/06/2019 14:20:00;Strada Urbana;VIALE CRISTOFORO COLOMBO;in prossimit�;;del palo luce n.;46;;Scontro frontale/laterale SX fra veicoli in marcia;Rettilineo;Due carreggiate;Asciutto;Asfaltata;Verticale ed orizzontale;Sereno;Normale;Buona;Ore Diurne;1;0;0;2;12,49635;41,8672;-1;2;Autovettura privata;In marcia / fermata / arresto;Conducente;M;Illeso;0;;;
4429918;11;14/06/2019 10:15:00;Strada Urbana;VIA DELLA VILLA DI LUCINA;in prossimit�;;del civico n.;63;;Scontro laterale fra veicoli in marcia;Rettilineo;Due carreggiate;Asciutto;Asfaltata;Verticale ed orizzontale;Sereno;Scarso;Buona;Ore Diurne;0;0;0;2;12,48471;41,85717;-1;1;Autovettura privata;In marcia / fermata / arresto;Conducente;M;Illeso;0;;Non accertato;
4429918;11;14/06/2019 10:15:00;Strada Urbana;VIA DELLA VILLA DI LUCINA;in prossimit�;;del civico n.;63;;Scontro laterale fra veicoli in marcia;Rettilineo;Due carreggiate;Asciutto;Asfaltata;Verticale ed orizzontale;Sereno;Scarso;Buona;Ore Diurne;0;0;0;2;12,48471;41,85717;-1;2;Autovettura privata;In marcia / fermata / arresto;Conducente;M;Illeso;0;;Non accertato;
4429924;1;06/06/2019 15:30:00;Strada Urbana;VIA PALESTRO;in prossimit�;;del civico n.;75;;Veicolo in marcia contro veicolo in sosta;Curva a visuale libera;Una carreggiata a senso unico di marcia;Asciutto;Asfaltata;Assente;Sereno;Intenso;Sufficiente;Ore Diurne;0;0;0;1;12,50557;41,90388;-1;1;Motociclo a solo;Sosta;;;;;;;
4429924;1;06/06/2019 15:30:00;Strada Urbana;VIA PALESTRO;in prossimit�;;del civico n.;75;;Veicolo in marcia contro veicolo in sosta;Curva a visuale libera;Una carreggiata a senso unico di marcia;Asciutto;Asfaltata;Assente;Sereno;Intenso;Sufficiente;Ore Diurne;0;0;0;1;12,50557;41,90388;-1;2;Autovettura pubblica;In marcia / fermata / arresto;Conducente;F;Illeso;0;;;
4429929;18;15/06/2019 11:40:00;Strada Urbana;VIA BALDO DEGLI UBALDI;in prossimit�;;del civico n.;250;;Scontro frontale/laterale SX fra veicoli in marcia;Rettilineo;Due carreggiate;Asciutto;Asfaltata;Assente;Sereno;Normale;Buona;Ore Diurne;1;0;0;1;12,43754;41,90042;-1;1;Autovettura privata;In marcia / fermata / arresto;Conducente;F;Illeso;0;;Non accertato;Inesploso
4429929;18;15/06/2019 11:40:00;Strada Urbana;VIA BALDO DEGLI UBALDI;in prossimit�;;del civico n.;250;;Scontro frontale/laterale SX fra veicoli in marcia;Rettilineo;Due carreggiate;Asciutto;Asfaltata;Assente;Sereno;Normale;Buona;Ore Diurne;1;0;0;1;12,43754;41,90042;-1;2;Motociclo a solo;In marcia / fermata / arresto;Conducente;M;Rimandato;0;NON DECEDUTO;;
4429938;11;16/06/2019 17:30:00;Strada Urbana;VIA DELLA VILLA DI LUCINA;in prossimit�;;del civico n.;12;;Scontro laterale fra veicoli in marcia;Rettilineo;Una carreggiata a senso unico di marcia;Asciutto;Asfaltata;Verticale ed orizzontale;Sereno;Scarso;Buona;Ore Diurne;0;0;0;2;12,484;41,85493;-1;1;Autovettura privata;In marcia / fermata / arresto;Conducente;F;Illeso;0;;;
4429938;11;16/06/2019 17:30:00;Strada Urbana;VIA DELLA VILLA DI LUCINA;in prossimit�;;del civico n.;12;;Scontro laterale fra veicoli in marcia;Rettilineo;Una carreggiata a senso unico di marcia;Asciutto;Asfaltata;Verticale ed orizzontale;Sereno;Scarso;Buona;Ore Diurne;0;0;0;2;12,484;41,85493;-1;2;Autovettura privata;In marcia / fermata / arresto;Conducente;M;Illeso;0;;;
4429943;19;16/06/2019 04:00:00;Strada Urbana;VIA APPIANO;in corrispondenza;;del civico n.;69;;Veicolo in marcia contro veicolo in sosta;Rettilineo;Una carreggiata a doppio senso;Asciutto;Asfaltata;Assente;Sereno;Scarso;Buona;Sufficiente;0;0;0;1;12,43682;41,91362;-1;1;Autovettura privata;In marcia / fermata / arresto;Conducente;F;Illeso;0;;;
4429943;19;16/06/2019 04:00:00;Strada Urbana;VIA APPIANO;in corrispondenza;;del civico n.;69;;Veicolo in marcia contro veicolo in sosta;Rettilineo;Una carreggiata a doppio senso;Asciutto;Asfaltata;Assente;Sereno;Scarso;Buona;Sufficiente;0;0;0;1;12,43682;41,91362;-1;2;Autovettura privata;Sosta;;;;;;;
4429957;12;15/06/2019 17:30:00;Strada Urbana;VIALE DEGLI EROI DI CEFALONIA;all'intersezione con;VIA CALCEDONIO GIORDANO;VIA CALCEDONIO GIORDANO;;;Scontro laterale fra veicoli in marcia;Incrocio;Una carreggiata a senso unico di marcia;Asciutto;Asfaltata;Verticale ed orizzontale;Sereno;Scarso;Buona;Ore Diurne;0;0;0;5;12,43569;41,78527;-1;1;Autovettura privata;In marcia / fermata / arresto;Conducente;M;Illeso;0;;Utilizzato;
4429957;12;15/06/2019 17:30:00;Strada Urbana;VIALE DEGLI EROI DI CEFALONIA;all'intersezione con;VIA CALCEDONIO GIORDANO;VIA CALCEDONIO GIORDANO;;;Scontro laterale fra veicoli in marcia;Incrocio;Una carreggiata a senso unico di marcia;Asciutto;Asfaltata;Verticale ed orizzontale;Sereno;Scarso;Buona;Ore Diurne;0;0;0;5;12,43569;41,78527;-1;1;Autovettura privata;In marcia / fermata / arresto;Passeggero;F;Illeso;0;;Utilizzato;Inesploso
4429957;12;15/06/2019 17:30:00;Strada Urbana;VIALE DEGLI EROI DI CEFALONIA;all'intersezione con;VIA CALCEDONIO GIORDANO;VIA CALCEDONIO GIORDANO;;;Scontro laterale fra veicoli in marcia;Incrocio;Una carreggiata a senso unico di marcia;Asciutto;Asfaltata;Verticale ed orizzontale;Sereno;Scarso;Buona;Ore Diurne;0;0;0;5;12,43569;41,78527;-1;2;Autovettura privata;In marcia / fermata / arresto;Conducente;M;Illeso;0;;Utilizzato;Inesploso
4429957;12;15/06/2019 17:30:00;Strada Urbana;VIALE DEGLI EROI DI CEFALONIA;all'intersezione con;VIA CALCEDONIO GIORDANO;VIA CALCEDONIO GIORDANO;;;Scontro laterale fra veicoli in marcia;Incrocio;Una carreggiata a senso unico di marcia;Asciutto;Asfaltata;Verticale ed orizzontale;Sereno;Scarso;Buona;Ore Diurne;0;0;0;5;12,43569;41,78527;-1;2;Autovettura privata;In marcia / fermata / arresto;Passeggero;M;Illeso;0;;;
4429957;12;15/06/2019 17:30:00;Strada Urbana;VIALE DEGLI EROI DI CEFALONIA;all'intersezione con;VIA CALCEDONIO GIORDANO;VIA CALCEDONIO GIORDANO;;;Scontro laterale fra veicoli in marcia;Incrocio;Una carreggiata a senso unico di marcia;Asciutto;Asfaltata;Verticale ed orizzontale;Sereno;Scarso;Buona;Ore Diurne;0;0;0;5;12,43569;41,78527;-1;2;Autovettura privata;In marcia / fermata / arresto;Passeggero;M;Illeso;0;;;
4429958;18;16/06/2019 05:45:00;Strada Urbana;VIA GIUSEPPE CELANI;in prossimit�;;del civico n.;35;;Veicolo in marcia contro veicolo in sosta;Rettilineo;Una carreggiata a senso unico di marcia;Asciutto;Asfaltata;Assente;Sereno;Scarso;Buona;Ore Diurne;0;0;0;0;12,4524;41,8762;-1;1;Autocarro inferiore 35 q.;In marcia / fermata / arresto;;;;;;;
4429958;18;16/06/2019 05:45:00;Strada Urbana;VIA GIUSEPPE CELANI;in prossimit�;;del civico n.;35;;Veicolo in marcia contro veicolo in sosta;Rettilineo;Una carreggiata a senso unico di marcia;Asciutto;Asfaltata;Assente;Sereno;Scarso;Buona;Ore Diurne;0;0;0;0;12,4524;41,8762;-1;2;Autovettura privata;Sosta;;;;;;;
4429960;11;16/06/2019 19:20:00;Strada Urbana;VIALE DI TOR MARANCIA;all'intersezione con;VIA ANNIO FELICE;VIA ANNIO FELICE;;;Scontro frontale/laterale SX fra veicoli in marcia;Incrocio;Due carreggiate;Asciutto;Asfaltata;Verticale ed orizzontale;Sereno;Normale;Buona;Ore Diurne;1;0;0;3;12,49715;41,85618;-1;1;Autovettura privata;In marcia / fermata / arresto;Conducente;M;Illeso;0;;Non accertato;
4429960;11;16/06/2019 19:20:00;Strada Urbana;VIALE DI TOR MARANCIA;all'intersezione con;VIA ANNIO FELICE;VIA ANNIO FELICE;;;Scontro frontale/laterale SX fra veicoli in marcia;Incrocio;Due carreggiate;Asciutto;Asfaltata;Verticale ed orizzontale;Sereno;Normale;Buona;Ore Diurne;1;0;0;3;12,49715;41,85618;-1;1;Autovettura privata;In marcia / fermata / arresto;Passeggero;F;Illeso;0;;Non accertato;
4429960;11;16/06/2019 19:20:00;Strada Urbana;VIALE DI TOR MARANCIA;all'intersezione con;VIA ANNIO FELICE;VIA ANNIO FELICE;;;Scontro frontale/laterale SX fra veicoli in marcia;Incrocio;Due carreggiate;Asciutto;Asfaltata;Verticale ed orizzontale;Sereno;Normale;Buona;Ore Diurne;1;0;0;3;12,49715;41,85618;-1;2;Motociclo a solo;In marcia / fermata / arresto;Conducente;M;Rimandato;0;NON DECEDUTO;;
4429960;11;16/06/2019 19:20:00;Strada Urbana;VIALE DI TOR MARANCIA;all'intersezione con;VIA ANNIO FELICE;VIA ANNIO FELICE;;;Scontro frontale/laterale SX fra veicoli in marcia;Incrocio;Due carreggiate;Asciutto;Asfaltata;Verticale ed orizzontale;Sereno;Normale;Buona;Ore Diurne;1;0;0;3;12,49715;41,85618;-1;2;Motociclo a solo;In marcia / fermata / arresto;Passeggero;F;Illeso;0;;;
4429964;10;17/06/2019 07:30:00;Strada Urbana;VIALE PALMIRO TOGLIATTI;in corrispondenza;;del civico n.;243;;Scontro laterale fra veicoli in marcia;Rettilineo;Una carreggiata a senso unico di marcia;Asciutto;Asfaltata;Verticale ed orizzontale;Sereno;Normale;Buona;Ore Diurne;0;0;0;2;12,56894;41,86236;-1;1;Autovettura privata;In marcia / fermata / arresto;Conducente;M;Illeso;0;;Non accertato;Inesploso
4429964;10;17/06/2019 07:30:00;Strada Urbana;VIALE PALMIRO TOGLIATTI;in corrispondenza;;del civico n.;243;;Scontro laterale fra veicoli in marcia;Rettilineo;Una carreggiata a senso unico di marcia;Asciutto;Asfaltata;Verticale ed orizzontale;Sereno;Normale;Buona;Ore Diurne;0;0;0;2;12,56894;41,86236;-1;2;Autocarro superiore 35 q.;In marcia / fermata / arresto;Conducente;M;Illeso;0;;Esente;Inesploso
4429966;11;16/06/2019 03:15:00;Strada Urbana;VIA CRISTOFORO COLOMBO;in corrispondenza;;del palo luce n.;104;;Scontro laterale fra veicoli in marcia;Rettilineo;Pi� di due carreggiate;Asciutto;Asfaltata;Verticale ed orizzontale;Sereno;Scarso;Buona;Sufficiente;1;0;0;3;12,49807;41,86029;-1;1;Autovettura privata;In marcia / fermata / arresto;Passeggero;M;Illeso;0;;;
4429966;11;16/06/2019 03:15:00;Strada Urbana;VIA CRISTOFORO COLOMBO;in corrispondenza;;del palo luce n.;104;;Scontro laterale fra veicoli in marcia;Rettilineo;Pi� di due carreggiate;Asciutto;Asfaltata;Verticale ed orizzontale;Sereno;Scarso;Buona;Sufficiente;1;0;0;3;12,49807;41,86029;-1;1;Autovettura privata;In marcia / fermata / arresto;Conducente;M;Illeso;0;;;
4429966;11;16/06/2019 03:15:00;Strada Urbana;VIA CRISTOFORO COLOMBO;in corrispondenza;;del palo luce n.;104;;Scontro laterale fra veicoli in marcia;Rettilineo;Pi� di due carreggiate;Asciutto;Asfaltata;Verticale ed orizzontale;Sereno;Scarso;Buona;Sufficiente;1;0;0;3;12,49807;41,86029;-1;2;Autovettura privata;In marcia / fermata / arresto;Conducente;F;Illeso;0;;;
4429966;11;16/06/2019 03:15:00;Strada Urbana;VIA CRISTOFORO COLOMBO;in corrispondenza;;del palo luce n.;104;;Scontro laterale fra veicoli in marcia;Rettilineo;Pi� di due carreggiate;Asciutto;Asfaltata;Verticale ed orizzontale;Sereno;Scarso;Buona;Sufficiente;1;0;0;3;12,49807;41,86029;-1;2;Autovettura privata;In marcia / fermata / arresto;Passeggero;F;Rifiuta cure immediate;0;NON DECEDUTO;;
4429973;19;15/06/2019 21:00:00;Strada Urbana;VIA MOTTA VISCONTI;in corrispondenza;;del civico n.;86;;Veicolo in marcia contro veicolo fermo;Rettilineo;Una carreggiata a doppio senso;Asciutto;Asfaltata;Assente;Sereno;Scarso;Sufficiente;Sufficiente;0;0;0;1;12,38753;41,94623;-1;1;Autovettura privata;In marcia / fermata / arresto;Conducente;M;Illeso;0;;Non accertato;Inesploso
4429973;19;15/06/2019 21:00:00;Strada Urbana;VIA MOTTA VISCONTI;in corrispondenza;;del civico n.;86;;Veicolo in marcia contro veicolo fermo;Rettilineo;Una carreggiata a doppio senso;Asciutto;Asfaltata;Assente;Sereno;Scarso;Sufficiente;Sufficiente;0;0;0;1;12,38753;41,94623;-1;2;Autocarro inferiore 35 q.;In marcia / fermata / arresto;;;;;;;
4429976;4;16/06/2019 06:30:00;Strada Urbana;VIA RAPAGNANO;in corrispondenza;;del civico n.;96;;Veicolo in marcia contro veicoli in sosta;Rettilineo;Una carreggiata a senso unico di marcia;Asciutto;Asfaltata;Verticale ed orizzontale;Sereno;Scarso;Buona;Sufficiente;0;0;0;1;12,51286;41,98168;-1;1;Autovettura privata;Sosta;;;;;;;
4429976;4;16/06/2019 06:30:00;Strada Urbana;VIA RAPAGNANO;in corrispondenza;;del civico n.;96;;Veicolo in marcia contro veicoli in sosta;Rettilineo;Una carreggiata a senso unico di marcia;Asciutto;Asfaltata;Verticale ed orizzontale;Sereno;Scarso;Buona;Sufficiente;0;0;0;1;12,51286;41,98168;-1;2;Autocarro inferiore 35 q.;Sosta;;;;;;;
4429976;4;16/06/2019 06:30:00;Strada Urbana;VIA RAPAGNANO;in corrispondenza;;del civico n.;96;;Veicolo in marcia contro veicoli in sosta;Rettilineo;Una carreggiata a senso unico di marcia;Asciutto;Asfaltata;Verticale ed orizzontale;Sereno;Scarso;Buona;Sufficiente;0;0;0;1;12,51286;41,98168;-1;3;Autocarro inferiore 35 q.;Sosta;;;;;;;
4429976;4;16/06/2019 06:30:00;Strada Urbana;VIA RAPAGNANO;in corrispondenza;;del civico n.;96;;Veicolo in marcia contro veicoli in sosta;Rettilineo;Una carreggiata a senso unico di marcia;Asciutto;Asfaltata;Verticale ed orizzontale;Sereno;Scarso;Buona;Sufficiente;0;0;0;1;12,51286;41,98168;-1;4;Autovettura privata;In marcia / fermata / arresto;Conducente;M;Illeso;0;;;
4429991;18;15/06/2019 21:30:00;Strada Urbana;VIA AURELIA;in prossimit�;;del civico n.;668;;Tamponamento;Rettilineo;Due carreggiate;Asciutto;Asfaltata;Verticale ed orizzontale;Sereno;Normale;Buona;Sufficiente;1;0;0;1;12,41596;41,89432;-1;1;Autovettura privata;In marcia / fermata / arresto;Conducente;F;Illeso;0;;Non accertato;Inesploso
4429991;18;15/06/2019 21:30:00;Strada Urbana;VIA AURELIA;in prossimit�;;del civico n.;668;;Tamponamento;Rettilineo;Due carreggiate;Asciutto;Asfaltata;Verticale ed orizzontale;Sereno;Normale;Buona;Sufficiente;1;0;0;1;12,41596;41,89432;-1;2;Autovettura privata;In marcia / fermata / arresto;Conducente;F;Rifiuta cure immediate;0;NON DECEDUTO;Non accertato;Inesploso
4430003;4;15/06/2019 11:15:00;Strada Urbana;VIA RINA DE LIGUORO;all'intersezione con;VIA AMLETO PALERMI;VIA AMLETO PALERMI;;;Scontro laterale fra veicoli in marcia;Incrocio;Una carreggiata a senso unico di marcia;Asciutto;Asfaltata;Verticale;Sereno;Normale;Buona;Ore Diurne;0;0;0;4;12,53825;41,96396;-1;1;Autovettura privata;In marcia / fermata / arresto;Conducente;M;Illeso;0;;Non accertato;Inesploso
4430003;4;15/06/2019 11:15:00;Strada Urbana;VIA RINA DE LIGUORO;all'intersezione con;VIA AMLETO PALERMI;VIA AMLETO PALERMI;;;Scontro laterale fra veicoli in marcia;Incrocio;Una carreggiata a senso unico di marcia;Asciutto;Asfaltata;Verticale;Sereno;Normale;Buona;Ore Diurne;0;0;0;4;12,53825;41,96396;-1;1;Autovettura privata;In marcia / fermata / arresto;Passeggero;F;Illeso;0;;Non accertato;
4430003;4;15/06/2019 11:15:00;Strada Urbana;VIA RINA DE LIGUORO;all'intersezione con;VIA AMLETO PALERMI;VIA AMLETO PALERMI;;;Scontro laterale fra veicoli in marcia;Incrocio;Una carreggiata a senso unico di marcia;Asciutto;Asfaltata;Verticale;Sereno;Normale;Buona;Ore Diurne;0;0;0;4;12,53825;41,96396;-1;1;Autovettura privata;In marcia / fermata / arresto;Passeggero;F;Illeso;0;;Non accertato;Inesploso
4430003;4;15/06/2019 11:15:00;Strada Urbana;VIA RINA DE LIGUORO;all'intersezione con;VIA AMLETO PALERMI;VIA AMLETO PALERMI;;;Scontro laterale fra veicoli in marcia;Incrocio;Una carreggiata a senso unico di marcia;Asciutto;Asfaltata;Verticale;Sereno;Normale;Buona;Ore Diurne;0;0;0;4;12,53825;41,96396;-1;2;Autovettura privata;In marcia / fermata / arresto;Conducente;M;Illeso;0;;Non accertato;Inesploso
4430060;15;16/06/2019 18:40:00;Comunale extraurbana;VIA PORTUENSE;in corrispondenza;;del civico n.;1680;;Scontro laterale fra veicoli in marcia;Rettilineo;Due carreggiate;Asciutto;Asfaltata;Verticale ed orizzontale;Sereno;Scarso;Buona;Ore Diurne;0;0;0;7;12,31704;41,8051;-1;1;Autovettura privata;In marcia / fermata / arresto;Conducente;M;Illeso;0;;;
4430060;15;16/06/2019 18:40:00;Comunale extraurbana;VIA PORTUENSE;in corrispondenza;;del civico n.;1680;;Scontro laterale fra veicoli in marcia;Rettilineo;Due carreggiate;Asciutto;Asfaltata;Verticale ed orizzontale;Sereno;Scarso;Buona;Ore Diurne;0;0;0;7;12,31704;41,8051;-1;1;Autovettura privata;In marcia / fermata / arresto;Passeggero;M;Illeso;0;;;