Protocollo;Gruppo;DataOraIncidente;Localizzazione1;STRADA1;Localizzazione2;STRADA2;Strada02;Chilometrica;DaSpecificare;NaturaIncidente;particolaritastrade;TipoStrada;FondoStradale;Pavimentazione;Segnaletica;CondizioneAtmosferica;Traffico;Visibilita;Illuminazione;NUM_FERITI;NUM_RISERVATA;NUM_MORTI;NUM_ILLESI;Longitudine;Latitudine;Confermato;Progressivo;TipoVeicolo;StatoVeicolo;TipoPersona;Sesso;Tipolesione;Deceduto;DecedutoDopo;CinturaCascoUtilizzato;Airbag;
4430341;9;17/06/2019 09:15:00;Strada Urbana;VIA ACAIA;in corrispondenza;;del civico n.;57;;Scontro laterale fra veicoli in marcia;Rettilineo;Una carreggiata a doppio senso;Asciutto;Asfaltata;Verticale ed orizzontale;Sereno;Intenso;Buona;Ore Diurne;0;0;0;2;;;0;1;Autocarro inferiore 35 q.;In marcia / fermata / arresto;Conducente;M;Illeso;0;;;
4430341;9;17/06/2019 09:15:00;Strada Urbana;VIA ACAIA;in corrispondenza;;del civico n.;57;;Scontro laterale fra veicoli in marcia;Rettilineo;Una carreggiata a doppio senso;Asciutto;Asfaltata;Verticale ed orizzontale;Sereno;Intenso;Buona;Ore Diurne;0;0;0;2;;;0;2;Autovettura privata;In marcia / fermata / arresto;Conducente;M;Illeso;0;;;
4430387;12;15/06/2019 15:10:00;Strada Urbana;VIA LEONARDO UMILE;in prossimit�;;del civico n.;86/90;;Veicolo in marcia contro veicoli in sosta;Rettilineo;Una carreggiata a doppio senso;Asciutto;Asfaltata;Verticale ed orizzontale;Sereno;Scarso;Buona;Ore Diurne;0;0;0;2;12,44466;41,80666;-1;1;Autovettura privata;In marcia / fermata / arresto;Passeggero;M;Illeso;0;;Utilizzato;
4430387;12;15/06/2019 15:10:00;Strada Urbana;VIA LEONARDO UMILE;in prossimit�;;del civico n.;86/90;;Veicolo in marcia contro veicoli in sosta;Rettilineo;Una carreggiata a doppio senso;Asciutto;Asfaltata;Verticale ed orizzontale;Sereno;Scarso;Buona;Ore Diurne;0;0;0;2;12,44466;41,80666;-1;1;Autovettura privata;In marcia / fermata / arresto;Conducente;M;Illeso;0;;Non accertato;
4430387;12;15/06/2019 15:10:00;Strada Urbana;VIA LEONARDO UMILE;in prossimit�;;del civico n.;86/90;;Veicolo in marcia contro veicoli in sosta;Rettilineo;Una carreggiata a doppio senso;Asciutto;Asfaltata;Verticale ed orizzontale;Sereno;Scarso;Buona;Ore Diurne;0;0;0;2;12,44466;41,80666;-1;2;Autovettura privata;Sosta;;;;;;;
4430387;12;15/06/2019 15:10:00;Strada Urbana;VIA LEONARDO UMILE;in prossimit�;;del civico n.;86/90;;Veicolo in marcia contro veicoli in sosta;Rettilineo;Una carreggiata a doppio senso;Asciutto;Asfaltata;Verticale ed orizzontale;Sereno;Scarso;Buona;Ore Diurne;0;0;0;2;12,44466;41,80666;-1;3;Autovettura privata;Sosta;;;;;;;
4430456;3;15/06/2019 13:20:00;Strada Urbana;PIAZZALE DEL VERANO;da specificare;;;;cimitero verano - lotto 143/144;Scontro frontale/laterale DX fra veicoli in marcia;Rettilineo;Una carreggiata a doppio senso;Asciutto;Asfaltata;Assente;Sereno;Scarso;Sufficiente;Ore Diurne;0;0;0;2;12,52204;41,90187;-1;1;Autovettura privata;In marcia / fermata / arresto;Conducente;F;Illeso;0;;Non accertato;
4430456;3;15/06/2019 13:20:00;Strada Urbana;PIAZZALE DEL VERANO;da specificare;;;;cimitero verano - lotto 143/144;Scontro frontale/laterale DX fra veicoli in marcia;Rettilineo;Una carreggiata a doppio senso;Asciutto;Asfaltata;Assente;Sereno;Scarso;Sufficiente;Ore Diurne;0;0;0;2;12,52204;41,90187;-1;2;Autovettura privata;In marcia / fermata / arresto;Conducente;M;Illeso;0;;Non accertato;
4430472;3;16/06/2019 10:30:00;Strada Urbana;VIA DEGLI AUSONI;all'intersezione con;VIA DEI SABELLI;VIA DEI SABELLI;;;Scontro frontale/laterale DX fra veicoli in marcia;Intersezione stradale segnalata;Due carreggiate;Asciutto;Asfaltata;Assente;Sereno;Scarso;Buona;Ore Diurne;1;0;0;1;12,51737;41,89796;-1;1;Autovettura privata;In marcia / fermata / arresto;Conducente;M;Illeso;0;;Non accertato;Inesploso
4430472;3;16/06/2019 10:30:00;Strada Urbana;VIA DEGLI AUSONI;all'intersezione con;VIA DEI SABELLI;VIA DEI SABELLI;;;Scontro frontale/laterale DX fra veicoli in marcia;Intersezione stradale segnalata;Due carreggiate;Asciutto;Asfaltata;Assente;Sereno;Scarso;Buona;Ore Diurne;1;0;0;1;12,51737;41,89796;-1;2;Motociclo a solo;In marcia / fermata / arresto;Conducente;M;Rimandato;0;NON DECEDUTO;Non accertato;
4430477;12;15/06/2019 16:20:00;Strada Urbana;VIA DI TRIGORIA;all'intersezione con;VIA ALESSANDRO MINUZIANO;VIA ALESSANDRO MINUZIANO;;;Scontro frontale/laterale SX fra veicoli in marcia;Incrocio;Una carreggiata a doppio senso;Asciutto;Asfaltata;Verticale ed orizzontale;Sereno;Scarso;Buona;Ore Diurne;1;0;0;1;12,47848;41,76862;-1;1;Velocipede;In marcia / fermata / arresto;Conducente;M;Rimandato;0;NON DECEDUTO;Esente;
4430477;12;15/06/2019 16:20:00;Strada Urbana;VIA DI TRIGORIA;all'intersezione con;VIA ALESSANDRO MINUZIANO;VIA ALESSANDRO MINUZIANO;;;Scontro frontale/laterale SX fra veicoli in marcia;Incrocio;Una carreggiata a doppio senso;Asciutto;Asfaltata;Verticale ed orizzontale;Sereno;Scarso;Buona;Ore Diurne;1;0;0;1;12,47848;41,76862;-1;2;Autovettura privata;In marcia / fermata / arresto;Conducente;M;Illeso;0;;;
4430478;3;16/06/2019 17:00:00;Strada Urbana;VIA NOMENTANA;in prossimit�;;del civico n.;122;;Veicolo in marcia contro ostacolo accidentale;Rettilineo;Pi� di due carreggiate;Asciutto;Asfaltata;Verticale ed orizzontale;Sereno;Scarso;Buona;Ore Diurne;0;0;0;1;12,51753;41,92045;-1;1;Ciclomotore;In marcia / fermata / arresto;Conducente;M;Illeso;0;;Non accertato;
4430480;6;17/06/2019 11:35:00;Provinciale entro l'abitato;VIA PRENESTINA;in corrispondenza;;del civico n.;362;;Veicolo in marcia contro veicoli in sosta;Rettilineo;Una carreggiata a senso unico di marcia;Asciutto;Asfaltata;Orizzontale;Sereno;Scarso;Buona;Ore Diurne;0;0;0;0;12,5554;41,89402;-1;2;Autovettura privata;Sosta;;;;;;;
4430480;6;17/06/2019 11:35:00;Provinciale entro l'abitato;VIA PRENESTINA;in corrispondenza;;del civico n.;362;;Veicolo in marcia contro veicoli in sosta;Rettilineo;Una carreggiata a senso unico di marcia;Asciutto;Asfaltata;Orizzontale;Sereno;Scarso;Buona;Ore Diurne;0;0;0;0;12,5554;41,89402;-1;3;Autovettura privata;Sosta;;;;;;;
4430480;6;17/06/2019 11:35:00;Provinciale entro l'abitato;VIA PRENESTINA;in corrispondenza;;del civico n.;362;;Veicolo in marcia contro veicoli in sosta;Rettilineo;Una carreggiata a senso unico di marcia;Asciutto;Asfaltata;Orizzontale;Sereno;Scarso;Buona;Ore Diurne;0;0;0;0;12,5554;41,89402;-1;4;Autovettura privata;Sosta;;;;;;;
4430521;12;17/06/2019 10:10:00;Strada Urbana;VIA CRISTOFORO COLOMBO;in prossimit�;;della chilometrica;12;;Veicolo in marcia contro ostacolo fisso;Rettilineo;Pi� di due carreggiate;Asciutto;Asfaltata;Verticale ed orizzontale;Sereno;Normale;Buona;Ore Diurne;1;0;0;0;12,45802;41,81058;-1;1;Autovettura privata;In marcia / fermata / arresto;Conducente;F;Rimandato;0;NON DECEDUTO;Non utilizzato;Esploso
4430545;12;15/06/2019 04:00:00;Strada Urbana;VIA DELLE TRE FONTANE;in prossimit�;;del civico n.;24;;Scontro laterale fra veicoli in marcia;Rettilineo;Una carreggiata a doppio senso;Asciutto;Asfaltata;Verticale ed orizzontale;Nuvoloso;Normale;Buona;Sufficiente;0;0;0;3;12,46895;41,84064;-1;1;Autovettura privata;In marcia / fermata / arresto;Passeggero;F;Illeso;0;;;
4430545;12;15/06/2019 04:00:00;Strada Urbana;VIA DELLE TRE FONTANE;in prossimit�;;del civico n.;24;;Scontro laterale fra veicoli in marcia;Rettilineo;Una carreggiata a doppio senso;Asciutto;Asfaltata;Verticale ed orizzontale;Nuvoloso;Normale;Buona;Sufficiente;0;0;0;3;12,46895;41,84064;-1;1;Autovettura privata;In marcia / fermata / arresto;Conducente;F;Illeso;0;;;
4430545;12;15/06/2019 04:00:00;Strada Urbana;VIA DELLE TRE FONTANE;in prossimit�;;del civico n.;24;;Scontro laterale fra veicoli in marcia;Rettilineo;Una carreggiata a doppio senso;Asciutto;Asfaltata;Verticale ed orizzontale;Nuvoloso;Normale;Buona;Sufficiente;0;0;0;3;12,46895;41,84064;-1;2;Autovettura privata;In marcia / fermata / arresto;Conducente;M;Illeso;0;;;
4430554;12;15/06/2019 11:45:00;Provinciale;VIA PONTINA;da specificare;;;;DIR. ROMA ALT. KM 13.000;Tamponamento Multiplo;Rettilineo;Due carreggiate;Asciutto;Asfaltata;Verticale ed orizzontale;Sereno;Normale;Buona;Ore Diurne;0;0;0;5;12,4522;41,79407;-1;1;Autovettura privata;In marcia / fermata / arresto;Passeggero;F;Illeso;0;;;
4430554;12;15/06/2019 11:45:00;Provinciale;VIA PONTINA;da specificare;;;;DIR. ROMA ALT. KM 13.000;Tamponamento Multiplo;Rettilineo;Due carreggiate;Asciutto;Asfaltata;Verticale ed orizzontale;Sereno;Normale;Buona;Ore Diurne;0;0;0;5;12,4522;41,79407;-1;1;Autovettura privata;In marcia / fermata / arresto;Conducente;F;Illeso;0;;Utilizzato;Inesploso
4430554;12;15/06/2019 11:45:00;Provinciale;VIA PONTINA;da specificare;;;;DIR. ROMA ALT. KM 13.000;Tamponamento Multiplo;Rettilineo;Due carreggiate;Asciutto;Asfaltata;Verticale ed orizzontale;Sereno;Normale;Buona;Ore Diurne;0;0;0;5;12,4522;41,79407;-1;2;Autovettura privata;In marcia / fermata / arresto;Conducente;M;Illeso;0;;Utilizzato;Inesploso
4430554;12;15/06/2019 11:45:00;Provinciale;VIA PONTINA;da specificare;;;;DIR. ROMA ALT. KM 13.000;Tamponamento Multiplo;Rettilineo;Due carreggiate;Asciutto;Asfaltata;Verticale ed orizzontale;Sereno;Normale;Buona;Ore Diurne;0;0;0;5;12,4522;41,79407;-1;2;Autovettura privata;In marcia / fermata / arresto;Passeggero;M;Illeso;0;;Utilizzato;Inesploso
4430554;12;15/06/2019 11:45:00;Provinciale;VIA PONTINA;da specificare;;;;DIR. ROMA ALT. KM 13.000;Tamponamento Multiplo;Rettilineo;Due carreggiate;Asciutto;Asfaltata;Verticale ed orizzontale;Sereno;Normale;Buona;Ore Diurne;0;0;0;5;12,4522;41,79407;-1;3;Autocarro inferiore 35 q.;In marcia / fermata / arresto;Conducente;M;Illeso;0;;Utilizzato;Inesploso
4430561;3;16/06/2019 02:10:00;Strada Urbana;CIRCONVALLAZIONE NOMENTANA;in corrispondenza;;del civico n.;138;;Veicolo in marcia contro veicoli in sosta;Rettilineo;Una carreggiata a senso unico di marcia;Asciutto;Asfaltata;Verticale ed orizzontale;Sereno;Scarso;Sufficiente;Sufficiente;0;0;0;1;12,52735;41,92568;-1;1;Autovettura privata;In marcia / fermata / arresto;Conducente;F;Illeso;0;;;
4430561;3;16/06/2019 02:10:00;Strada Urbana;CIRCONVALLAZIONE NOMENTANA;in corrispondenza;;del civico n.;138;;Veicolo in marcia contro veicoli in sosta;Rettilineo;Una carreggiata a senso unico di marcia;Asciutto;Asfaltata;Verticale ed orizzontale;Sereno;Scarso;Sufficiente;Sufficiente;0;0;0;1;12,52735;41,92568;-1;2;Autovettura privata;Sosta;;;;;;;
4430561;3;16/06/2019 02:10:00;Strada Urbana;CIRCONVALLAZIONE NOMENTANA;in corrispondenza;;del civico n.;138;;Veicolo in marcia contro veicoli in sosta;Rettilineo;Una carreggiata a senso unico di marcia;Asciutto;Asfaltata;Verticale ed orizzontale;Sereno;Scarso;Sufficiente;Sufficiente;0;0;0;1;12,52735;41,92568;-1;3;Autovettura privata;Sosta;;;;;;;
4430566;3;14/06/2019 18:20:00;Strada Urbana;VIA NOMENTANA;in prossimit�;;del civico n.;70;;Veicoli in marcia contro veicolo fermo;Rettilineo;Pi� di due carreggiate;Asciutto;Asfaltata;Verticale ed orizzontale;Sereno;Intenso;Buona;Ore Diurne;0;0;0;5;12,5087;41,91417;-1;1;Autovettura privata;In marcia / fermata / arresto;Passeggero;F;Illeso;0;;;
4430566;3;14/06/2019 18:20:00;Strada Urbana;VIA NOMENTANA;in prossimit�;;del civico n.;70;;Veicoli in marcia contro veicolo fermo;Rettilineo;Pi� di due carreggiate;Asciutto;Asfaltata;Verticale ed orizzontale;Sereno;Intenso;Buona;Ore Diurne;0;0;0;5;12,5087;41,91417;-1;1;Autovettura privata;In marcia / fermata / arresto;Passeggero;M;Illeso;0;;;
4430566;3;14/06/2019 18:20:00;Strada Urbana;VIA NOMENTANA;in prossimit�;;del civico n.;70;;Veicoli in marcia contro veicolo fermo;Rettilineo;Pi� di due carreggiate;Asciutto;Asfaltata;Verticale ed orizzontale;Sereno;Intenso;Buona;Ore Diurne;0;0;0;5;12,5087;41,91417;-1;1;Autovettura privata;In marcia / fermata / arresto;Conducente;M;Illeso;0;;;
4430566;3;14/06/2019 18:20:00;Strada Urbana;VIA NOMENTANA;in prossimit�;;del civico n.;70;;Veicoli in marcia contro veicolo fermo;Rettilineo;Pi� di due carreggiate;Asciutto;Asfaltata;Verticale ed orizzontale;Sereno;Intenso;Buona;Ore Diurne;0;0;0;5;12,5087;41,91417;-1;2;Autovettura privata;In marcia / fermata / arresto;Conducente;F;Illeso;0;;;
4430566;3;14/06/2019 18:20:00;Strada Urbana;VIA NOMENTANA;in prossimit�;;del civico n.;70;;Veicoli in marcia contro veicolo fermo;Rettilineo;Pi� di due carreggiate;Asciutto;Asfaltata;Verticale ed orizzontale;Sereno;Intenso;Buona;Ore Diurne;0;0;0;5;12,5087;41,91417;-1;3;Autovettura privata;In marcia / fermata / arresto;Conducente;M;Illeso;0;;;
4430576;3;14/06/2019 10:00:00;Strada Urbana;CIRCONVALLAZIONE NOMENTANA;in prossimit�;;del civico n.;275;;Scontro laterale fra veicoli in marcia;Rettilineo;Una carreggiata a senso unico di marcia;Asciutto;Asfaltata;Verticale ed orizzontale;Nuvoloso;Normale;Buona;Ore Diurne;0;0;0;2;12,5299;41,91;-1;1;Autovettura pubblica;In marcia / fermata / arresto;Conducente;M;Illeso;0;;;
4430576;3;14/06/2019 10:00:00;Strada Urbana;CIRCONVALLAZIONE NOMENTANA;in prossimit�;;del civico n.;275;;Scontro laterale fra veicoli in marcia;Rettilineo;Una carreggiata a senso unico di marcia;Asciutto;Asfaltata;Verticale ed orizzontale;Nuvoloso;Normale;Buona;Ore Diurne;0;0;0;2;12,5299;41,91;-1;2;Autovettura pubblica;In marcia / fermata / arresto;Conducente;M;Illeso;0;;;
4430591;3;15/06/2019 22:15:00;Strada Urbana;VIALE DI TOR DI QUINTO;in prossimit�;;del civico n.;64;;Scontro frontale/laterale SX fra veicoli in marcia;Rettilineo;Una carreggiata a doppio senso;Asciutto;Asfaltata;Verticale ed orizzontale;Sereno;Intenso;Sufficiente;Sufficiente;1;0;0;4;12,4786;41,93832;-1;1;Autovettura privata;In marcia / fermata / arresto;Passeggero;F;Illeso;0;;Non accertato;Inesploso
4430591;3;15/06/2019 22:15:00;Strada Urbana;VIALE DI TOR DI QUINTO;in prossimit�;;del civico n.;64;;Scontro frontale/laterale SX fra veicoli in marcia;Rettilineo;Una carreggiata a doppio senso;Asciutto;Asfaltata;Verticale ed orizzontale;Sereno;Intenso;Sufficiente;Sufficiente;1;0;0;4;12,4786;41,93832;-1;1;Autovettura privata;In marcia / fermata / arresto;Conducente;F;Illeso;0;;Non accertato;Inesploso
4430591;3;15/06/2019 22:15:00;Strada Urbana;VIALE DI TOR DI QUINTO;in prossimit�;;del civico n.;64;;Scontro frontale/laterale SX fra veicoli in marcia;Rettilineo;Una carreggiata a doppio senso;Asciutto;Asfaltata;Verticale ed orizzontale;Sereno;Intenso;Sufficiente;Sufficiente;1;0;0;4;12,4786;41,93832;-1;1;Autovettura privata;In marcia / fermata / arresto;Passeggero;F;Illeso;0;;Non accertato;Inesploso
4430591;3;15/06/2019 22:15:00;Strada Urbana;VIALE DI TOR DI QUINTO;in prossimit�;;del civico n.;64;;Scontro frontale/laterale SX fra veicoli in marcia;Rettilineo;Una carreggiata a doppio senso;Asciutto;Asfaltata;Verticale ed orizzontale;Sereno;Intenso;Sufficiente;Sufficiente;1;0;0;4;12,4786;41,93832;-1;1;Autovettura privata;In marcia / fermata / arresto;Passeggero;F;Illeso;0;;Non accertato;Inesploso
4430591;3;15/06/2019 22:15:00;Strada Urbana;VIALE DI TOR DI QUINTO;in prossimit�;;del civico n.;64;;Scontro frontale/laterale SX fra veicoli in marcia;Rettilineo;Una carreggiata a doppio senso;Asciutto;Asfaltata;Verticale ed orizzontale;Sereno;Intenso;Sufficiente;Sufficiente;1;0;0;4;12,4786;41,93832;-1;2;Motociclo a solo;In marcia / fermata / arresto;Conducente;F;Ricoverato;0;NON DECEDUTO;Non accertato;
4430626;17;16/06/2019 23:15:00;Strada Urbana;LUNGOTEVERE DELLE ARMI;all'intersezione con;PONTE DEL RISORGIMENTO;PONTE DEL RISORGIMENTO;;;Scontro laterale fra veicoli in marcia;Incrocio;Una carreggiata a senso unico di marcia;Asciutto;Asfaltata;Verticale ed orizzontale;Sereno;Intenso;Buona;Sufficiente;0;0;0;2;12,46952;41,9158;-1;1;Autovettura privata;In marcia / fermata / arresto;Conducente;M;Illeso;0;;;
4430626;17;16/06/2019 23:15:00;Strada Urbana;LUNGOTEVERE DELLE ARMI;all'intersezione con;PONTE DEL RISORGIMENTO;PONTE DEL RISORGIMENTO;;;Scontro laterale fra veicoli in marcia;Incrocio;Una carreggiata a senso unico di marcia;Asciutto;Asfaltata;Verticale ed orizzontale;Sereno;Intenso;Buona;Sufficiente;0;0;0;2;12,46952;41,9158;-1;2;Autovettura pubblica;In marcia / fermata / arresto;Conducente;M;Illeso;0;;;
4430645;17;15/06/2019 23:30:00;Strada Urbana;VIA LUCREZIO CARO;all'intersezione con;VIA GIUSEPPE GIOACHINO BELLI;VIA GIUSEPPE GIOACHINO BELLI;;;Fuoriuscita dalla sede stradale;Incrocio;Due carreggiate;Asciutto;Acciotolata;Verticale ed orizzontale;Sereno;Normale;Sufficiente;Sufficiente;1;0;0;1;12,46966;41,90759;-1;1;Autovettura privata;In marcia / fermata / arresto;Conducente;M;Illeso;0;;;Esploso
4430645;17;15/06/2019 23:30:00;Strada Urbana;VIA LUCREZIO CARO;all'intersezione con;VIA GIUSEPPE GIOACHINO BELLI;VIA GIUSEPPE GIOACHINO BELLI;;;Fuoriuscita dalla sede stradale;Incrocio;Due carreggiate;Asciutto;Acciotolata;Verticale ed orizzontale;Sereno;Normale;Sufficiente;Sufficiente;1;0;0;1;12,46966;41,90759;-1;1;Autovettura privata;In marcia / fermata / arresto;Passeggero;F;Rimandato;0;NON DECEDUTO;;
4430680;17;15/06/2019 23:25:00;Strada Urbana;CIRCONVALLAZIONE CLODIA;in prossimit�;;del civico n.;17;;Scontro laterale fra veicoli in marcia;Rettilineo;Due carreggiate;Asciutto;Asfaltata;Verticale ed orizzontale;Sereno;Normale;Sufficiente;Sufficiente;1;0;0;4;12,45242;41,91517;-1;1;Autovettura privata;In marcia / fermata / arresto;Passeggero;M;Illeso;0;;;
4430680;17;15/06/2019 23:25:00;Strada Urbana;CIRCONVALLAZIONE CLODIA;in prossimit�;;del civico n.;17;;Scontro laterale fra veicoli in marcia;Rettilineo;Due carreggiate;Asciutto;Asfaltata;Verticale ed orizzontale;Sereno;Normale;Sufficiente;Sufficiente;1;0;0;4;12,45242;41,91517;-1;1;Autovettura privata;In marcia / fermata / arresto;Conducente;M;Illeso;0;;;
4430680;17;15/06/2019 23:25:00;Strada Urbana;CIRCONVALLAZIONE CLODIA;in prossimit�;;del civico n.;17;;Scontro laterale fra veicoli in marcia;Rettilineo;Due carreggiate;Asciutto;Asfaltata;Verticale ed orizzontale;Sereno;Normale;Sufficiente;Sufficiente;1;0;0;4;12,45242;41,91517;-1;2;Motociclo con passeggero;In marcia / fermata / arresto;Conducente;M;Rimandato;0;NON DECEDUTO;;
4430680;17;15/06/2019 23:25:00;Strada Urbana;CIRCONVALLAZIONE CLODIA;in prossimit�;;del civico n.;17;;Scontro laterale fra veicoli in marcia;Rettilineo;Due carreggiate;Asciutto;Asfaltata;Verticale ed orizzontale;Sereno;Normale;Sufficiente;Sufficiente;1;0;0;4;12,45242;41,91517;-1;2;Motociclo con passeggero;In marcia / fermata / arresto;Passeggero;M;Illeso;0;;;
4430726;17;17/06/2019 08:10:00;Strada Urbana;VIALE GIULIO CESARE;all'intersezione semaforizzata con;VIA BARLETTA;VIA BARLETTA;;;Investimento di pedone;Intersezione semaforizzata;Pi� di due carreggiate;Asciutto;Asfaltata;Verticale ed orizzontale;Sereno;Normale;Buona;Ore Diurne;1;0;0;1;12,45798;41,90937;-1;;;;Pedone;F;Rimandato;0;NON DECEDUTO;;
4430726;17;17/06/2019 08:10:00;Strada Urbana;VIALE GIULIO CESARE;all'intersezione semaforizzata con;VIA BARLETTA;VIA BARLETTA;;;Investimento di pedone;Intersezione semaforizzata;Pi� di due carreggiate;Asciutto;Asfaltata;Verticale ed orizzontale;Sereno;Normale;Buona;Ore Diurne;1;0;0;1;12,45798;41,90937;-1;1;Autobus di linea;In marcia / fermata / arresto;Conducente;M;Illeso;0;;;
4430749;17;17/06/2019 12:15:00;Strada Urbana;VIA UGO BARTOLOMEI;all'intersezione con;PIAZZA FRANCESCO MOROSINI;PIAZZA FRANCESCO MOROSINI;;;Scontro frontale fra veicoli in marcia;Incrocio;Una carreggiata a doppio senso;Asciutto;Asfaltata;Verticale ed orizzontale;Sereno;Scarso;Buona;Ore Diurne;0;0;0;2;12,44553;41,90968;-1;1;Autovettura privata;In marcia / fermata / arresto;Conducente;M;Illeso;0;;;
4430749;17;17/06/2019 12:15:00;Strada Urbana;VIA UGO BARTOLOMEI;all'intersezione con;PIAZZA FRANCESCO MOROSINI;PIAZZA FRANCESCO MOROSINI;;;Scontro frontale fra veicoli in marcia;Incrocio;Una carreggiata a doppio senso;Asciutto;Asfaltata;Verticale ed orizzontale;Sereno;Scarso;Buona;Ore Diurne;0;0;0;2;12,44553;41,90968;-1;2;Autovettura privata;In marcia / fermata / arresto;Conducente;M;Illeso;0;;;
4430750;17;15/06/2019 13:00:00;Strada Urbana;LARGO GIOVANNI XXIII;da specificare;;;; SOTTOPASSO DIREZIONE VIA GREGORIO VII;Infortunio per sola frenata improvvisa;Curva senza visuale libera;Una carreggiata a senso unico di marcia;Asciutto;Asfaltata;Verticale ed orizzontale;Sereno;Normale;Buona;Ore Diurne;1;0;0;0;12,46438;41,90217;-1;1;Motociclo a solo;In marcia / fermata / arresto;Conducente;M;Rimandato;0;NON DECEDUTO;;
4430872;17;17/06/2019 10:40:00;Strada Urbana;VIA GIOVANNI BETTOLO;in corrispondenza;;del civico n.;2;;Veicolo in marcia contro veicolo in sosta;Rettilineo;Una carreggiata a senso unico di marcia;Asciutto;Asfaltata;Verticale ed orizzontale;Sereno;Normale;Buona;Ore Diurne;0;0;0;0;12,45488;41,91132;-1;2;Ciclomotore;Sosta;;;;;;;
4430920;5;17/06/2019 07:00:00;Strada Urbana;VIA DI CASAL BIANCO;in prossimit�;;del civico n.;25;;Veicolo in marcia contro veicolo fermo;Rettilineo;Una carreggiata a senso unico di marcia;Asciutto;Asfaltata;Verticale ed orizzontale;Sereno;Normale;Buona;Ore Diurne;0;0;0;3;12,62264;41,93868;-1;1;Autocarro inferiore 35 q.;In marcia / fermata / arresto;Conducente;F;Illeso;0;;;
4430920;5;17/06/2019 07:00:00;Strada Urbana;VIA DI CASAL BIANCO;in prossimit�;;del civico n.;25;;Veicolo in marcia contro veicolo fermo;Rettilineo;Una carreggiata a senso unico di marcia;Asciutto;Asfaltata;Verticale ed orizzontale;Sereno;Normale;Buona;Ore Diurne;0;0;0;3;12,62264;41,93868;-1;1;Autocarro inferiore 35 q.;In marcia / fermata / arresto;Passeggero;M;Illeso;0;;;
4430920;5;17/06/2019 07:00:00;Strada Urbana;VIA DI CASAL BIANCO;in prossimit�;;del civico n.;25;;Veicolo in marcia contro veicolo fermo;Rettilineo;Una carreggiata a senso unico di marcia;Asciutto;Asfaltata;Verticale ed orizzontale;Sereno;Normale;Buona;Ore Diurne;0;0;0;3;12,62264;41,93868;-1;2;Autovettura privata;In marcia / fermata / arresto;Conducente;M;Illeso;0;;;
4430928;11;16/06/2019 18:40:00;Strada Urbana;VIA APPIA ANTICA;in corrispondenza;;del civico n.;310;;Scontro frontale fra veicoli in marcia;Rettilineo;Una carreggiata a senso unico di marcia;Asciutto;Sterrata;Assente;Sereno;Scarso;Buona;Ore Diurne;1;0;0;1;12,56781;41,80978;-1;1;Autovettura privata;In marcia / fermata / arresto;Conducente;M;Illeso;0;;;
4430928;11;16/06/2019 18:40:00;Strada Urbana;VIA APPIA ANTICA;in corrispondenza;;del civico n.;310;;Scontro frontale fra veicoli in marcia;Rettilineo;Una carreggiata a senso unico di marcia;Asciutto;Sterrata;Assente;Sereno;Scarso;Buona;Ore Diurne;1;0;0;1;12,56781;41,80978;-1;2;Velocipede;In marcia / fermata / arresto;Conducente;M;Rifiuta cure immediate;0;NON DECEDUTO;Esente;
4430929;5;17/06/2019 10:15:00;Strada Urbana;VIA DEL CASALE DI S. BASILIO;in prossimit�;;del civico n.;238;;Investimento di pedone;Rettilineo;Una carreggiata a doppio senso;Asciutto;Asfaltata;Verticale ed orizzontale;Sereno;Normale;Buona;Ore Diurne;1;0;0;2;12,58219;41,93601;-1;;;;Pedone;F;Rimandato;0;NON DECEDUTO;;
4430929;5;17/06/2019 10:15:00;Strada Urbana;VIA DEL CASALE DI S. BASILIO;in prossimit�;;del civico n.;238;;Investimento di pedone;Rettilineo;Una carreggiata a doppio senso;Asciutto;Asfaltata;Verticale ed orizzontale;Sereno;Normale;Buona;Ore Diurne;1;0;0;2;12,58219;41,93601;-1;1;Quadriciclo leggero;In marcia / fermata / arresto;Passeggero;F;Illeso;0;;Non accertato;Inesploso
4430929;5;17/06/2019 10:15:00;Strada Urbana;VIA DEL CASALE DI S. BASILIO;in prossimit�;;del civico n.;238;;Investimento di pedone;Rettilineo;Una carreggiata a doppio senso;Asciutto;Asfaltata;Verticale ed orizzontale;Sereno;Normale;Buona;Ore Diurne;1;0;0;2;12,58219;41,93601;-1;1;Quadriciclo leggero;In marcia / fermata / arresto;Conducente;M;Illeso;0;;Non accertato;Inesploso
4430930;19;17/06/2019 06:30:00;Strada Urbana;VIA DI TRAGLIATELLA;in corrispondenza;;del civico n.;140;;Scontro frontale fra veicoli in marcia;Rettilineo;Una carreggiata a doppio senso;Asciutto;Asfaltata;Verticale ed orizzontale;Sereno;Scarso;Buona;Ore Diurne;1;0;0;2;12,27522;42,02326;-1;1;Autovettura privata;In marcia / fermata / arresto;Passeggero;M;Illeso;0;;;
4430930;19;17/06/2019 06:30:00;Strada Urbana;VIA DI TRAGLIATELLA;in corrispondenza;;del civico n.;140;;Scontro frontale fra veicoli in marcia;Rettilineo;Una carreggiata a doppio senso;Asciutto;Asfaltata;Verticale ed orizzontale;Sereno;Scarso;Buona;Ore Diurne;1;0;0;2;12,27522;42,02326;-1;1;Autovettura privata;In marcia / fermata / arresto;Conducente;M;Rimandato;0;NON DECEDUTO;;