Protocollo;Gruppo;DataOraIncidente;Localizzazione1;STRADA1;Localizzazione2;STRADA2;Strada02;Chilometrica;DaSpecificare;NaturaIncidente;particolaritastrade;TipoStrada;FondoStradale;Pavimentazione;Segnaletica;CondizioneAtmosferica;Traffico;Visibilita;Illuminazione;NUM_FERITI;NUM_RISERVATA;NUM_MORTI;NUM_ILLESI;Longitudine;Latitudine;Confermato;Progressivo;TipoVeicolo;StatoVeicolo;TipoPersona;Sesso;Tipolesione;Deceduto;DecedutoDopo;CinturaCascoUtilizzato;Airbag;
4431737;13;17/06/2019 12:40:00;Provinciale;VIA LITORANEA;in corrispondenza;;della chilometrica;7.9;;Tamponamento Multiplo;Rettilineo;Una carreggiata a doppio senso;Asciutto;Asfaltata;Verticale ed orizzontale;Sereno;Intenso;Buona;Ore Diurne;1;0;0;5;12,39797;41,66941;-1;2;Autovettura privata;In marcia / fermata / arresto;Passeggero;F;Illeso;0;;Non accertato;Inesploso
4431737;13;17/06/2019 12:40:00;Provinciale;VIA LITORANEA;in corrispondenza;;della chilometrica;7.9;;Tamponamento Multiplo;Rettilineo;Una carreggiata a doppio senso;Asciutto;Asfaltata;Verticale ed orizzontale;Sereno;Intenso;Buona;Ore Diurne;1;0;0;5;12,39797;41,66941;-1;2;Autovettura privata;In marcia / fermata / arresto;Conducente;M;Illeso;0;;Non accertato;Inesploso
4431737;13;17/06/2019 12:40:00;Provinciale;VIA LITORANEA;in corrispondenza;;della chilometrica;7.9;;Tamponamento Multiplo;Rettilineo;Una carreggiata a doppio senso;Asciutto;Asfaltata;Verticale ed orizzontale;Sereno;Intenso;Buona;Ore Diurne;1;0;0;5;12,39797;41,66941;-1;3;Autovettura privata;In marcia / fermata / arresto;Conducente;M;Illeso;0;;Non accertato;Inesploso
4431737;13;17/06/2019 12:40:00;Provinciale;VIA LITORANEA;in corrispondenza;;della chilometrica;7.9;;Tamponamento Multiplo;Rettilineo;Una carreggiata a doppio senso;Asciutto;Asfaltata;Verticale ed orizzontale;Sereno;Intenso;Buona;Ore Diurne;1;0;0;5;12,39797;41,66941;-1;3;Autovettura privata;In marcia / fermata / arresto;Passeggero;F;Illeso;0;;Non accertato;Inesploso
4431745;13;17/06/2019 14:30:00;;VIALE DI CASTEL PORZIANO;da specificare;;;;50 METRI DOPO INT. VIA CANALE DELLA LINGUA;Veicolo in marcia contro ostacolo accidentale;;;;;;;;;;0;0;0;1;;;0;1;Autovettura privata;In marcia / fermata / arresto;Conducente;M;Illeso;0;;Non accertato;Inesploso
4431748;13;17/06/2019 15:40:00;;VIALE DI CASTEL PORZIANO;all'intersezione con;VIA GIULIO BERTONI;VIA GIULIO BERTONI;;;Veicolo in marcia contro ostacolo accidentale;;;;;;;;;;0;0;0;1;;;0;1;Autovettura privata;In marcia / fermata / arresto;Conducente;M;Illeso;0;;Non accertato;Inesploso
4431754;8;17/06/2019 11:35:00;Strada Urbana;VIA SANT'ALFIO;in corrispondenza;;del civico n.;90;;Investimento di pedone;Rettilineo;Una carreggiata a senso unico di marcia;Asciutto;Asfaltata;Verticale;Sereno;Scarso;Buona;Ore Diurne;1;0;0;2;12,64879;41,87568;-1;;;;Pedone;F;Rimandato;0;NON DECEDUTO;;
4431754;8;17/06/2019 11:35:00;Strada Urbana;VIA SANT'ALFIO;in corrispondenza;;del civico n.;90;;Investimento di pedone;Rettilineo;Una carreggiata a senso unico di marcia;Asciutto;Asfaltata;Verticale;Sereno;Scarso;Buona;Ore Diurne;1;0;0;2;12,64879;41,87568;-1;1;Autovettura privata;In marcia / fermata / arresto;Passeggero;M;Illeso;0;;Non accertato;Inesploso
4431754;8;17/06/2019 11:35:00;Strada Urbana;VIA SANT'ALFIO;in corrispondenza;;del civico n.;90;;Investimento di pedone;Rettilineo;Una carreggiata a senso unico di marcia;Asciutto;Asfaltata;Verticale;Sereno;Scarso;Buona;Ore Diurne;1;0;0;2;12,64879;41,87568;-1;1;Autovettura privata;In marcia / fermata / arresto;Conducente;F;Illeso;0;;Non accertato;Inesploso
4431755;13;17/06/2019 18:00:00;Strada Urbana;VIA ANTONIO LOTTI;da specificare;;;;PRESSO VIA PIETRO BOCCACCINI;Tamponamento;Rettilineo;Una carreggiata a doppio senso;Asciutto;Asfaltata;Verticale;Sereno;Scarso;Buona;Ore Diurne;1;0;0;1;12,38088;41,75125;-1;1;Autocarro inferiore 35 q.;In marcia / fermata / arresto;Conducente;M;Illeso;0;;Non accertato;Inesploso
4431755;13;17/06/2019 18:00:00;Strada Urbana;VIA ANTONIO LOTTI;da specificare;;;;PRESSO VIA PIETRO BOCCACCINI;Tamponamento;Rettilineo;Una carreggiata a doppio senso;Asciutto;Asfaltata;Verticale;Sereno;Scarso;Buona;Ore Diurne;1;0;0;1;12,38088;41,75125;-1;2;Motociclo a solo;In marcia / fermata / arresto;Conducente;M;Rimandato;0;NON DECEDUTO;Non accertato;
4431761;10;18/06/2019 08:25:00;Strada Urbana;VIALE PALMIRO TOGLIATTI;in prossimit�;;del palo luce n.;711;;Investimento di pedone;Rettilineo;Due carreggiate;Asciutto;Asfaltata;Verticale ed orizzontale;Sereno;Normale;Buona;Ore Diurne;2;0;0;0;12,57018;41,85983;-1;;;;Pedone;M;Ricoverato;0;NON DECEDUTO;;
4431761;10;18/06/2019 08:25:00;Strada Urbana;VIALE PALMIRO TOGLIATTI;in prossimit�;;del palo luce n.;711;;Investimento di pedone;Rettilineo;Due carreggiate;Asciutto;Asfaltata;Verticale ed orizzontale;Sereno;Normale;Buona;Ore Diurne;2;0;0;0;12,57018;41,85983;-1;1;Motociclo a solo;In marcia / fermata / arresto;Conducente;M;Rimandato;0;NON DECEDUTO;Non accertato;
4431779;12;17/06/2019 23:15:00;Provinciale entro l'abitato;VIA LAURENTINA;in prossimit�;;del civico n.;11,200;;Veicolo in marcia contro ostacolo accidentale;Rettilineo;Due carreggiate;Asciutto;Con buche;Verticale ed orizzontale;Sereno;Scarso;Buona;Sufficiente;0;0;0;5;12,48147;41,78962;-1;1;Autovettura privata;In marcia / fermata / arresto;Passeggero;M;Illeso;0;;Utilizzato;Inesistente
4431779;12;17/06/2019 23:15:00;Provinciale entro l'abitato;VIA LAURENTINA;in prossimit�;;del civico n.;11,200;;Veicolo in marcia contro ostacolo accidentale;Rettilineo;Due carreggiate;Asciutto;Con buche;Verticale ed orizzontale;Sereno;Scarso;Buona;Sufficiente;0;0;0;5;12,48147;41,78962;-1;1;Autovettura privata;In marcia / fermata / arresto;Passeggero;F;Illeso;0;;Utilizzato;Inesploso
4431779;12;17/06/2019 23:15:00;Provinciale entro l'abitato;VIA LAURENTINA;in prossimit�;;del civico n.;11,200;;Veicolo in marcia contro ostacolo accidentale;Rettilineo;Due carreggiate;Asciutto;Con buche;Verticale ed orizzontale;Sereno;Scarso;Buona;Sufficiente;0;0;0;5;12,48147;41,78962;-1;1;Autovettura privata;In marcia / fermata / arresto;Passeggero;F;Illeso;0;;Utilizzato;Inesploso
4431779;12;17/06/2019 23:15:00;Provinciale entro l'abitato;VIA LAURENTINA;in prossimit�;;del civico n.;11,200;;Veicolo in marcia contro ostacolo accidentale;Rettilineo;Due carreggiate;Asciutto;Con buche;Verticale ed orizzontale;Sereno;Scarso;Buona;Sufficiente;0;0;0;5;12,48147;41,78962;-1;1;Autovettura privata;In marcia / fermata / arresto;Passeggero;F;Illeso;0;;Utilizzato;Inesistente
4431779;12;17/06/2019 23:15:00;Provinciale entro l'abitato;VIA LAURENTINA;in prossimit�;;del civico n.;11,200;;Veicolo in marcia contro ostacolo accidentale;Rettilineo;Due carreggiate;Asciutto;Con buche;Verticale ed orizzontale;Sereno;Scarso;Buona;Sufficiente;0;0;0;5;12,48147;41,78962;-1;1;Autovettura privata;In marcia / fermata / arresto;Conducente;M;Illeso;0;;Non accertato;Inesploso
4431793;13;18/06/2019 09:00:00;Strada Urbana;PIAZZA FRANCESCO CONTEDUCA;in corrispondenza;;del civico n.;39;;Veicolo in marcia contro ostacolo accidentale;Rettilineo;Due carreggiate;Asciutto;Asfaltata;Verticale;Sereno;Normale;Buona;Ore Diurne;0;0;0;1;12,28751;41,73546;-1;1;Autovettura privata;In marcia / fermata / arresto;Conducente;M;Illeso;0;;Non accertato;Inesploso
4431812;1;17/06/2019 14:40:00;Strada Urbana;LARGO VISCONTI VENOSTA;in corrispondenza;;del civico n.;197;;Investimento di pedone;Rettilineo;Una carreggiata a doppio senso;Asciutto;Asfaltata;Verticale ed orizzontale;Sereno;Normale;Buona;Ore Diurne;1;0;0;1;12,49364;41,89486;-1;;;;Pedone;M;Rimandato;0;NON DECEDUTO;;
4431812;1;17/06/2019 14:40:00;Strada Urbana;LARGO VISCONTI VENOSTA;in corrispondenza;;del civico n.;197;;Investimento di pedone;Rettilineo;Una carreggiata a doppio senso;Asciutto;Asfaltata;Verticale ed orizzontale;Sereno;Normale;Buona;Ore Diurne;1;0;0;1;12,49364;41,89486;-1;1;Autovettura pubblica;In marcia / fermata / arresto;Conducente;M;Illeso;0;;Non accertato;Inesploso
4431819;18;17/06/2019 06:20:00;Strada Urbana;VIA S. LUCIO;all'intersezione con;VIA NICOLO' PICCOLOMINI;VIA NICOLO' PICCOLOMINI;;;Veicolo in marcia contro ostacolo fisso;Incrocio;Una carreggiata a doppio senso;Asciutto;Asfaltata;Verticale;Sereno;Scarso;Buona;Ore Diurne;0;0;0;1;12,44211;41,89314;-1;1;Autocarro inferiore 35 q.;In marcia / fermata / arresto;Conducente;M;Illeso;0;;;
4431844;2;11/06/2019 11:00:00;Strada Urbana;VIA NOMENTANA;in corrispondenza;;del civico n.;186;;Veicolo in marcia contro ostacolo accidentale;Rettilineo;Pi� di due carreggiate;Asciutto;Asfaltata;Verticale ed orizzontale;Sereno;Normale;Buona;Ore Diurne;1;0;0;0;12,51995;41,92298;-1;1;Velocipede;In marcia / fermata / arresto;Conducente;M;Rifiuta cure immediate;0;NON DECEDUTO;Esente;
4431853;18;17/06/2019 10:00:00;Strada Urbana;VIA AURELIA;all'intersezione con;VIA NICOLA COVIELLO;VIA NICOLA COVIELLO;;;Tamponamento;Incrocio;Due carreggiate;Asciutto;Asfaltata;Verticale ed orizzontale;Sereno;Normale;Buona;Ore Diurne;0;0;0;3;12,40116;41,8861;-1;1;Autovettura privata;In marcia / fermata / arresto;Passeggero;F;Illeso;0;;Non accertato;Inesploso
4431853;18;17/06/2019 10:00:00;Strada Urbana;VIA AURELIA;all'intersezione con;VIA NICOLA COVIELLO;VIA NICOLA COVIELLO;;;Tamponamento;Incrocio;Due carreggiate;Asciutto;Asfaltata;Verticale ed orizzontale;Sereno;Normale;Buona;Ore Diurne;0;0;0;3;12,40116;41,8861;-1;1;Autovettura privata;In marcia / fermata / arresto;Conducente;F;Illeso;0;;Non accertato;Inesploso
4431853;18;17/06/2019 10:00:00;Strada Urbana;VIA AURELIA;all'intersezione con;VIA NICOLA COVIELLO;VIA NICOLA COVIELLO;;;Tamponamento;Incrocio;Due carreggiate;Asciutto;Asfaltata;Verticale ed orizzontale;Sereno;Normale;Buona;Ore Diurne;0;0;0;3;12,40116;41,8861;-1;2;Autovettura privata;In marcia / fermata / arresto;Conducente;M;Illeso;0;;Non accertato;Inesploso
4431862;8;17/06/2019 07:20:00;Strada Urbana;VIA CASILINA;da specificare;;;;in pross. via INGEGNOLI ;Tamponamento;Rettilineo;Una carreggiata a doppio senso;Asciutto;Asfaltata;Orizzontale;Sereno;Scarso;Buona;Ore Diurne;0;0;0;2;12,62307;41,872;-1;1;Autovettura privata;In marcia / fermata / arresto;Conducente;M;Illeso;0;;Non accertato;Inesploso
4431862;8;17/06/2019 07:20:00;Strada Urbana;VIA CASILINA;da specificare;;;;in pross. via INGEGNOLI ;Tamponamento;Rettilineo;Una carreggiata a doppio senso;Asciutto;Asfaltata;Orizzontale;Sereno;Scarso;Buona;Ore Diurne;0;0;0;2;12,62307;41,872;-1;2;Autovettura privata;In marcia / fermata / arresto;Conducente;M;Illeso;0;;Non accertato;Inesploso
4431875;8;17/06/2019 09:30:00;Strada Urbana;VIA PRENESTINA NUOVA;da specificare;;;;km 0.150;Scontro laterale fra veicoli in marcia;Rettilineo;Una carreggiata a doppio senso;Asciutto;In cubetti di porfido;Assente;Sereno;Scarso;Buona;Ore Diurne;0;0;0;3;9,644;45,397;-1;1;Autovettura privata;In marcia / fermata / arresto;Conducente;M;Illeso;0;;Non accertato;Inesploso
4431875;8;17/06/2019 09:30:00;Strada Urbana;VIA PRENESTINA NUOVA;da specificare;;;;km 0.150;Scontro laterale fra veicoli in marcia;Rettilineo;Una carreggiata a doppio senso;Asciutto;In cubetti di porfido;Assente;Sereno;Scarso;Buona;Ore Diurne;0;0;0;3;9,644;45,397;-1;2;Autovettura privata;In marcia / fermata / arresto;Conducente;M;Illeso;0;;Non accertato;Inesploso
4431875;8;17/06/2019 09:30:00;Strada Urbana;VIA PRENESTINA NUOVA;da specificare;;;;km 0.150;Scontro laterale fra veicoli in marcia;Rettilineo;Una carreggiata a doppio senso;Asciutto;In cubetti di porfido;Assente;Sereno;Scarso;Buona;Ore Diurne;0;0;0;3;9,644;45,397;-1;2;Autovettura privata;In marcia / fermata / arresto;Passeggero;M;Illeso;0;;Non accertato;Inesploso
4431884;20;18/06/2019 09:40:00;Strada Urbana;VIA FLAMINIA NUOVA;in prossimit�;;del civico n.;830;;Tamponamento Multiplo;Rettilineo;Due carreggiate;Asciutto;Asfaltata;Verticale ed orizzontale;Sereno;Intenso;Buona;Ore Diurne;2;0;0;3;12,48312;41,95609;-1;1;Autovettura privata;In marcia / fermata / arresto;Conducente;M;Illeso;0;;Non accertato;Inesploso
4431884;20;18/06/2019 09:40:00;Strada Urbana;VIA FLAMINIA NUOVA;in prossimit�;;del civico n.;830;;Tamponamento Multiplo;Rettilineo;Due carreggiate;Asciutto;Asfaltata;Verticale ed orizzontale;Sereno;Intenso;Buona;Ore Diurne;2;0;0;3;12,48312;41,95609;-1;2;Autocarro inferiore 35 q.;In marcia / fermata / arresto;Conducente;M;Illeso;0;;Non accertato;Inesploso
4431884;20;18/06/2019 09:40:00;Strada Urbana;VIA FLAMINIA NUOVA;in prossimit�;;del civico n.;830;;Tamponamento Multiplo;Rettilineo;Due carreggiate;Asciutto;Asfaltata;Verticale ed orizzontale;Sereno;Intenso;Buona;Ore Diurne;2;0;0;3;12,48312;41,95609;-1;2;Autocarro inferiore 35 q.;In marcia / fermata / arresto;Passeggero;M;Rimandato;0;NON DECEDUTO;Non accertato;Inesistente
4431884;20;18/06/2019 09:40:00;Strada Urbana;VIA FLAMINIA NUOVA;in prossimit�;;del civico n.;830;;Tamponamento Multiplo;Rettilineo;Due carreggiate;Asciutto;Asfaltata;Verticale ed orizzontale;Sereno;Intenso;Buona;Ore Diurne;2;0;0;3;12,48312;41,95609;-1;3;Autovettura privata;In marcia / fermata / arresto;Conducente;M;Rimandato;0;NON DECEDUTO;Non accertato;Inesploso
4431884;20;18/06/2019 09:40:00;Strada Urbana;VIA FLAMINIA NUOVA;in prossimit�;;del civico n.;830;;Tamponamento Multiplo;Rettilineo;Due carreggiate;Asciutto;Asfaltata;Verticale ed orizzontale;Sereno;Intenso;Buona;Ore Diurne;2;0;0;3;12,48312;41,95609;-1;4;Autocarro inferiore 35 q.;In marcia / fermata / arresto;Conducente;M;Illeso;0;;Non accertato;Inesploso
4431901;16;15/06/2019 23:10:00;Strada Urbana;VIA FRANCESCO CRISPIGNI;in corrispondenza;;del civico n.;17;;Scontro laterale fra veicoli in marcia;Pendenza;Una carreggiata a doppio senso;Asciutto;Asfaltata;Orizzontale;Sereno;Scarso;Buona;Sufficiente;0;0;0;3;12,45473;41,86068;-1;1;Autovettura privata;In marcia / fermata / arresto;Conducente;M;Illeso;0;;;
4431901;16;15/06/2019 23:10:00;Strada Urbana;VIA FRANCESCO CRISPIGNI;in corrispondenza;;del civico n.;17;;Scontro laterale fra veicoli in marcia;Pendenza;Una carreggiata a doppio senso;Asciutto;Asfaltata;Orizzontale;Sereno;Scarso;Buona;Sufficiente;0;0;0;3;12,45473;41,86068;-1;2;Autovettura privata;In marcia / fermata / arresto;Conducente;M;Illeso;0;;;
4431901;16;15/06/2019 23:10:00;Strada Urbana;VIA FRANCESCO CRISPIGNI;in corrispondenza;;del civico n.;17;;Scontro laterale fra veicoli in marcia;Pendenza;Una carreggiata a doppio senso;Asciutto;Asfaltata;Orizzontale;Sereno;Scarso;Buona;Sufficiente;0;0;0;3;12,45473;41,86068;-1;2;Autovettura privata;In marcia / fermata / arresto;Passeggero;F;Illeso;0;;;
4431901;16;15/06/2019 23:10:00;Strada Urbana;VIA FRANCESCO CRISPIGNI;in corrispondenza;;del civico n.;17;;Scontro laterale fra veicoli in marcia;Pendenza;Una carreggiata a doppio senso;Asciutto;Asfaltata;Orizzontale;Sereno;Scarso;Buona;Sufficiente;0;0;0;3;12,45473;41,86068;-1;3;Autovettura privata;Sosta;;;;;;;
4431901;16;15/06/2019 23:10:00;Strada Urbana;VIA FRANCESCO CRISPIGNI;in corrispondenza;;del civico n.;17;;Scontro laterale fra veicoli in marcia;Pendenza;Una carreggiata a doppio senso;Asciutto;Asfaltata;Orizzontale;Sereno;Scarso;Buona;Sufficiente;0;0;0;3;12,45473;41,86068;-1;4;Autovettura privata;Sosta;;;;;;;
4431929;15;18/06/2019 09:50:00;Strada Urbana;VIA FRANCESCO GRIMALDI;in corrispondenza;;del civico n.;19;;Investimento di pedone;Rettilineo;Due carreggiate;Asciutto;Asfaltata;Orizzontale;Sereno;Normale;Buona;Ore Diurne;1;0;0;1;12,46823;41,86459;-1;;;;Pedone;F;Rimandato;0;NON DECEDUTO;;
4431929;15;18/06/2019 09:50:00;Strada Urbana;VIA FRANCESCO GRIMALDI;in corrispondenza;;del civico n.;19;;Investimento di pedone;Rettilineo;Due carreggiate;Asciutto;Asfaltata;Orizzontale;Sereno;Normale;Buona;Ore Diurne;1;0;0;1;12,46823;41,86459;-1;1;Autovettura privata;In marcia / fermata / arresto;Conducente;M;Illeso;0;;Non accertato;Inesploso
4431948;8;17/06/2019 21:50:00;Statale entro l'abitato;VIA CASILINA;in prossimit�;;del civico n.;1663;;Tamponamento;Rettilineo;Una carreggiata a doppio senso;Asciutto;Asfaltata;Verticale ed orizzontale;Sereno;Normale;Sufficiente;Sufficiente;0;0;0;2;12,64352;41,86265;-1;1;Autovettura privata;In marcia / fermata / arresto;Conducente;M;Illeso;0;;Non accertato;
4431948;8;17/06/2019 21:50:00;Statale entro l'abitato;VIA CASILINA;in prossimit�;;del civico n.;1663;;Tamponamento;Rettilineo;Una carreggiata a doppio senso;Asciutto;Asfaltata;Verticale ed orizzontale;Sereno;Normale;Sufficiente;Sufficiente;0;0;0;2;12,64352;41,86265;-1;2;Autovettura privata;In marcia / fermata / arresto;Conducente;M;Illeso;0;;Non accertato;Inesploso
4431951;8;17/06/2019 23:25:00;;PIAZZALE VAN GOGH;da specificare;;;;prossimit� via Millet;Scontro frontale fra veicoli in marcia;;;;;;;;;;2;0;0;1;;;0;1;Autovettura privata;In marcia / fermata / arresto;Conducente;M;Illeso;0;;;
4431951;8;17/06/2019 23:25:00;;PIAZZALE VAN GOGH;da specificare;;;;prossimit� via Millet;Scontro frontale fra veicoli in marcia;;;;;;;;;;2;0;0;1;;;0;2;Autovettura privata;In marcia / fermata / arresto;Passeggero;F;Ricoverato;0;NON DECEDUTO;;Esploso
4431951;8;17/06/2019 23:25:00;;PIAZZALE VAN GOGH;da specificare;;;;prossimit� via Millet;Scontro frontale fra veicoli in marcia;;;;;;;;;;2;0;0;1;;;0;2;Autovettura privata;In marcia / fermata / arresto;Conducente;M;Ricoverato;0;NON DECEDUTO;;
4431965;10;18/06/2019 08:30:00;Strada Urbana;VIA DEL PONTE DELLE SETTE MIGLIA;all'intersezione con;VIA LEOPOLDO MICUCCI;VIA LEOPOLDO MICUCCI;;;Scontro frontale/laterale SX fra veicoli in marcia;Intersezione stradale segnalata;Pi� di due carreggiate;Asciutto;Asfaltata;Verticale ed orizzontale;Sereno;Normale;Buona;Ore Diurne;0;0;0;4;12,60093;41,83743;-1;1;Autovettura privata;In marcia / fermata / arresto;Conducente;M;Illeso;0;;Non accertato;Esploso
4431965;10;18/06/2019 08:30:00;Strada Urbana;VIA DEL PONTE DELLE SETTE MIGLIA;all'intersezione con;VIA LEOPOLDO MICUCCI;VIA LEOPOLDO MICUCCI;;;Scontro frontale/laterale SX fra veicoli in marcia;Intersezione stradale segnalata;Pi� di due carreggiate;Asciutto;Asfaltata;Verticale ed orizzontale;Sereno;Normale;Buona;Ore Diurne;0;0;0;4;12,60093;41,83743;-1;2;Autovettura privata;In marcia / fermata / arresto;Conducente;M;Illeso;0;;Non accertato;Esploso
4431965;10;18/06/2019 08:30:00;Strada Urbana;VIA DEL PONTE DELLE SETTE MIGLIA;all'intersezione con;VIA LEOPOLDO MICUCCI;VIA LEOPOLDO MICUCCI;;;Scontro frontale/laterale SX fra veicoli in marcia;Intersezione stradale segnalata;Pi� di due carreggiate;Asciutto;Asfaltata;Verticale ed orizzontale;Sereno;Normale;Buona;Ore Diurne;0;0;0;4;12,60093;41,83743;-1;3;Autovettura privata;In marcia / fermata / arresto;Passeggero;F;Illeso;0;;Non accertato;Inesploso
4431965;10;18/06/2019 08:30:00;Strada Urbana;VIA DEL PONTE DELLE SETTE MIGLIA;all'intersezione con;VIA LEOPOLDO MICUCCI;VIA LEOPOLDO MICUCCI;;;Scontro frontale/laterale SX fra veicoli in marcia;Intersezione stradale segnalata;Pi� di due carreggiate;Asciutto;Asfaltata;Verticale ed orizzontale;Sereno;Normale;Buona;Ore Diurne;0;0;0;4;12,60093;41,83743;-1;3;Autovettura privata;In marcia / fermata / arresto;Conducente;M;Illeso;0;;Non accertato;Inesploso
4431967;2;12/06/2019 17:20:00;Strada Urbana;VIA PO;in prossimit�;;del civico n.;48a;;Scontro laterale fra veicoli in marcia;Rettilineo;Una carreggiata a doppio senso;Asciutto;Asfaltata;Verticale ed orizzontale;Sereno;Normale;Buona;Ore Diurne;0;0;0;2;12,49661;41,91551;-1;1;Motociclo a solo;In marcia / fermata / arresto;Conducente;M;Illeso;0;;;
4431967;2;12/06/2019 17:20:00;Strada Urbana;VIA PO;in prossimit�;;del civico n.;48a;;Scontro laterale fra veicoli in marcia;Rettilineo;Una carreggiata a doppio senso;Asciutto;Asfaltata;Verticale ed orizzontale;Sereno;Normale;Buona;Ore Diurne;0;0;0;2;12,49661;41,91551;-1;2;Autovettura privata;In marcia / fermata / arresto;Conducente;M;Illeso;0;;;
4431969;2;17/06/2019 18:05:00;Strada Urbana;VIA BRESCIA;in corrispondenza;;del civico n.;29;;Veicolo in marcia contro veicolo in sosta;Rettilineo;Una carreggiata a senso unico di marcia;Asciutto;Acciotolata;Verticale ed orizzontale;Sereno;Scarso;Buona;Ore Diurne;0;0;0;1;12,4997;41,913;-1;1;Autovettura privata;Sosta;;;;;;;
4431969;2;17/06/2019 18:05:00;Strada Urbana;VIA BRESCIA;in corrispondenza;;del civico n.;29;;Veicolo in marcia contro veicolo in sosta;Rettilineo;Una carreggiata a senso unico di marcia;Asciutto;Acciotolata;Verticale ed orizzontale;Sereno;Scarso;Buona;Ore Diurne;0;0;0;1;12,4997;41,913;-1;2;Autovettura privata;In marcia / fermata / arresto;Conducente;M;Illeso;0;;;
4431975;2;18/06/2019 02:00:00;Strada Urbana;VIA GUALTIERO CASTELLINI;da specificare;;;;in prossimit� via R. Fauro;Scontro laterale fra veicoli in marcia;Rettilineo;Una carreggiata a doppio senso;Asciutto;Asfaltata;Verticale ed orizzontale;Sereno;Scarso;Buona;Sufficiente;0;0;0;4;12,48981;41,92668;-1;1;Quadriciclo leggero;In marcia / fermata / arresto;Passeggero;M;Illeso;0;;;
4431975;2;18/06/2019 02:00:00;Strada Urbana;VIA GUALTIERO CASTELLINI;da specificare;;;;in prossimit� via R. Fauro;Scontro laterale fra veicoli in marcia;Rettilineo;Una carreggiata a doppio senso;Asciutto;Asfaltata;Verticale ed orizzontale;Sereno;Scarso;Buona;Sufficiente;0;0;0;4;12,48981;41,92668;-1;1;Quadriciclo leggero;In marcia / fermata / arresto;Conducente;F;Illeso;0;;Non accertato;Inesploso
4431975;2;18/06/2019 02:00:00;Strada Urbana;VIA GUALTIERO CASTELLINI;da specificare;;;;in prossimit� via R. Fauro;Scontro laterale fra veicoli in marcia;Rettilineo;Una carreggiata a doppio senso;Asciutto;Asfaltata;Verticale ed orizzontale;Sereno;Scarso;Buona;Sufficiente;0;0;0;4;12,48981;41,92668;-1;2;Quadriciclo leggero;In marcia / fermata / arresto;Passeggero;M;Illeso;0;;Non accertato;Inesploso
4431975;2;18/06/2019 02:00:00;Strada Urbana;VIA GUALTIERO CASTELLINI;da specificare;;;;in prossimit� via R. Fauro;Scontro laterale fra veicoli in marcia;Rettilineo;Una carreggiata a doppio senso;Asciutto;Asfaltata;Verticale ed orizzontale;Sereno;Scarso;Buona;Sufficiente;0;0;0;4;12,48981;41,92668;-1;2;Quadriciclo leggero;In marcia / fermata / arresto;Conducente;F;Illeso;0;;Non accertato;Inesploso
4431999;18;17/06/2019 09:30:00;Strada Urbana;VIALE DI VALLE AURELIA;in prossimit�;;del civico n.;137;;Veicolo in marcia contro veicoli in sosta;Rettilineo;Una carreggiata a doppio senso;Asciutto;Asfaltata;Assente;Sereno;Normale;Buona;Ore Diurne;0;0;0;1;12,43713;41,90537;-1;1;Autocarro superiore 35 q.;In marcia / fermata / arresto;Conducente;M;Illeso;0;;Non accertato;Inesploso
4431999;18;17/06/2019 09:30:00;Strada Urbana;VIALE DI VALLE AURELIA;in prossimit�;;del civico n.;137;;Veicolo in marcia contro veicoli in sosta;Rettilineo;Una carreggiata a doppio senso;Asciutto;Asfaltata;Assente;Sereno;Normale;Buona;Ore Diurne;0;0;0;1;12,43713;41,90537;-1;2;Autovettura privata;Sosta;;;;;;;
4431999;18;17/06/2019 09:30:00;Strada Urbana;VIALE DI VALLE AURELIA;in prossimit�;;del civico n.;137;;Veicolo in marcia contro veicoli in sosta;Rettilineo;Una carreggiata a doppio senso;Asciutto;Asfaltata;Assente;Sereno;Normale;Buona;Ore Diurne;0;0;0;1;12,43713;41,90537;-1;3;Autovettura privata;Sosta;;;;;;;
4432000;6;17/06/2019 17:20:00;Strada Urbana;VIA RAIMONDO MONTECUCCOLI;in corrispondenza;;del civico n.;11;;Investimento di pedone;Rettilineo;Una carreggiata a doppio senso;Asciutto;Asfaltata;Verticale ed orizzontale;Sereno;Scarso;Sufficiente;Ore Diurne;1;0;1;1;12,52705;41,89184;-1;;;;Pedone;F;Ricoverato;0;DECEDUTO ENTRO 2 MESI;;
4432000;6;17/06/2019 17:20:00;Strada Urbana;VIA RAIMONDO MONTECUCCOLI;in corrispondenza;;del civico n.;11;;Investimento di pedone;Rettilineo;Una carreggiata a doppio senso;Asciutto;Asfaltata;Verticale ed orizzontale;Sereno;Scarso;Sufficiente;Ore Diurne;1;0;1;1;12,52705;41,89184;-1;;;;Pedone;F;Rifiuta cure immediate;0;NON DECEDUTO;;
4432000;6;17/06/2019 17:20:00;Strada Urbana;VIA RAIMONDO MONTECUCCOLI;in corrispondenza;;del civico n.;11;;Investimento di pedone;Rettilineo;Una carreggiata a doppio senso;Asciutto;Asfaltata;Verticale ed orizzontale;Sereno;Scarso;Sufficiente;Ore Diurne;1;0;1;1;12,52705;41,89184;-1;1;Autovettura privata;In marcia / fermata / arresto;Conducente;M;Illeso;0;;Non accertato;Inesploso
4432056;23;17/06/2019 16:40:00;Strada Urbana;PASSEGGIATA DI RIPETTA;in prossimit�;;del palo luce n.;23;;Veicolo in marcia contro veicolo in sosta;Rettilineo;Una carreggiata a senso unico di marcia;Asciutto;Asfaltata;Verticale ed orizzontale;Sereno;Scarso;Buona;Ore Diurne;0;0;0;1;12,47462;41,90826;-1;1;Autovettura privata;In marcia / fermata / arresto;Conducente;M;Illeso;0;;Utilizzato;Inesploso