Protocollo;Gruppo;DataOraIncidente;Localizzazione1;STRADA1;Localizzazione2;STRADA2;Strada02;Chilometrica;DaSpecificare;NaturaIncidente;particolaritastrade;TipoStrada;FondoStradale;Pavimentazione;Segnaletica;CondizioneAtmosferica;Traffico;Visibilita;Illuminazione;NUM_FERITI;NUM_RISERVATA;NUM_MORTI;NUM_ILLESI;Longitudine;Latitudine;Confermato;Progressivo;TipoVeicolo;StatoVeicolo;TipoPersona;Sesso;Tipolesione;Deceduto;DecedutoDopo;CinturaCascoUtilizzato;Airbag;
4435446;20;19/06/2019 21:00:00;Regionale entro l'abitato;VIA FLAMINIA NUOVA;da specificare;;;;sottovia Euclide;Tamponamento Multiplo;Curva senza visuale libera;Due carreggiate;Asciutto;Asfaltata;Verticale ed orizzontale;Sereno;Scarso;Sufficiente;Sufficiente;4;0;0;1;12,48586;41,95797;-1;2;Autovettura privata;In marcia / fermata / arresto;Passeggero;F;Rifiuta cure immediate;0;NON DECEDUTO;;
4435446;20;19/06/2019 21:00:00;Regionale entro l'abitato;VIA FLAMINIA NUOVA;da specificare;;;;sottovia Euclide;Tamponamento Multiplo;Curva senza visuale libera;Due carreggiate;Asciutto;Asfaltata;Verticale ed orizzontale;Sereno;Scarso;Sufficiente;Sufficiente;4;0;0;1;12,48586;41,95797;-1;2;Autovettura privata;In marcia / fermata / arresto;Conducente;F;Rimandato;0;NON DECEDUTO;;
4435446;20;19/06/2019 21:00:00;Regionale entro l'abitato;VIA FLAMINIA NUOVA;da specificare;;;;sottovia Euclide;Tamponamento Multiplo;Curva senza visuale libera;Due carreggiate;Asciutto;Asfaltata;Verticale ed orizzontale;Sereno;Scarso;Sufficiente;Sufficiente;4;0;0;1;12,48586;41,95797;-1;3;Autovettura privata;In marcia / fermata / arresto;Conducente;M;Illeso;0;;;
4435455;13;19/06/2019 19:55:00;Strada Urbana;VIALE GORGIA DI LEONTINI;all'intersezione con;VIA ARISTO DI ASCALONA;VIA ARISTO DI ASCALONA;;;Tamponamento;Incrocio;Due carreggiate;Asciutto;Asfaltata;Verticale ed orizzontale;Sereno;Normale;Buona;Ore Diurne;1;0;0;1;12,35817;41,75828;-1;1;Autovettura privata;In marcia / fermata / arresto;Conducente;M;Illeso;0;;Non accertato;
4435455;13;19/06/2019 19:55:00;Strada Urbana;VIALE GORGIA DI LEONTINI;all'intersezione con;VIA ARISTO DI ASCALONA;VIA ARISTO DI ASCALONA;;;Tamponamento;Incrocio;Due carreggiate;Asciutto;Asfaltata;Verticale ed orizzontale;Sereno;Normale;Buona;Ore Diurne;1;0;0;1;12,35817;41,75828;-1;2;Motociclo a solo;In marcia / fermata / arresto;Conducente;M;Rimandato;0;NON DECEDUTO;;
4435459;18;19/06/2019 19:10:00;Strada Urbana;VIALE DI TRASTEVERE;all'intersezione con;PIAZZA IPPOLITO NIEVO;PIAZZA IPPOLITO NIEVO;;;Scontro frontale/laterale DX fra veicoli in marcia;Intersezione stradale segnalata;Pi� di due carreggiate;Asciutto;Asfaltata;Verticale ed orizzontale;Sereno;Normale;Buona;Ore Diurne;0;0;0;3;12,46794;41,8817;-1;1;Autocarro inferiore 35 q.;In marcia / fermata / arresto;Conducente;M;Illeso;0;;Non accertato;Inesploso
4435459;18;19/06/2019 19:10:00;Strada Urbana;VIALE DI TRASTEVERE;all'intersezione con;PIAZZA IPPOLITO NIEVO;PIAZZA IPPOLITO NIEVO;;;Scontro frontale/laterale DX fra veicoli in marcia;Intersezione stradale segnalata;Pi� di due carreggiate;Asciutto;Asfaltata;Verticale ed orizzontale;Sereno;Normale;Buona;Ore Diurne;0;0;0;3;12,46794;41,8817;-1;2;Motociclo a solo;In marcia / fermata / arresto;Passeggero;M;Illeso;0;;Non accertato;
4435459;18;19/06/2019 19:10:00;Strada Urbana;VIALE DI TRASTEVERE;all'intersezione con;PIAZZA IPPOLITO NIEVO;PIAZZA IPPOLITO NIEVO;;;Scontro frontale/laterale DX fra veicoli in marcia;Intersezione stradale segnalata;Pi� di due carreggiate;Asciutto;Asfaltata;Verticale ed orizzontale;Sereno;Normale;Buona;Ore Diurne;0;0;0;3;12,46794;41,8817;-1;2;Motociclo a solo;In marcia / fermata / arresto;Conducente;M;Illeso;0;;Non accertato;
4435470;19;19/06/2019 14:15:00;Strada Urbana;VIA DI CASAL DEL MARMO;in prossimit�;;del civico n.;464;;Scontro laterale fra veicoli in marcia;Rettilineo;Una carreggiata a doppio senso;Asciutto;Asfaltata;Assente;Sereno;Normale;Buona;Ore Diurne;1;0;0;1;12,38977;41,94336;-1;1;Autovettura privata;In marcia / fermata / arresto;Conducente;M;Illeso;0;;Non accertato;Inesploso
4435470;19;19/06/2019 14:15:00;Strada Urbana;VIA DI CASAL DEL MARMO;in prossimit�;;del civico n.;464;;Scontro laterale fra veicoli in marcia;Rettilineo;Una carreggiata a doppio senso;Asciutto;Asfaltata;Assente;Sereno;Normale;Buona;Ore Diurne;1;0;0;1;12,38977;41,94336;-1;2;Motociclo a solo;In marcia / fermata / arresto;Conducente;M;Rimandato;0;NON DECEDUTO;Non accertato;
4435494;17;19/06/2019 20:00:00;Strada Urbana;VIA TRIONFALE;in prossimit�;;del civico n.;5775;;Tamponamento;Rettilineo;Una carreggiata a doppio senso;Asciutto;Asfaltata;Verticale ed orizzontale;Sereno;Normale;Buona;Ore Diurne;1;0;0;1;12,44756;41,92561;0;1;Motociclo con passeggero;In marcia / fermata / arresto;Conducente;F;Rimandato;0;NON DECEDUTO;;
4435494;17;19/06/2019 20:00:00;Strada Urbana;VIA TRIONFALE;in prossimit�;;del civico n.;5775;;Tamponamento;Rettilineo;Una carreggiata a doppio senso;Asciutto;Asfaltata;Verticale ed orizzontale;Sereno;Normale;Buona;Ore Diurne;1;0;0;1;12,44756;41,92561;0;2;Autovettura privata;In marcia / fermata / arresto;Conducente;F;Illeso;0;;;
4435496;2;17/06/2019 23:00:00;Strada Urbana;LARGO MARCELLO MASTROIANNI;da specificare;;;;davanti la Casa del Cinema;Veicolo in marcia contro ostacolo fisso;Rettilineo;Una carreggiata a senso unico alternato;Asciutto;Fondo naturale;Assente;Sereno;Scarso;Sufficiente;Sufficiente;0;0;0;2;12,48792;41,91071;-1;1;Autovettura privata;In marcia / fermata / arresto;Conducente;M;Illeso;0;;;
4435496;2;17/06/2019 23:00:00;Strada Urbana;LARGO MARCELLO MASTROIANNI;da specificare;;;;davanti la Casa del Cinema;Veicolo in marcia contro ostacolo fisso;Rettilineo;Una carreggiata a senso unico alternato;Asciutto;Fondo naturale;Assente;Sereno;Scarso;Sufficiente;Sufficiente;0;0;0;2;12,48792;41,91071;-1;1;Autovettura privata;In marcia / fermata / arresto;Passeggero;F;Illeso;0;;Non accertato;Inesploso
4435547;17;19/06/2019 12:30:00;Strada Urbana;PIAZZA CAVOUR;da specificare;;;;in prossimit� di VIA MARIANNA DIONIGI;Scontro frontale/laterale DX fra veicoli in marcia;Rettilineo;Una carreggiata a doppio senso;Asciutto;In cubetti di porfido;Verticale ed orizzontale;Sereno;Normale;Buona;Ore Diurne;0;0;0;2;12,4708;41,90573;0;1;Motociclo a solo;In marcia / fermata / arresto;Conducente;F;Illeso;0;;;
4435547;17;19/06/2019 12:30:00;Strada Urbana;PIAZZA CAVOUR;da specificare;;;;in prossimit� di VIA MARIANNA DIONIGI;Scontro frontale/laterale DX fra veicoli in marcia;Rettilineo;Una carreggiata a doppio senso;Asciutto;In cubetti di porfido;Verticale ed orizzontale;Sereno;Normale;Buona;Ore Diurne;0;0;0;2;12,4708;41,90573;0;2;Autocarro inferiore 35 q.;In marcia / fermata / arresto;Conducente;M;Illeso;0;;;
4435566;9;20/06/2019 07:40:00;;VIA DI PORTA FURBA;da specificare;;;;a circa 10 metri da Via Tuscolana;Scontro laterale fra veicoli in marcia;;;;;;;;;;0;0;0;2;;;0;1;Autocarro superiore 35 q.;In marcia / fermata / arresto;Conducente;M;Illeso;0;;;
4435566;9;20/06/2019 07:40:00;;VIA DI PORTA FURBA;da specificare;;;;a circa 10 metri da Via Tuscolana;Scontro laterale fra veicoli in marcia;;;;;;;;;;0;0;0;2;;;0;2;Autovettura privata;In marcia / fermata / arresto;Conducente;F;Illeso;0;;;
4435574;1;19/06/2019 14:10:00;Strada Urbana;VIA FILIPPO TURATI;in corrispondenza;;del civico n.;132;;Veicolo in marcia contro ostacolo accidentale;Rettilineo;Una carreggiata a senso unico di marcia;Asciutto;Asfaltata;Verticale ed orizzontale;Sereno;Normale;Buona;Ore Diurne;1;0;0;2;12,50492;41,89689;-1;1;Motociclo a solo;In marcia / fermata / arresto;Conducente;M;Rimandato;0;NON DECEDUTO;Non accertato;
4435574;1;19/06/2019 14:10:00;Strada Urbana;VIA FILIPPO TURATI;in corrispondenza;;del civico n.;132;;Veicolo in marcia contro ostacolo accidentale;Rettilineo;Una carreggiata a senso unico di marcia;Asciutto;Asfaltata;Verticale ed orizzontale;Sereno;Normale;Buona;Ore Diurne;1;0;0;2;12,50492;41,89689;-1;2;Autovettura privata;In marcia / fermata / arresto;Conducente;M;Illeso;0;;Non accertato;
4435574;1;19/06/2019 14:10:00;Strada Urbana;VIA FILIPPO TURATI;in corrispondenza;;del civico n.;132;;Veicolo in marcia contro ostacolo accidentale;Rettilineo;Una carreggiata a senso unico di marcia;Asciutto;Asfaltata;Verticale ed orizzontale;Sereno;Normale;Buona;Ore Diurne;1;0;0;2;12,50492;41,89689;-1;2;Autovettura privata;In marcia / fermata / arresto;Passeggero;F;Illeso;0;;Non accertato;
4435578;20;20/06/2019 08:45:00;Strada Urbana;VIALE DI TOR DI QUINTO;in corrispondenza;;del palo luce n.;63;;Infortunio per sola frenata improvvisa;Rettilineo;Una carreggiata a doppio senso;Asciutto;Asfaltata;Verticale ed orizzontale;Sereno;Normale;Buona;Ore Diurne;1;0;0;0;12,47848;41,94471;-1;1;Motociclo a solo;In marcia / fermata / arresto;Conducente;M;Rimandato;0;NON DECEDUTO;Non accertato;
4435588;8;19/06/2019 22:00:00;;VIA DI TOR BELLA MONACA;da specificare;;;;altezza GRA;Veicolo in marcia contro ostacolo fisso;;;;;;;;;;0;0;0;0;;;0;1;Autovettura privata;In marcia / fermata / arresto;;;;;;;
4435593;8;19/06/2019 10:20:00;Strada Urbana;VIA ARAGONA;in prossimit�;;del civico n.;32;;Scontro frontale/laterale SX fra veicoli in marcia;Rettilineo;Una carreggiata a doppio senso;Asciutto;Asfaltata;Assente;Sereno;Scarso;Buona;Ore Diurne;1;0;0;1;12,65312;41,86724;-1;1;Motociclo a solo;In marcia / fermata / arresto;Conducente;M;Ricoverato;0;NON DECEDUTO;;
4435593;8;19/06/2019 10:20:00;Strada Urbana;VIA ARAGONA;in prossimit�;;del civico n.;32;;Scontro frontale/laterale SX fra veicoli in marcia;Rettilineo;Una carreggiata a doppio senso;Asciutto;Asfaltata;Assente;Sereno;Scarso;Buona;Ore Diurne;1;0;0;1;12,65312;41,86724;-1;2;Autovettura privata;In marcia / fermata / arresto;Conducente;M;Illeso;0;;Non accertato;Inesploso
4435603;8;19/06/2019 17:10:00;Strada Urbana;VIA BORGHESIANA;in prossimit�;;del civico n.;404;;Tamponamento;Rettilineo;Una carreggiata a doppio senso;Asciutto;Asfaltata;Verticale ed orizzontale;Sereno;Intenso;Buona;Ore Diurne;0;0;0;2;12,67536;41,86511;-1;1;Autovettura privata;In marcia / fermata / arresto;Conducente;M;Illeso;0;;Non accertato;Inesploso
4435603;8;19/06/2019 17:10:00;Strada Urbana;VIA BORGHESIANA;in prossimit�;;del civico n.;404;;Tamponamento;Rettilineo;Una carreggiata a doppio senso;Asciutto;Asfaltata;Verticale ed orizzontale;Sereno;Intenso;Buona;Ore Diurne;0;0;0;2;12,67536;41,86511;-1;2;Autovettura privata;In marcia / fermata / arresto;Conducente;M;Illeso;0;;Non accertato;Inesploso
4435604;4;19/06/2019 17:15:00;Strada Urbana;VIALE TIRRENO;all'intersezione con;VIA VALLE DI RIVA;VIA VALLE DI RIVA;;;Tamponamento;Intersezione non regolata/non segnalata;Due carreggiate;Asciutto;Asfaltata;Verticale ed orizzontale;Sereno;Normale;Buona;Ore Diurne;0;0;0;3;12,52927;41,94047;-1;1;Autovettura privata;In marcia / fermata / arresto;Conducente;M;Illeso;0;;Non accertato;Inesploso
4435604;4;19/06/2019 17:15:00;Strada Urbana;VIALE TIRRENO;all'intersezione con;VIA VALLE DI RIVA;VIA VALLE DI RIVA;;;Tamponamento;Intersezione non regolata/non segnalata;Due carreggiate;Asciutto;Asfaltata;Verticale ed orizzontale;Sereno;Normale;Buona;Ore Diurne;0;0;0;3;12,52927;41,94047;-1;2;Motociclo con passeggero;In marcia / fermata / arresto;Conducente;M;Illeso;0;;Non accertato;
4435604;4;19/06/2019 17:15:00;Strada Urbana;VIALE TIRRENO;all'intersezione con;VIA VALLE DI RIVA;VIA VALLE DI RIVA;;;Tamponamento;Intersezione non regolata/non segnalata;Due carreggiate;Asciutto;Asfaltata;Verticale ed orizzontale;Sereno;Normale;Buona;Ore Diurne;0;0;0;3;12,52927;41,94047;-1;2;Motociclo con passeggero;In marcia / fermata / arresto;Passeggero;F;Illeso;0;;;
4435606;17;19/06/2019 19:20:00;Strada Urbana;VIA CRESCENZIO;all'intersezione con;VIA FRANCESCO CANCELLIERI;VIA FRANCESCO CANCELLIERI;;;Scontro laterale fra veicoli in marcia;Intersezione stradale segnalata;Una carreggiata a doppio senso;Asciutto;Asfaltata;Verticale ed orizzontale;Sereno;Normale;Buona;Ore Diurne;0;0;0;3;12,46216;41,90581;-1;1;Autovettura privata;In marcia / fermata / arresto;Conducente;M;Illeso;0;;;
4435606;17;19/06/2019 19:20:00;Strada Urbana;VIA CRESCENZIO;all'intersezione con;VIA FRANCESCO CANCELLIERI;VIA FRANCESCO CANCELLIERI;;;Scontro laterale fra veicoli in marcia;Intersezione stradale segnalata;Una carreggiata a doppio senso;Asciutto;Asfaltata;Verticale ed orizzontale;Sereno;Normale;Buona;Ore Diurne;0;0;0;3;12,46216;41,90581;-1;2;Quadriciclo leggero;In marcia / fermata / arresto;Conducente;F;Illeso;0;;;
4435606;17;19/06/2019 19:20:00;Strada Urbana;VIA CRESCENZIO;all'intersezione con;VIA FRANCESCO CANCELLIERI;VIA FRANCESCO CANCELLIERI;;;Scontro laterale fra veicoli in marcia;Intersezione stradale segnalata;Una carreggiata a doppio senso;Asciutto;Asfaltata;Verticale ed orizzontale;Sereno;Normale;Buona;Ore Diurne;0;0;0;3;12,46216;41,90581;-1;2;Quadriciclo leggero;In marcia / fermata / arresto;Passeggero;M;Illeso;0;;;
4435608;16;19/06/2019 16:55:00;Strada Urbana;VIA IPPOLITO NIEVO;da specificare;;;;FRONTE CIVICO N.24 ;Scontro frontale/laterale DX fra veicoli in marcia;Rettilineo;Pi� di due carreggiate;Asciutto;Asfaltata;Verticale ed orizzontale;Sereno;Normale;Buona;Ore Diurne;2;0;0;0;12,46742;41,87849;-1;1;Motociclo con passeggero;In marcia / fermata / arresto;Conducente;M;Rimandato;0;NON DECEDUTO;;
4435608;16;19/06/2019 16:55:00;Strada Urbana;VIA IPPOLITO NIEVO;da specificare;;;;FRONTE CIVICO N.24 ;Scontro frontale/laterale DX fra veicoli in marcia;Rettilineo;Pi� di due carreggiate;Asciutto;Asfaltata;Verticale ed orizzontale;Sereno;Normale;Buona;Ore Diurne;2;0;0;0;12,46742;41,87849;-1;1;Motociclo con passeggero;In marcia / fermata / arresto;Passeggero;M;Rimandato;0;NON DECEDUTO;Non accertato;
4435608;16;19/06/2019 16:55:00;Strada Urbana;VIA IPPOLITO NIEVO;da specificare;;;;FRONTE CIVICO N.24 ;Scontro frontale/laterale DX fra veicoli in marcia;Rettilineo;Pi� di due carreggiate;Asciutto;Asfaltata;Verticale ed orizzontale;Sereno;Normale;Buona;Ore Diurne;2;0;0;0;12,46742;41,87849;-1;2;Autovettura privata;Allontanatosi;;;;;;;
4435610;4;19/06/2019 10:45:00;Strada Urbana;VIA RENATO FUCINI;in corrispondenza;;del civico n.;269;;Veicolo in marcia contro veicolo in sosta;Rettilineo;Due carreggiate;Asciutto;Strada pavimentata dissestata;Verticale;Sereno;Normale;Buona;Ore Diurne;1;0;0;0;12,55178;41,94666;-1;1;Motociclo a solo;In marcia / fermata / arresto;Conducente;M;Rimandato;0;NON DECEDUTO;;
4435610;4;19/06/2019 10:45:00;Strada Urbana;VIA RENATO FUCINI;in corrispondenza;;del civico n.;269;;Veicolo in marcia contro veicolo in sosta;Rettilineo;Due carreggiate;Asciutto;Strada pavimentata dissestata;Verticale;Sereno;Normale;Buona;Ore Diurne;1;0;0;0;12,55178;41,94666;-1;2;Autovettura privata;Sosta;;;;;;;
4435611;8;19/06/2019 16:00:00;Strada Urbana;VIALE DUILIO CAMBELLOTTI;in prossimit�;;del palo luce n.;30;;Tamponamento Multiplo;Pendenza;Una carreggiata a senso unico di marcia;Asciutto;Asfaltata;Verticale ed orizzontale;Sereno;Normale;Buona;Ore Diurne;0;0;0;4;12,62966;41,86737;-1;1;Autovettura privata;In marcia / fermata / arresto;Passeggero;F;Illeso;0;;Non accertato;Inesploso
4435611;8;19/06/2019 16:00:00;Strada Urbana;VIALE DUILIO CAMBELLOTTI;in prossimit�;;del palo luce n.;30;;Tamponamento Multiplo;Pendenza;Una carreggiata a senso unico di marcia;Asciutto;Asfaltata;Verticale ed orizzontale;Sereno;Normale;Buona;Ore Diurne;0;0;0;4;12,62966;41,86737;-1;1;Autovettura privata;In marcia / fermata / arresto;Conducente;F;Illeso;0;;Non accertato;Inesploso
4435611;8;19/06/2019 16:00:00;Strada Urbana;VIALE DUILIO CAMBELLOTTI;in prossimit�;;del palo luce n.;30;;Tamponamento Multiplo;Pendenza;Una carreggiata a senso unico di marcia;Asciutto;Asfaltata;Verticale ed orizzontale;Sereno;Normale;Buona;Ore Diurne;0;0;0;4;12,62966;41,86737;-1;2;Autovettura privata;In marcia / fermata / arresto;Conducente;F;Illeso;0;;Non accertato;Inesploso
4435611;8;19/06/2019 16:00:00;Strada Urbana;VIALE DUILIO CAMBELLOTTI;in prossimit�;;del palo luce n.;30;;Tamponamento Multiplo;Pendenza;Una carreggiata a senso unico di marcia;Asciutto;Asfaltata;Verticale ed orizzontale;Sereno;Normale;Buona;Ore Diurne;0;0;0;4;12,62966;41,86737;-1;3;Autovettura privata;In marcia / fermata / arresto;Conducente;M;Illeso;0;;Non accertato;Inesploso
4435665;19;19/06/2019 17:30:00;Strada Urbana;VIA DELLA PINETA SACCHETTI;da specificare;;;;pross. Via San Cleto Papa;Scontro laterale fra veicoli in marcia;Rettilineo;Una carreggiata a senso unico di marcia;Asciutto;Asfaltata;Verticale ed orizzontale;Sereno;Normale;Buona;Ore Diurne;0;0;0;3;12,42499;41,92401;-1;1;Altro;In marcia / fermata / arresto;Conducente;M;Illeso;0;;Non accertato;Inesistente
4435665;19;19/06/2019 17:30:00;Strada Urbana;VIA DELLA PINETA SACCHETTI;da specificare;;;;pross. Via San Cleto Papa;Scontro laterale fra veicoli in marcia;Rettilineo;Una carreggiata a senso unico di marcia;Asciutto;Asfaltata;Verticale ed orizzontale;Sereno;Normale;Buona;Ore Diurne;0;0;0;3;12,42499;41,92401;-1;2;Autovettura privata;In marcia / fermata / arresto;Passeggero;F;Illeso;0;;Non accertato;Inesploso
4435665;19;19/06/2019 17:30:00;Strada Urbana;VIA DELLA PINETA SACCHETTI;da specificare;;;;pross. Via San Cleto Papa;Scontro laterale fra veicoli in marcia;Rettilineo;Una carreggiata a senso unico di marcia;Asciutto;Asfaltata;Verticale ed orizzontale;Sereno;Normale;Buona;Ore Diurne;0;0;0;3;12,42499;41,92401;-1;2;Autovettura privata;In marcia / fermata / arresto;Conducente;M;Illeso;0;;Non accertato;Inesploso
4435683;17;19/06/2019 19:20:00;Strada Urbana;VIA MARCANTONIO COLONNA;all'intersezione con;VIA DEGLI SCIPIONI;VIA DEGLI SCIPIONI;;;Scontro frontale/laterale DX fra veicoli in marcia;Incrocio;Una carreggiata a senso unico alternato;Asciutto;Asfaltata;Verticale ed orizzontale;Sereno;Normale;Sufficiente;Sufficiente;0;0;0;2;12,46696;41,91;-1;1;Autovettura pubblica;In marcia / fermata / arresto;Conducente;M;Illeso;0;;;
4435683;17;19/06/2019 19:20:00;Strada Urbana;VIA MARCANTONIO COLONNA;all'intersezione con;VIA DEGLI SCIPIONI;VIA DEGLI SCIPIONI;;;Scontro frontale/laterale DX fra veicoli in marcia;Incrocio;Una carreggiata a senso unico alternato;Asciutto;Asfaltata;Verticale ed orizzontale;Sereno;Normale;Sufficiente;Sufficiente;0;0;0;2;12,46696;41,91;-1;2;Autovettura privata;In marcia / fermata / arresto;Conducente;F;Illeso;0;;;
4435686;4;19/06/2019 15:30:00;Strada Urbana;VIA VAL D'OSSOLA;all'intersezione con;VIA VALDINIEVOLE;VIA VALDINIEVOLE;;;Scontro frontale/laterale SX fra veicoli in marcia;Incrocio;Due carreggiate;Asciutto;Asfaltata;Assente;Sereno;Normale;Buona;Ore Diurne;0;0;0;2;12,52874;41,9352;-1;1;Motociclo a solo;In marcia / fermata / arresto;Conducente;M;Illeso;0;;;
4435686;4;19/06/2019 15:30:00;Strada Urbana;VIA VAL D'OSSOLA;all'intersezione con;VIA VALDINIEVOLE;VIA VALDINIEVOLE;;;Scontro frontale/laterale SX fra veicoli in marcia;Incrocio;Due carreggiate;Asciutto;Asfaltata;Assente;Sereno;Normale;Buona;Ore Diurne;0;0;0;2;12,52874;41,9352;-1;2;Autovettura privata;In marcia / fermata / arresto;Conducente;M;Illeso;0;;;
4435703;9;19/06/2019 15:00:00;Strada Urbana;VIA MACEDONIA;all'intersezione con;VIA FERDINANDO GREGOROVIUS;VIA FERDINANDO GREGOROVIUS;;;Scontro laterale fra veicoli in marcia;Intersezione stradale segnalata;Una carreggiata a doppio senso;Asciutto;Asfaltata;Verticale ed orizzontale;Sereno;Normale;Buona;Ore Diurne;2;0;0;0;12,51285;41,87177;-1;1;Motociclo a solo;In marcia / fermata / arresto;Conducente;M;Rimandato;0;NON DECEDUTO;Non accertato;
4435703;9;19/06/2019 15:00:00;Strada Urbana;VIA MACEDONIA;all'intersezione con;VIA FERDINANDO GREGOROVIUS;VIA FERDINANDO GREGOROVIUS;;;Scontro laterale fra veicoli in marcia;Intersezione stradale segnalata;Una carreggiata a doppio senso;Asciutto;Asfaltata;Verticale ed orizzontale;Sereno;Normale;Buona;Ore Diurne;2;0;0;0;12,51285;41,87177;-1;2;Motociclo a solo;In marcia / fermata / arresto;Conducente;M;Rimandato;0;NON DECEDUTO;Non accertato;
4435706;19;19/06/2019 18:50:00;Strada Urbana;VIA DI BOCCEA;in corrispondenza;;del civico n.;1294;;Scontro frontale fra veicoli in marcia;Rettilineo;Una carreggiata a doppio senso;Asciutto;Asfaltata;Assente;Sereno;Scarso;Buona;Ore Diurne;2;0;0;1;12,31704;41,94491;-1;1;Autovettura privata;In marcia / fermata / arresto;Conducente;M;Illeso;0;;Non accertato;Inesploso
4435706;19;19/06/2019 18:50:00;Strada Urbana;VIA DI BOCCEA;in corrispondenza;;del civico n.;1294;;Scontro frontale fra veicoli in marcia;Rettilineo;Una carreggiata a doppio senso;Asciutto;Asfaltata;Assente;Sereno;Scarso;Buona;Ore Diurne;2;0;0;1;12,31704;41,94491;-1;2;Autovettura privata;In marcia / fermata / arresto;Passeggero;M;Rimandato;0;NON DECEDUTO;Non accertato;Inesploso
4435706;19;19/06/2019 18:50:00;Strada Urbana;VIA DI BOCCEA;in corrispondenza;;del civico n.;1294;;Scontro frontale fra veicoli in marcia;Rettilineo;Una carreggiata a doppio senso;Asciutto;Asfaltata;Assente;Sereno;Scarso;Buona;Ore Diurne;2;0;0;1;12,31704;41,94491;-1;2;Autovettura privata;In marcia / fermata / arresto;Conducente;M;Rimandato;0;NON DECEDUTO;Non accertato;Inesploso
4435718;4;19/06/2019 13:15:00;Statale entro l'abitato;VIA SALARIA;in corrispondenza;;del civico n.;1492 B;;Scontro laterale fra veicoli in marcia;Rettilineo;Una carreggiata a doppio senso;Asciutto;Asfaltata;Assente;Nebbia;Intenso;Buona;Ore Diurne;0;0;0;3;12,51963;42,00889;-1;1;Autovettura privata;In marcia / fermata / arresto;Conducente;M;Illeso;0;;Non accertato;Inesploso
4435718;4;19/06/2019 13:15:00;Statale entro l'abitato;VIA SALARIA;in corrispondenza;;del civico n.;1492 B;;Scontro laterale fra veicoli in marcia;Rettilineo;Una carreggiata a doppio senso;Asciutto;Asfaltata;Assente;Nebbia;Intenso;Buona;Ore Diurne;0;0;0;3;12,51963;42,00889;-1;2;Autocarro inferiore 35 q.;In marcia / fermata / arresto;Conducente;M;Illeso;0;;Non accertato;Inesploso
4435718;4;19/06/2019 13:15:00;Statale entro l'abitato;VIA SALARIA;in corrispondenza;;del civico n.;1492 B;;Scontro laterale fra veicoli in marcia;Rettilineo;Una carreggiata a doppio senso;Asciutto;Asfaltata;Assente;Nebbia;Intenso;Buona;Ore Diurne;0;0;0;3;12,51963;42,00889;-1;2;Autocarro inferiore 35 q.;In marcia / fermata / arresto;Passeggero;M;Illeso;0;;Non accertato;Inesploso
4435724;20;20/06/2019 08:50:00;Strada Urbana;VIALE DI TOR DI QUINTO;in corrispondenza;;del civico n.;65;;Tamponamento;Rettilineo;Una carreggiata a doppio senso;Asciutto;Asfaltata;Verticale ed orizzontale;Sereno;Normale;Buona;Ore Diurne;0;0;0;2;12,48355;41,94275;-1;1;Autocarro inferiore 35 q.;In marcia / fermata / arresto;Conducente;M;Illeso;0;;Non accertato;Inesploso
4435724;20;20/06/2019 08:50:00;Strada Urbana;VIALE DI TOR DI QUINTO;in corrispondenza;;del civico n.;65;;Tamponamento;Rettilineo;Una carreggiata a doppio senso;Asciutto;Asfaltata;Verticale ed orizzontale;Sereno;Normale;Buona;Ore Diurne;0;0;0;2;12,48355;41,94275;-1;2;Autovettura pubblica;In marcia / fermata / arresto;Conducente;M;Illeso;0;;Non accertato;Inesploso
4435726;4;19/06/2019 18:15:00;Strada Urbana;VIALE TITINA DE FILIPPO;all'intersezione con;VIA VIRGILIO TALLI;VIA VIRGILIO TALLI;;;Tamponamento;Intersezione stradale segnalata;Una carreggiata a doppio senso;Asciutto;Asfaltata;Verticale ed orizzontale;Sereno;Normale;Buona;Ore Diurne;0;0;0;2;12,51649;41,9667;-1;1;Autovettura privata;In marcia / fermata / arresto;Conducente;M;Illeso;0;;;
4435726;4;19/06/2019 18:15:00;Strada Urbana;VIALE TITINA DE FILIPPO;all'intersezione con;VIA VIRGILIO TALLI;VIA VIRGILIO TALLI;;;Tamponamento;Intersezione stradale segnalata;Una carreggiata a doppio senso;Asciutto;Asfaltata;Verticale ed orizzontale;Sereno;Normale;Buona;Ore Diurne;0;0;0;2;12,51649;41,9667;-1;2;Autocarro inferiore 35 q.;In marcia / fermata / arresto;Conducente;M;Illeso;0;;;
4435765;1;19/06/2019 10:30:00;Strada Urbana;VIA QUATTRO NOVEMBRE;in prossimit�;;del civico n.;158;;Scontro laterale fra veicoli in marcia;Rotatoria;Una carreggiata a senso unico di marcia;Asciutto;In cubetti di porfido;Verticale ed orizzontale;Sereno;Normale;Buona;Ore Diurne;0;0;0;2;12,48629;41,89631;-1;1;Autovettura privata;In marcia / fermata / arresto;Conducente;M;Illeso;0;;;
4435765;1;19/06/2019 10:30:00;Strada Urbana;VIA QUATTRO NOVEMBRE;in prossimit�;;del civico n.;158;;Scontro laterale fra veicoli in marcia;Rotatoria;Una carreggiata a senso unico di marcia;Asciutto;In cubetti di porfido;Verticale ed orizzontale;Sereno;Normale;Buona;Ore Diurne;0;0;0;2;12,48629;41,89631;-1;2;Autocarro inferiore 35 q.;In marcia / fermata / arresto;Conducente;M;Illeso;0;;;