Protocollo;Gruppo;DataOraIncidente;Localizzazione1;STRADA1;Localizzazione2;STRADA2;Strada02;Chilometrica;DaSpecificare;NaturaIncidente;particolaritastrade;TipoStrada;FondoStradale;Pavimentazione;Segnaletica;CondizioneAtmosferica;Traffico;Visibilita;Illuminazione;NUM_FERITI;NUM_RISERVATA;NUM_MORTI;NUM_ILLESI;Longitudine;Latitudine;Confermato;Progressivo;TipoVeicolo;StatoVeicolo;TipoPersona;Sesso;Tipolesione;Deceduto;DecedutoDopo;CinturaCascoUtilizzato;Airbag;
4435793;7;20/06/2019 10:15:00;Strada Urbana;VIA MURACCIO DI RISCHIARO;all'intersezione con;VIA PRENESTINA;VIA PRENESTINA;;;Scontro laterale fra veicoli in marcia;Incrocio;Una carreggiata a senso unico di marcia;Asciutto;Asfaltata;Verticale ed orizzontale;Sereno;Intenso;Sufficiente;Ore Diurne;0;0;0;2;12,60623;41,89381;-1;1;Autovettura privata;In marcia / fermata / arresto;Conducente;M;Illeso;0;;;
4435793;7;20/06/2019 10:15:00;Strada Urbana;VIA MURACCIO DI RISCHIARO;all'intersezione con;VIA PRENESTINA;VIA PRENESTINA;;;Scontro laterale fra veicoli in marcia;Incrocio;Una carreggiata a senso unico di marcia;Asciutto;Asfaltata;Verticale ed orizzontale;Sereno;Intenso;Sufficiente;Ore Diurne;0;0;0;2;12,60623;41,89381;-1;2;Autocarro superiore 35 q.;In marcia / fermata / arresto;Conducente;M;Illeso;0;;;
4435804;17;19/06/2019 19:00:00;Strada Urbana;PONTE VITTORIO EMANUELE II;all'intersezione semaforizzata con;LUNGOTEVERE IN SASSIA;LUNGOTEVERE IN SASSIA;;;Scontro frontale/laterale SX fra veicoli in marcia;Intersezione semaforizzata;Una carreggiata a senso unico di marcia;Asciutto;Asfaltata;Verticale ed orizzontale;Sereno;Intenso;Sufficiente;Ore Diurne;1;0;0;4;12,4644;41,90099;-1;1;Autovettura privata;In marcia / fermata / arresto;Passeggero;F;Illeso;0;;;
4435804;17;19/06/2019 19:00:00;Strada Urbana;PONTE VITTORIO EMANUELE II;all'intersezione semaforizzata con;LUNGOTEVERE IN SASSIA;LUNGOTEVERE IN SASSIA;;;Scontro frontale/laterale SX fra veicoli in marcia;Intersezione semaforizzata;Una carreggiata a senso unico di marcia;Asciutto;Asfaltata;Verticale ed orizzontale;Sereno;Intenso;Sufficiente;Ore Diurne;1;0;0;4;12,4644;41,90099;-1;1;Autovettura privata;In marcia / fermata / arresto;Conducente;F;Illeso;0;;;
4435804;17;19/06/2019 19:00:00;Strada Urbana;PONTE VITTORIO EMANUELE II;all'intersezione semaforizzata con;LUNGOTEVERE IN SASSIA;LUNGOTEVERE IN SASSIA;;;Scontro frontale/laterale SX fra veicoli in marcia;Intersezione semaforizzata;Una carreggiata a senso unico di marcia;Asciutto;Asfaltata;Verticale ed orizzontale;Sereno;Intenso;Sufficiente;Ore Diurne;1;0;0;4;12,4644;41,90099;-1;2;Motociclo con passeggero;In marcia / fermata / arresto;Conducente;M;Rimandato;0;NON DECEDUTO;;
4435822;17;20/06/2019 08:10:00;Strada Urbana;VIA DELLA MELORIA;in prossimit�;;del civico n.;44;;Veicolo in marcia contro veicolo in sosta;Rettilineo;Una carreggiata a senso unico di marcia;Asciutto;Asfaltata;Verticale ed orizzontale;Sereno;Scarso;Buona;Ore Diurne;0;0;0;1;12,4469;41,9067;-1;1;Autovettura privata;Sosta;;;;;;;
4435822;17;20/06/2019 08:10:00;Strada Urbana;VIA DELLA MELORIA;in prossimit�;;del civico n.;44;;Veicolo in marcia contro veicolo in sosta;Rettilineo;Una carreggiata a senso unico di marcia;Asciutto;Asfaltata;Verticale ed orizzontale;Sereno;Scarso;Buona;Ore Diurne;0;0;0;1;12,4469;41,9067;-1;2;Autovettura privata;In marcia / fermata / arresto;Conducente;M;Illeso;0;;;
4435824;1;19/06/2019 17:15:00;Strada Urbana;VIA EMANUELE FILIBERTO;all'intersezione semaforizzata con;VIA FOSCOLO;VIA FOSCOLO;;;Scontro laterale fra veicoli in marcia;Intersezione semaforizzata;Una carreggiata a doppio senso;Asciutto;Asfaltata;Verticale ed orizzontale;Sereno;Normale;Buona;Ore Diurne;1;0;0;2;12,50695;41,88993;-1;1;Autovettura privata;In marcia / fermata / arresto;Conducente;F;Illeso;0;;;
4435824;1;19/06/2019 17:15:00;Strada Urbana;VIA EMANUELE FILIBERTO;all'intersezione semaforizzata con;VIA FOSCOLO;VIA FOSCOLO;;;Scontro laterale fra veicoli in marcia;Intersezione semaforizzata;Una carreggiata a doppio senso;Asciutto;Asfaltata;Verticale ed orizzontale;Sereno;Normale;Buona;Ore Diurne;1;0;0;2;12,50695;41,88993;-1;1;Autovettura privata;In marcia / fermata / arresto;Passeggero;F;Illeso;0;;;
4435824;1;19/06/2019 17:15:00;Strada Urbana;VIA EMANUELE FILIBERTO;all'intersezione semaforizzata con;VIA FOSCOLO;VIA FOSCOLO;;;Scontro laterale fra veicoli in marcia;Intersezione semaforizzata;Una carreggiata a doppio senso;Asciutto;Asfaltata;Verticale ed orizzontale;Sereno;Normale;Buona;Ore Diurne;1;0;0;2;12,50695;41,88993;-1;2;Motociclo a solo;In marcia / fermata / arresto;Conducente;M;Rimandato;0;NON DECEDUTO;;
4435831;8;19/06/2019 17:50:00;Strada Urbana;VIA DON PRIMO MAZZOLARI;in prossimit�;;del civico n.;70;;Tamponamento;Rettilineo;Una carreggiata a doppio senso;Asciutto;Asfaltata;Verticale ed orizzontale;Sereno;Normale;Buona;Ore Diurne;0;0;0;5;12,6767;41,89208;-1;1;Autovettura privata;In marcia / fermata / arresto;Conducente;M;Illeso;0;;Non accertato;Esploso
4435831;8;19/06/2019 17:50:00;Strada Urbana;VIA DON PRIMO MAZZOLARI;in prossimit�;;del civico n.;70;;Tamponamento;Rettilineo;Una carreggiata a doppio senso;Asciutto;Asfaltata;Verticale ed orizzontale;Sereno;Normale;Buona;Ore Diurne;0;0;0;5;12,6767;41,89208;-1;2;Autovettura privata;In marcia / fermata / arresto;Passeggero;F;Illeso;0;;Non accertato;Inesploso
4435831;8;19/06/2019 17:50:00;Strada Urbana;VIA DON PRIMO MAZZOLARI;in prossimit�;;del civico n.;70;;Tamponamento;Rettilineo;Una carreggiata a doppio senso;Asciutto;Asfaltata;Verticale ed orizzontale;Sereno;Normale;Buona;Ore Diurne;0;0;0;5;12,6767;41,89208;-1;2;Autovettura privata;In marcia / fermata / arresto;Passeggero;F;Illeso;0;;Non accertato;Inesploso
4435831;8;19/06/2019 17:50:00;Strada Urbana;VIA DON PRIMO MAZZOLARI;in prossimit�;;del civico n.;70;;Tamponamento;Rettilineo;Una carreggiata a doppio senso;Asciutto;Asfaltata;Verticale ed orizzontale;Sereno;Normale;Buona;Ore Diurne;0;0;0;5;12,6767;41,89208;-1;2;Autovettura privata;In marcia / fermata / arresto;Conducente;M;Illeso;0;;Non accertato;Inesploso
4435831;8;19/06/2019 17:50:00;Strada Urbana;VIA DON PRIMO MAZZOLARI;in prossimit�;;del civico n.;70;;Tamponamento;Rettilineo;Una carreggiata a doppio senso;Asciutto;Asfaltata;Verticale ed orizzontale;Sereno;Normale;Buona;Ore Diurne;0;0;0;5;12,6767;41,89208;-1;2;Autovettura privata;In marcia / fermata / arresto;Passeggero;F;Illeso;0;;Non accertato;Inesploso
4435835;8;19/06/2019 15:00:00;Strada Urbana;VIA DI PRATOLUNGO CASILINO;in corrispondenza;;del civico n.;27;;Veicolo in marcia contro ostacolo accidentale;Rettilineo;Una carreggiata a doppio senso;Asciutto;Asfaltata;Assente;Sereno;Scarso;Buona;Ore Diurne;0;0;0;1;12,66133;41,88984;-1;1;Autovettura privata;In marcia / fermata / arresto;Conducente;M;Illeso;0;;Non accertato;Inesploso
4435852;4;19/06/2019 07:55:00;Statale;VIA SALARIA;in prossimit�;;del civico n.;1021;;Infortunio per sola frenata improvvisa;Rettilineo;Due carreggiate;Asciutto;Asfaltata;Verticale ed orizzontale;Sereno;Intenso;Buona;Ore Diurne;1;0;0;0;12,5048;41,97047;-1;1;Motociclo a solo;In marcia / fermata / arresto;Conducente;M;Rimandato;0;NON DECEDUTO;;
4435860;12;19/06/2019 13:15:00;Strada Urbana;VIALE DELL'UMANESIMO;in prossimit�;;del civico n.;42;;Veicolo in marcia contro veicolo in sosta;Rettilineo;Una carreggiata a doppio senso;Asciutto;Asfaltata;Verticale ed orizzontale;Sereno;Normale;Buona;Ore Diurne;0;0;0;2;12,47394;41,82215;-1;1;Autovettura privata;In marcia / fermata / arresto;Conducente;M;Illeso;0;;Utilizzato;Inesploso
4435860;12;19/06/2019 13:15:00;Strada Urbana;VIALE DELL'UMANESIMO;in prossimit�;;del civico n.;42;;Veicolo in marcia contro veicolo in sosta;Rettilineo;Una carreggiata a doppio senso;Asciutto;Asfaltata;Verticale ed orizzontale;Sereno;Normale;Buona;Ore Diurne;0;0;0;2;12,47394;41,82215;-1;1;Autovettura privata;In marcia / fermata / arresto;Passeggero;F;Illeso;0;;Utilizzato;Inesploso
4435860;12;19/06/2019 13:15:00;Strada Urbana;VIALE DELL'UMANESIMO;in prossimit�;;del civico n.;42;;Veicolo in marcia contro veicolo in sosta;Rettilineo;Una carreggiata a doppio senso;Asciutto;Asfaltata;Verticale ed orizzontale;Sereno;Normale;Buona;Ore Diurne;0;0;0;2;12,47394;41,82215;-1;2;Autovettura privata;Sosta;;;;;;;
4435899;12;19/06/2019 21:01:00;Strada Urbana;VIA LUIGINO TANDURA;in corrispondenza;;del civico n.;63/59;;Veicolo in marcia contro veicolo in sosta;Rettilineo;Una carreggiata a senso unico di marcia;Asciutto;Asfaltata;Orizzontale;Sereno;Scarso;Sufficiente;Sufficiente;0;0;0;1;12,44929;41,79614;-1;1;Autovettura privata;In marcia / fermata / arresto;Conducente;F;Illeso;0;;Utilizzato;Inesploso
4435899;12;19/06/2019 21:01:00;Strada Urbana;VIA LUIGINO TANDURA;in corrispondenza;;del civico n.;63/59;;Veicolo in marcia contro veicolo in sosta;Rettilineo;Una carreggiata a senso unico di marcia;Asciutto;Asfaltata;Orizzontale;Sereno;Scarso;Sufficiente;Sufficiente;0;0;0;1;12,44929;41,79614;-1;2;Autovettura privata;Sosta;;;;;;;
4435906;2;19/06/2019 13:35:00;Strada Urbana;VIA DI VILLA ADA;all'intersezione con;VIA LARIANA;VIA LARIANA;;;Veicolo in marcia contro veicolo in sosta;Incrocio;Due carreggiate;Asciutto;Asfaltata;Verticale ed orizzontale;Sereno;Normale;Buona;Ore Diurne;0;0;0;1;12,50537;41,92438;-1;1;Autovettura privata;In marcia / fermata / arresto;Conducente;M;Illeso;0;;;
4435906;2;19/06/2019 13:35:00;Strada Urbana;VIA DI VILLA ADA;all'intersezione con;VIA LARIANA;VIA LARIANA;;;Veicolo in marcia contro veicolo in sosta;Incrocio;Due carreggiate;Asciutto;Asfaltata;Verticale ed orizzontale;Sereno;Normale;Buona;Ore Diurne;0;0;0;1;12,50537;41,92438;-1;2;Autovettura privata;Sosta;;;;;;;
4435909;2;19/06/2019 11:55:00;Strada Urbana;VIA CAPODISTRIA;in prossimit�;;del civico n.;22;;Scontro frontale/laterale SX fra veicoli in marcia;Rettilineo;Una carreggiata a senso unico di marcia;Asciutto;Asfaltata;Orizzontale;Sereno;Scarso;Buona;Ore Diurne;0;0;0;2;12,51064;41,91825;-1;1;Autovettura privata;In marcia / fermata / arresto;Conducente;M;Illeso;0;;Non accertato;Inesploso
4435909;2;19/06/2019 11:55:00;Strada Urbana;VIA CAPODISTRIA;in prossimit�;;del civico n.;22;;Scontro frontale/laterale SX fra veicoli in marcia;Rettilineo;Una carreggiata a senso unico di marcia;Asciutto;Asfaltata;Orizzontale;Sereno;Scarso;Buona;Ore Diurne;0;0;0;2;12,51064;41,91825;-1;2;Autocarro inferiore 35 q.;In marcia / fermata / arresto;Conducente;M;Illeso;0;;Non accertato;Inesploso
4435911;2;19/06/2019 12:00:00;Strada Urbana;VIALE BRUNO BUOZZI;in prossimit�;;del civico n.;102;;Veicolo in marcia contro veicolo in sosta;Rettilineo;Una carreggiata a senso unico alternato;Asciutto;Asfaltata;Verticale ed orizzontale;Sereno;Scarso;Buona;Ore Diurne;0;0;0;1;12,47824;41,91917;-1;1;Autovettura privata;In marcia / fermata / arresto;Conducente;F;Illeso;0;;;
4435911;2;19/06/2019 12:00:00;Strada Urbana;VIALE BRUNO BUOZZI;in prossimit�;;del civico n.;102;;Veicolo in marcia contro veicolo in sosta;Rettilineo;Una carreggiata a senso unico alternato;Asciutto;Asfaltata;Verticale ed orizzontale;Sereno;Scarso;Buona;Ore Diurne;0;0;0;1;12,47824;41,91917;-1;2;Ciclomotore;Sosta;;;;;;;
4435918;2;19/06/2019 18:15:00;Strada Urbana;VIA ANTONIO STOPPANI;all'intersezione con;VIALE PARIOLI;VIALE PARIOLI;;;Scontro laterale fra veicoli in marcia;Incrocio;Una carreggiata a senso unico di marcia;Asciutto;Asfaltata;Verticale;Sereno;Normale;Buona;Ore Diurne;0;0;0;2;12,49148;41,92268;-1;1;Autobus di linea;In marcia / fermata / arresto;Conducente;M;Illeso;0;;Non accertato;Inesploso
4435918;2;19/06/2019 18:15:00;Strada Urbana;VIA ANTONIO STOPPANI;all'intersezione con;VIALE PARIOLI;VIALE PARIOLI;;;Scontro laterale fra veicoli in marcia;Incrocio;Una carreggiata a senso unico di marcia;Asciutto;Asfaltata;Verticale;Sereno;Normale;Buona;Ore Diurne;0;0;0;2;12,49148;41,92268;-1;2;Autovettura privata;In marcia / fermata / arresto;Conducente;F;Illeso;0;;Non accertato;Inesploso
4435921;16;19/06/2019 17:20:00;Strada Urbana;VIA GIULIA DI GALLESE;all'intersezione con;VIA FERDINANDO VEROSPI;VIA FERDINANDO VEROSPI;;;Scontro frontale/laterale DX fra veicoli in marcia;Intersezione stradale segnalata;Una carreggiata a senso unico di marcia;Asciutto;Asfaltata;Verticale ed orizzontale;Sereno;Scarso;Buona;Ore Diurne;0;0;0;3;12,44822;41,87176;-1;1;Autovettura di polizia;In marcia / fermata / arresto;Conducente;M;Illeso;0;;;
4435921;16;19/06/2019 17:20:00;Strada Urbana;VIA GIULIA DI GALLESE;all'intersezione con;VIA FERDINANDO VEROSPI;VIA FERDINANDO VEROSPI;;;Scontro frontale/laterale DX fra veicoli in marcia;Intersezione stradale segnalata;Una carreggiata a senso unico di marcia;Asciutto;Asfaltata;Verticale ed orizzontale;Sereno;Scarso;Buona;Ore Diurne;0;0;0;3;12,44822;41,87176;-1;1;Autovettura di polizia;In marcia / fermata / arresto;Passeggero;M;Illeso;0;;;
4435921;16;19/06/2019 17:20:00;Strada Urbana;VIA GIULIA DI GALLESE;all'intersezione con;VIA FERDINANDO VEROSPI;VIA FERDINANDO VEROSPI;;;Scontro frontale/laterale DX fra veicoli in marcia;Intersezione stradale segnalata;Una carreggiata a senso unico di marcia;Asciutto;Asfaltata;Verticale ed orizzontale;Sereno;Scarso;Buona;Ore Diurne;0;0;0;3;12,44822;41,87176;-1;2;Autovettura pubblica;In marcia / fermata / arresto;Conducente;M;Illeso;0;;;
4435935;20;20/06/2019 10:45:00;Regionale entro l'abitato;VIA CASSIA;in corrispondenza;;del civico n.;1865;;Scontro frontale/laterale DX fra veicoli in marcia;Rettilineo;Una carreggiata a doppio senso;Asciutto;Asfaltata;Verticale ed orizzontale;Sereno;Normale;Buona;Ore Diurne;0;0;0;2;12,4441;41,96471;-1;1;Autocarro superiore 35 q.;In marcia / fermata / arresto;Conducente;M;Illeso;0;;Non accertato;Inesploso
4435935;20;20/06/2019 10:45:00;Regionale entro l'abitato;VIA CASSIA;in corrispondenza;;del civico n.;1865;;Scontro frontale/laterale DX fra veicoli in marcia;Rettilineo;Una carreggiata a doppio senso;Asciutto;Asfaltata;Verticale ed orizzontale;Sereno;Normale;Buona;Ore Diurne;0;0;0;2;12,4441;41,96471;-1;2;Autovettura privata;In marcia / fermata / arresto;Conducente;M;Illeso;0;;Non accertato;Inesploso
4435937;12;19/06/2019 11:30:00;Provinciale entro l'abitato;VIA LAURENTINA;da specificare;;;;altezza Bar  scalella;Veicolo in marcia contro ostacolo accidentale;Rettilineo;Due carreggiate;Asciutto;Asfaltata;Verticale ed orizzontale;Sereno;Normale;Buona;Ore Diurne;0;0;0;1;12,48524;41,8101;-1;1;Motociclo con passeggero;In marcia / fermata / arresto;Conducente;M;Illeso;0;;Utilizzato;
4436097;11;20/06/2019 12:30:00;Strada Urbana;VIALE DEL TINTORETTO;da specificare;;;;all'alt.za di Via B. Gozzoli dir. Via del Serafico;Tamponamento;Rettilineo;Due carreggiate;Asciutto;Asfaltata;Verticale ed orizzontale;Sereno;Scarso;Buona;Ore Diurne;0;0;0;3;12,48849;41,83493;-1;1;Autovettura privata;In marcia / fermata / arresto;Conducente;F;Illeso;0;;Non accertato;Inesploso
4436097;11;20/06/2019 12:30:00;Strada Urbana;VIALE DEL TINTORETTO;da specificare;;;;all'alt.za di Via B. Gozzoli dir. Via del Serafico;Tamponamento;Rettilineo;Due carreggiate;Asciutto;Asfaltata;Verticale ed orizzontale;Sereno;Scarso;Buona;Ore Diurne;0;0;0;3;12,48849;41,83493;-1;2;Autovettura privata;In marcia / fermata / arresto;Passeggero;F;Illeso;0;;;
4436097;11;20/06/2019 12:30:00;Strada Urbana;VIALE DEL TINTORETTO;da specificare;;;;all'alt.za di Via B. Gozzoli dir. Via del Serafico;Tamponamento;Rettilineo;Due carreggiate;Asciutto;Asfaltata;Verticale ed orizzontale;Sereno;Scarso;Buona;Ore Diurne;0;0;0;3;12,48849;41,83493;-1;2;Autovettura privata;In marcia / fermata / arresto;Conducente;M;Illeso;0;;Non accertato;Inesploso
4436130;3;19/06/2019 19:20:00;Strada Urbana;VIA MONTE CERVIALTO;da specificare;;;;in pross.t� del civ. 143;Scontro laterale fra veicoli in marcia;Rettilineo;Una carreggiata a doppio senso;Asciutto;Asfaltata;Verticale ed orizzontale;Sereno;Normale;Buona;Ore Diurne;1;0;0;1;12,52223;41,95445;-1;1;Autocarro inferiore 35 q.;In marcia / fermata / arresto;Conducente;M;Illeso;0;;Non accertato;Inesploso
4436130;3;19/06/2019 19:20:00;Strada Urbana;VIA MONTE CERVIALTO;da specificare;;;;in pross.t� del civ. 143;Scontro laterale fra veicoli in marcia;Rettilineo;Una carreggiata a doppio senso;Asciutto;Asfaltata;Verticale ed orizzontale;Sereno;Normale;Buona;Ore Diurne;1;0;0;1;12,52223;41,95445;-1;2;Motociclo a solo;In marcia / fermata / arresto;Conducente;M;Rimandato;0;NON DECEDUTO;Non accertato;
4436143;4;19/06/2019 14:45:00;Strada Urbana;VIALE JONIO;all'intersezione con;VIA MONTE ROCCHETTA;VIA MONTE ROCCHETTA;;;Scontro frontale/laterale DX fra veicoli in marcia;Intersezione non regolata/non segnalata;Due carreggiate;Asciutto;Asfaltata;Verticale ed orizzontale;Sereno;Normale;Buona;Ore Diurne;2;0;0;2;12,53596;41,94421;-1;1;Motociclo con passeggero;In marcia / fermata / arresto;Passeggero;M;Rimandato;0;NON DECEDUTO;;
4436143;4;19/06/2019 14:45:00;Strada Urbana;VIALE JONIO;all'intersezione con;VIA MONTE ROCCHETTA;VIA MONTE ROCCHETTA;;;Scontro frontale/laterale DX fra veicoli in marcia;Intersezione non regolata/non segnalata;Due carreggiate;Asciutto;Asfaltata;Verticale ed orizzontale;Sereno;Normale;Buona;Ore Diurne;2;0;0;2;12,53596;41,94421;-1;1;Motociclo con passeggero;In marcia / fermata / arresto;Conducente;M;Rimandato;0;NON DECEDUTO;;
4436143;4;19/06/2019 14:45:00;Strada Urbana;VIALE JONIO;all'intersezione con;VIA MONTE ROCCHETTA;VIA MONTE ROCCHETTA;;;Scontro frontale/laterale DX fra veicoli in marcia;Intersezione non regolata/non segnalata;Due carreggiate;Asciutto;Asfaltata;Verticale ed orizzontale;Sereno;Normale;Buona;Ore Diurne;2;0;0;2;12,53596;41,94421;-1;2;Autovettura privata;In marcia / fermata / arresto;Conducente;F;Illeso;0;;Non accertato;
4436143;4;19/06/2019 14:45:00;Strada Urbana;VIALE JONIO;all'intersezione con;VIA MONTE ROCCHETTA;VIA MONTE ROCCHETTA;;;Scontro frontale/laterale DX fra veicoli in marcia;Intersezione non regolata/non segnalata;Due carreggiate;Asciutto;Asfaltata;Verticale ed orizzontale;Sereno;Normale;Buona;Ore Diurne;2;0;0;2;12,53596;41,94421;-1;2;Autovettura privata;In marcia / fermata / arresto;Passeggero;F;Illeso;0;;Non accertato;
4436172;1;20/06/2019 10:40:00;Strada Urbana;VIA CASTELFIDARDO;all'intersezione con;VIA GAETA;VIA GAETA;;;Scontro frontale/laterale SX fra veicoli in marcia;Incrocio;Una carreggiata a senso unico di marcia;Asciutto;Asfaltata;Verticale ed orizzontale;Sereno;Normale;Buona;Ore Diurne;0;0;0;2;12,50111;41,90635;-1;1;Autovettura privata;In marcia / fermata / arresto;Conducente;M;Illeso;0;;Non accertato;Inesploso
4436172;1;20/06/2019 10:40:00;Strada Urbana;VIA CASTELFIDARDO;all'intersezione con;VIA GAETA;VIA GAETA;;;Scontro frontale/laterale SX fra veicoli in marcia;Incrocio;Una carreggiata a senso unico di marcia;Asciutto;Asfaltata;Verticale ed orizzontale;Sereno;Normale;Buona;Ore Diurne;0;0;0;2;12,50111;41,90635;-1;2;Autovettura privata;In marcia / fermata / arresto;Conducente;M;Illeso;0;;Non accertato;Inesploso
4436196;1;19/06/2019 13:30:00;Strada Urbana;VIA DELLE TERME DECIANE;in prossimit�;;del civico n.;16;;Veicolo in marcia contro veicolo fermo;Curva senza visuale libera;Una carreggiata a doppio senso;Asciutto;Asfaltata;Verticale ed orizzontale;Sereno;Scarso;Buona;Ore Diurne;1;0;0;1;12,4851;41,88372;-1;1;Autobus urbano;In marcia / fermata / arresto;Conducente;F;Rimandato;0;NON DECEDUTO;;
4436196;1;19/06/2019 13:30:00;Strada Urbana;VIA DELLE TERME DECIANE;in prossimit�;;del civico n.;16;;Veicolo in marcia contro veicolo fermo;Curva senza visuale libera;Una carreggiata a doppio senso;Asciutto;Asfaltata;Verticale ed orizzontale;Sereno;Scarso;Buona;Ore Diurne;1;0;0;1;12,4851;41,88372;-1;2;Autovettura privata;In marcia / fermata / arresto;Conducente;F;Illeso;0;;;
4436203;1;20/06/2019 08:00:00;Strada Urbana;VIA GALVANI;in prossimit�;;del civico n.;67;;Scontro laterale fra veicoli in marcia;Rettilineo;Una carreggiata a doppio senso;Asciutto;Asfaltata;Verticale ed orizzontale;Sereno;Normale;Buona;Ore Diurne;1;0;0;1;12,47468;41,87713;-1;1;Motociclo a solo;In marcia / fermata / arresto;Conducente;M;Rimandato;0;NON DECEDUTO;Non accertato;
4436203;1;20/06/2019 08:00:00;Strada Urbana;VIA GALVANI;in prossimit�;;del civico n.;67;;Scontro laterale fra veicoli in marcia;Rettilineo;Una carreggiata a doppio senso;Asciutto;Asfaltata;Verticale ed orizzontale;Sereno;Normale;Buona;Ore Diurne;1;0;0;1;12,47468;41,87713;-1;2;Autovettura privata;In marcia / fermata / arresto;Conducente;M;Illeso;0;;Non accertato;Inesploso
4436226;1;19/06/2019 15:20:00;Strada Urbana;VIA DOMENICO FONTANA;all'intersezione semaforizzata con;VIA DI S. GIOVANNI IN LATERANO;VIA DI S. GIOVANNI IN LATERANO;;;Scontro laterale fra veicoli in marcia;Intersezione semaforizzata;Una carreggiata a senso unico di marcia;Asciutto;Asfaltata;Verticale ed orizzontale;Sereno;Scarso;Buona;Ore Diurne;0;0;0;2;12,50581;41,8874;-1;1;Autovettura privata;In marcia / fermata / arresto;Conducente;F;Illeso;0;;;
4436226;1;19/06/2019 15:20:00;Strada Urbana;VIA DOMENICO FONTANA;all'intersezione semaforizzata con;VIA DI S. GIOVANNI IN LATERANO;VIA DI S. GIOVANNI IN LATERANO;;;Scontro laterale fra veicoli in marcia;Intersezione semaforizzata;Una carreggiata a senso unico di marcia;Asciutto;Asfaltata;Verticale ed orizzontale;Sereno;Scarso;Buona;Ore Diurne;0;0;0;2;12,50581;41,8874;-1;2;Autovettura privata;In marcia / fermata / arresto;Conducente;M;Illeso;0;;;
4436240;1;19/06/2019 18:35:00;Strada Urbana;PIAZZA DI S. GIOVANNI IN LATERANO;in prossimit�;;del civico n.;4;;Investimento di pedone;Rettilineo;Una carreggiata a doppio senso;Asciutto;Asfaltata;Verticale ed orizzontale;Sereno;Intenso;Buona;Ore Diurne;1;0;0;1;12,50433;41,88615;-1;;;;Pedone;M;Rimandato;0;NON DECEDUTO;;
4436240;1;19/06/2019 18:35:00;Strada Urbana;PIAZZA DI S. GIOVANNI IN LATERANO;in prossimit�;;del civico n.;4;;Investimento di pedone;Rettilineo;Una carreggiata a doppio senso;Asciutto;Asfaltata;Verticale ed orizzontale;Sereno;Intenso;Buona;Ore Diurne;1;0;0;1;12,50433;41,88615;-1;1;Motociclo a solo;In marcia / fermata / arresto;Conducente;M;Illeso;0;;Non accertato;
4436252;19;20/06/2019 13:30:00;Strada Urbana;VIA OTTAVIO ASSAROTTI;da specificare;;;;altezza P.zza Thouar;Scontro laterale fra veicoli in marcia;Rettilineo;Una carreggiata a doppio senso;Asciutto;Asfaltata;Orizzontale;Sereno;Normale;Buona;Ore Diurne;0;0;0;3;12,42242;41,94186;-1;1;Autovettura privata;In marcia / fermata / arresto;Conducente;M;Illeso;0;;;
4436252;19;20/06/2019 13:30:00;Strada Urbana;VIA OTTAVIO ASSAROTTI;da specificare;;;;altezza P.zza Thouar;Scontro laterale fra veicoli in marcia;Rettilineo;Una carreggiata a doppio senso;Asciutto;Asfaltata;Orizzontale;Sereno;Normale;Buona;Ore Diurne;0;0;0;3;12,42242;41,94186;-1;2;Autocarro inferiore 35 q.;In marcia / fermata / arresto;Conducente;M;Illeso;0;;;
4436252;19;20/06/2019 13:30:00;Strada Urbana;VIA OTTAVIO ASSAROTTI;da specificare;;;;altezza P.zza Thouar;Scontro laterale fra veicoli in marcia;Rettilineo;Una carreggiata a doppio senso;Asciutto;Asfaltata;Orizzontale;Sereno;Normale;Buona;Ore Diurne;0;0;0;3;12,42242;41,94186;-1;2;Autocarro inferiore 35 q.;In marcia / fermata / arresto;Passeggero;M;Illeso;0;;;
4436283;11;20/06/2019 15:35:00;Strada Urbana;VIALE GIUSTINIANO IMPERATORE;all'intersezione con;VIA GASPARE GOZZI;VIA GASPARE GOZZI;;;Scontro frontale/laterale SX fra veicoli in marcia;Intersezione stradale segnalata;Due carreggiate;Asciutto;Asfaltata;Verticale ed orizzontale;Sereno;Normale;Buona;Ore Diurne;0;0;0;2;12,47879;41,85661;-1;1;Autovettura privata;In marcia / fermata / arresto;Conducente;M;Illeso;0;;Non accertato;Inesploso
4436283;11;20/06/2019 15:35:00;Strada Urbana;VIALE GIUSTINIANO IMPERATORE;all'intersezione con;VIA GASPARE GOZZI;VIA GASPARE GOZZI;;;Scontro frontale/laterale SX fra veicoli in marcia;Intersezione stradale segnalata;Due carreggiate;Asciutto;Asfaltata;Verticale ed orizzontale;Sereno;Normale;Buona;Ore Diurne;0;0;0;2;12,47879;41,85661;-1;2;Autovettura privata;In marcia / fermata / arresto;Conducente;M;Illeso;0;;Non accertato;Inesploso
4436303;1;19/06/2019 13:05:00;Strada Urbana;VIA DI S. MARCO;da specificare;;;;tratto finale che si immette in L.GO BERLINGUER;Scontro laterale fra veicoli in marcia;Rettilineo;Una carreggiata a senso unico di marcia;Asciutto;Asfaltata;Verticale ed orizzontale;Sereno;Normale;Buona;Ore Diurne;0;0;0;4;12,4809;41,89498;-1;1;Autobus di linea;In marcia / fermata / arresto;Conducente;M;Illeso;0;;Non accertato;Inesploso