Protocollo;Gruppo;DataOraIncidente;Localizzazione1;STRADA1;Localizzazione2;STRADA2;Strada02;Chilometrica;DaSpecificare;NaturaIncidente;particolaritastrade;TipoStrada;FondoStradale;Pavimentazione;Segnaletica;CondizioneAtmosferica;Traffico;Visibilita;Illuminazione;NUM_FERITI;NUM_RISERVATA;NUM_MORTI;NUM_ILLESI;Longitudine;Latitudine;Confermato;Progressivo;TipoVeicolo;StatoVeicolo;TipoPersona;Sesso;Tipolesione;Deceduto;DecedutoDopo;CinturaCascoUtilizzato;Airbag;
4437072;12;20/06/2019 17:30:00;Strada Urbana;VIALE EUROPA;in prossimit�;;del civico n.;17;;Veicolo in marcia contro veicolo arresto;Rettilineo;Una carreggiata a doppio senso;Asciutto;Asfaltata;Verticale ed orizzontale;Sereno;Normale;Buona;Ore Diurne;0;0;0;1;12,46276;41,83292;-1;2;Autovettura privata;Allontanatosi;;;;;;;
4437073;13;20/06/2019 19:20:00;Strada Urbana;VIA FEDERICO BAZZINI;all'intersezione con;VIA ALESSANDRO DAL BOSCO;VIA ALESSANDRO DAL BOSCO;;;Scontro frontale/laterale SX fra veicoli in marcia;Incrocio;Una carreggiata a doppio senso;Asciutto;Asfaltata;Verticale ed orizzontale;Sereno;Normale;Buona;Ore Diurne;2;0;0;0;12,31663;41,75337;-1;1;Autovettura privata;In marcia / fermata / arresto;Conducente;F;Rimandato;0;NON DECEDUTO;;
4437073;13;20/06/2019 19:20:00;Strada Urbana;VIA FEDERICO BAZZINI;all'intersezione con;VIA ALESSANDRO DAL BOSCO;VIA ALESSANDRO DAL BOSCO;;;Scontro frontale/laterale SX fra veicoli in marcia;Incrocio;Una carreggiata a doppio senso;Asciutto;Asfaltata;Verticale ed orizzontale;Sereno;Normale;Buona;Ore Diurne;2;0;0;0;12,31663;41,75337;-1;2;Autovettura privata;In marcia / fermata / arresto;Conducente;M;Rimandato;0;NON DECEDUTO;;Esploso
4437075;9;20/06/2019 11:30:00;Strada Urbana;VIA TUSCOLANA;all'intersezione semaforizzata con;VIA GELA;VIA GELA;;;Scontro laterale fra veicoli in marcia;Intersezione semaforizzata;Una carreggiata a doppio senso;Asciutto;Asfaltata;Verticale ed orizzontale;Sereno;Normale;Buona;Ore Diurne;1;0;0;1;12,52185;41,87945;-1;1;Autovettura privata;In marcia / fermata / arresto;Conducente;M;Illeso;0;;Non accertato;Inesploso
4437075;9;20/06/2019 11:30:00;Strada Urbana;VIA TUSCOLANA;all'intersezione semaforizzata con;VIA GELA;VIA GELA;;;Scontro laterale fra veicoli in marcia;Intersezione semaforizzata;Una carreggiata a doppio senso;Asciutto;Asfaltata;Verticale ed orizzontale;Sereno;Normale;Buona;Ore Diurne;1;0;0;1;12,52185;41,87945;-1;2;Motociclo a solo;In marcia / fermata / arresto;Conducente;M;Rimandato;0;NON DECEDUTO;Non accertato;
4437076;11;21/06/2019 00:20:00;Strada Urbana;VIA GIORGIO BONELLI;all'intersezione con;VIA GUGLIELMO LETTERI;VIA GUGLIELMO LETTERI;;;Scontro laterale fra veicoli in marcia;Intersezione stradale segnalata;Pi� di due carreggiate;Asciutto;Asfaltata;Verticale ed orizzontale;Sereno;Scarso;Sufficiente;Sufficiente;1;0;0;1;12,57488;41,87325;-1;1;Autovettura privata;In marcia / fermata / arresto;Conducente;F;Rifiuta cure immediate;0;NON DECEDUTO;;
4437076;11;21/06/2019 00:20:00;Strada Urbana;VIA GIORGIO BONELLI;all'intersezione con;VIA GUGLIELMO LETTERI;VIA GUGLIELMO LETTERI;;;Scontro laterale fra veicoli in marcia;Intersezione stradale segnalata;Pi� di due carreggiate;Asciutto;Asfaltata;Verticale ed orizzontale;Sereno;Scarso;Sufficiente;Sufficiente;1;0;0;1;12,57488;41,87325;-1;2;Autovettura privata;In marcia / fermata / arresto;Conducente;M;Illeso;0;;;
4437077;6;20/06/2019 18:45:00;Strada Urbana;VIALE GIOVANNI BATTISTA VALENTE;in corrispondenza;;del civico n.;175;;Scontro laterale fra veicoli in marcia;Rettilineo;Una carreggiata a doppio senso;Asciutto;Asfaltata;Verticale;Sereno;Normale;Buona;Ore Diurne;0;0;0;2;12,56651;41,89951;-1;1;Autovettura privata;In marcia / fermata / arresto;Conducente;M;Illeso;0;;;
4437077;6;20/06/2019 18:45:00;Strada Urbana;VIALE GIOVANNI BATTISTA VALENTE;in corrispondenza;;del civico n.;175;;Scontro laterale fra veicoli in marcia;Rettilineo;Una carreggiata a doppio senso;Asciutto;Asfaltata;Verticale;Sereno;Normale;Buona;Ore Diurne;0;0;0;2;12,56651;41,89951;-1;2;Motociclo a solo;In marcia / fermata / arresto;Conducente;M;Illeso;0;;;
4437080;5;20/06/2019 11:40:00;;VIA DEI MONTI DI PIETRALATA;da specificare;;;;prossimita' Via La Mentorella;Scontro laterale fra veicoli in marcia;;;;;;;;;;0;0;0;0;12,53292;41,92589;0;1;Autovettura privata;In marcia / fermata / arresto;;;;;;;
4437080;5;20/06/2019 11:40:00;;VIA DEI MONTI DI PIETRALATA;da specificare;;;;prossimita' Via La Mentorella;Scontro laterale fra veicoli in marcia;;;;;;;;;;0;0;0;0;12,53292;41,92589;0;2;Autovettura privata;Allontanatosi;;;;;;;
4437085;9;20/06/2019 16:20:00;Strada Urbana;VIA ALGHERO;in prossimit�;;del civico n.;6;;Investimento di pedone;Rettilineo;Una carreggiata a doppio senso;Asciutto;Asfaltata;Verticale ed orizzontale;Sereno;Normale;Buona;Ore Diurne;1;0;0;1;12,52131;41,88669;-1;;;;Pedone;F;Rimandato;0;NON DECEDUTO;;
4437085;9;20/06/2019 16:20:00;Strada Urbana;VIA ALGHERO;in prossimit�;;del civico n.;6;;Investimento di pedone;Rettilineo;Una carreggiata a doppio senso;Asciutto;Asfaltata;Verticale ed orizzontale;Sereno;Normale;Buona;Ore Diurne;1;0;0;1;12,52131;41,88669;-1;1;Motociclo a solo;In marcia / fermata / arresto;Conducente;M;Illeso;0;;Non accertato;
4437088;1;21/06/2019 03:00:00;Strada Urbana;VIA DEGLI ANNIBALDI;in prossimit�;;del civico n.;8;;Veicolo in marcia contro veicolo in sosta;Rettilineo;Una carreggiata a senso unico di marcia;Asciutto;Asfaltata;Verticale ed orizzontale;Sereno;Scarso;Sufficiente;Sufficiente;0;0;0;1;12,4915;41,89291;-1;1;Autovettura privata;In marcia / fermata / arresto;Conducente;F;Illeso;0;;Non accertato;
4437088;1;21/06/2019 03:00:00;Strada Urbana;VIA DEGLI ANNIBALDI;in prossimit�;;del civico n.;8;;Veicolo in marcia contro veicolo in sosta;Rettilineo;Una carreggiata a senso unico di marcia;Asciutto;Asfaltata;Verticale ed orizzontale;Sereno;Scarso;Sufficiente;Sufficiente;0;0;0;1;12,4915;41,89291;-1;2;Autovettura privata;Sosta;;;;;;;
4437089;9;21/06/2019 03:40:00;Strada Urbana;VIA TUSCOLANA;in corrispondenza;;del civico n.;1040;;Veicolo in marcia contro veicoli in sosta;Rettilineo;Una carreggiata a senso unico di marcia;Asciutto;Asfaltata;Verticale ed orizzontale;Sereno;Scarso;Sufficiente;Sufficiente;1;0;0;0;12,55659;41,85983;-1;1;Autovettura privata;In marcia / fermata / arresto;Conducente;M;Rimandato;0;NON DECEDUTO;Non accertato;Esploso
4437089;9;21/06/2019 03:40:00;Strada Urbana;VIA TUSCOLANA;in corrispondenza;;del civico n.;1040;;Veicolo in marcia contro veicoli in sosta;Rettilineo;Una carreggiata a senso unico di marcia;Asciutto;Asfaltata;Verticale ed orizzontale;Sereno;Scarso;Sufficiente;Sufficiente;1;0;0;0;12,55659;41,85983;-1;2;Autovettura privata;Sosta;;;;;;;
4437089;9;21/06/2019 03:40:00;Strada Urbana;VIA TUSCOLANA;in corrispondenza;;del civico n.;1040;;Veicolo in marcia contro veicoli in sosta;Rettilineo;Una carreggiata a senso unico di marcia;Asciutto;Asfaltata;Verticale ed orizzontale;Sereno;Scarso;Sufficiente;Sufficiente;1;0;0;0;12,55659;41,85983;-1;3;Autovettura privata;Sosta;;;;;;;
4437089;9;21/06/2019 03:40:00;Strada Urbana;VIA TUSCOLANA;in corrispondenza;;del civico n.;1040;;Veicolo in marcia contro veicoli in sosta;Rettilineo;Una carreggiata a senso unico di marcia;Asciutto;Asfaltata;Verticale ed orizzontale;Sereno;Scarso;Sufficiente;Sufficiente;1;0;0;0;12,55659;41,85983;-1;4;Autovettura privata;Sosta;;;;;;;
4437089;9;21/06/2019 03:40:00;Strada Urbana;VIA TUSCOLANA;in corrispondenza;;del civico n.;1040;;Veicolo in marcia contro veicoli in sosta;Rettilineo;Una carreggiata a senso unico di marcia;Asciutto;Asfaltata;Verticale ed orizzontale;Sereno;Scarso;Sufficiente;Sufficiente;1;0;0;0;12,55659;41,85983;-1;5;Autovettura privata;Sosta;;;;;;;
4437089;9;21/06/2019 03:40:00;Strada Urbana;VIA TUSCOLANA;in corrispondenza;;del civico n.;1040;;Veicolo in marcia contro veicoli in sosta;Rettilineo;Una carreggiata a senso unico di marcia;Asciutto;Asfaltata;Verticale ed orizzontale;Sereno;Scarso;Sufficiente;Sufficiente;1;0;0;0;12,55659;41,85983;-1;6;Autovettura privata;Sosta;;;;;;;
4437090;20;20/06/2019 18:35:00;Regionale entro l'abitato;VIA CASSIA;in corrispondenza;;del civico n.;1418;;Scontro frontale/laterale SX fra veicoli in marcia;Rettilineo;Una carreggiata a doppio senso;Asciutto;Asfaltata;Orizzontale;Sereno;Normale;Buona;Ore Diurne;0;0;0;2;12,39713;41,99113;-1;1;Autovettura privata;In marcia / fermata / arresto;Conducente;F;Illeso;0;;Non accertato;Inesploso
4437090;20;20/06/2019 18:35:00;Regionale entro l'abitato;VIA CASSIA;in corrispondenza;;del civico n.;1418;;Scontro frontale/laterale SX fra veicoli in marcia;Rettilineo;Una carreggiata a doppio senso;Asciutto;Asfaltata;Orizzontale;Sereno;Normale;Buona;Ore Diurne;0;0;0;2;12,39713;41,99113;-1;2;Autovettura privata;In marcia / fermata / arresto;Conducente;M;Illeso;0;;Non accertato;Inesploso
4437096;5;20/06/2019 15:15:00;Strada Urbana;VIA COLLI SUL VELINO;da specificare;;;;prossimit� rotatoria Tiburtina ;Scontro frontale/laterale SX fra veicoli in marcia;Rettilineo;Una carreggiata a doppio senso;Asciutto;Asfaltata;Verticale ed orizzontale;Sereno;Normale;Buona;Ore Diurne;0;0;0;2;12,62434;41,93739;-1;1;Motociclo a solo;In marcia / fermata / arresto;Conducente;M;Illeso;0;;Non accertato;
4437096;5;20/06/2019 15:15:00;Strada Urbana;VIA COLLI SUL VELINO;da specificare;;;;prossimit� rotatoria Tiburtina ;Scontro frontale/laterale SX fra veicoli in marcia;Rettilineo;Una carreggiata a doppio senso;Asciutto;Asfaltata;Verticale ed orizzontale;Sereno;Normale;Buona;Ore Diurne;0;0;0;2;12,62434;41,93739;-1;2;Autovettura privata;In marcia / fermata / arresto;Conducente;M;Illeso;0;;Non accertato;
4437113;20;20/06/2019 10:00:00;Strada Urbana;VIALE DI TOR DI QUINTO;in prossimit�;;del civico n.;35 j;;Investimento di pedone;Rettilineo;Una carreggiata a doppio senso;Asciutto;Asfaltata;Verticale ed orizzontale;Sereno;Intenso;Buona;Ore Diurne;1;0;0;1;12,46954;41,93736;-1;;;;Pedone;F;Rimandato;0;NON DECEDUTO;;
4437113;20;20/06/2019 10:00:00;Strada Urbana;VIALE DI TOR DI QUINTO;in prossimit�;;del civico n.;35 j;;Investimento di pedone;Rettilineo;Una carreggiata a doppio senso;Asciutto;Asfaltata;Verticale ed orizzontale;Sereno;Intenso;Buona;Ore Diurne;1;0;0;1;12,46954;41,93736;-1;1;Motociclo a solo;In marcia / fermata / arresto;Conducente;M;Illeso;0;;Non accertato;
4437115;17;19/06/2019 11:45:00;Strada Urbana;PIAZZA GIUSEPPE MAZZINI;da specificare;;;;fronte VIA SABOTINO;Scontro frontale/laterale SX fra veicoli in marcia;Rotatoria;Una carreggiata a senso unico di marcia;Asciutto;Asfaltata;Verticale ed orizzontale;Sereno;Normale;Buona;Ore Diurne;1;0;0;2;12,46292;41,91614;-1;1;Autovettura privata;In marcia / fermata / arresto;Passeggero;F;Illeso;0;;;
4437115;17;19/06/2019 11:45:00;Strada Urbana;PIAZZA GIUSEPPE MAZZINI;da specificare;;;;fronte VIA SABOTINO;Scontro frontale/laterale SX fra veicoli in marcia;Rotatoria;Una carreggiata a senso unico di marcia;Asciutto;Asfaltata;Verticale ed orizzontale;Sereno;Normale;Buona;Ore Diurne;1;0;0;2;12,46292;41,91614;-1;1;Autovettura privata;In marcia / fermata / arresto;Conducente;M;Illeso;0;;;
4437115;17;19/06/2019 11:45:00;Strada Urbana;PIAZZA GIUSEPPE MAZZINI;da specificare;;;;fronte VIA SABOTINO;Scontro frontale/laterale SX fra veicoli in marcia;Rotatoria;Una carreggiata a senso unico di marcia;Asciutto;Asfaltata;Verticale ed orizzontale;Sereno;Normale;Buona;Ore Diurne;1;0;0;2;12,46292;41,91614;-1;2;Motociclo a solo;In marcia / fermata / arresto;Conducente;F;Rimandato;0;NON DECEDUTO;;
4437118;7;20/06/2019 22:00:00;Strada Urbana;VIALE BRUNO RIZZIERI;in corrispondenza;;del civico n.;200;;Veicolo in marcia contro ostacolo accidentale;Rettilineo;Due carreggiate;Asciutto;Asfaltata;Assente;Sereno;Scarso;Buona;Insufficiente;1;0;0;0;12,58973;41,8525;-1;1;Motociclo a solo;In marcia / fermata / arresto;Conducente;M;Ricoverato;0;NON DECEDUTO;;
4437120;4;20/06/2019 08:45:00;Strada Urbana;VIA ARTURO GRAF;all'intersezione semaforizzata con;PIAZZA GIUSEPPE PRIMOLI;PIAZZA GIUSEPPE PRIMOLI;;;Scontro frontale/laterale SX fra veicoli in marcia;Intersezione semaforizzata;Due carreggiate;Asciutto;Asfaltata;Verticale ed orizzontale;Sereno;Normale;Buona;Ore Diurne;0;0;0;3;12,5525;41,94284;-1;1;Autovettura privata;In marcia / fermata / arresto;Passeggero;F;Illeso;0;;;
4437120;4;20/06/2019 08:45:00;Strada Urbana;VIA ARTURO GRAF;all'intersezione semaforizzata con;PIAZZA GIUSEPPE PRIMOLI;PIAZZA GIUSEPPE PRIMOLI;;;Scontro frontale/laterale SX fra veicoli in marcia;Intersezione semaforizzata;Due carreggiate;Asciutto;Asfaltata;Verticale ed orizzontale;Sereno;Normale;Buona;Ore Diurne;0;0;0;3;12,5525;41,94284;-1;1;Autovettura privata;In marcia / fermata / arresto;Conducente;F;Illeso;0;;;
4437120;4;20/06/2019 08:45:00;Strada Urbana;VIA ARTURO GRAF;all'intersezione semaforizzata con;PIAZZA GIUSEPPE PRIMOLI;PIAZZA GIUSEPPE PRIMOLI;;;Scontro frontale/laterale SX fra veicoli in marcia;Intersezione semaforizzata;Due carreggiate;Asciutto;Asfaltata;Verticale ed orizzontale;Sereno;Normale;Buona;Ore Diurne;0;0;0;3;12,5525;41,94284;-1;2;Autovettura privata;In marcia / fermata / arresto;Conducente;M;Illeso;0;;;
4437122;20;20/06/2019 13:00:00;Strada Urbana;CORSO DI FRANCIA;in prossimit�;;del civico n.;121;;Tamponamento;Rettilineo;Due carreggiate;Asciutto;Asfaltata;Verticale ed orizzontale;Sereno;Normale;Buona;Ore Diurne;0;0;0;2;12,47044;41,94185;-1;1;Autovettura privata;In marcia / fermata / arresto;Conducente;M;Illeso;0;;;
4437122;20;20/06/2019 13:00:00;Strada Urbana;CORSO DI FRANCIA;in prossimit�;;del civico n.;121;;Tamponamento;Rettilineo;Due carreggiate;Asciutto;Asfaltata;Verticale ed orizzontale;Sereno;Normale;Buona;Ore Diurne;0;0;0;2;12,47044;41,94185;-1;2;Autovettura privata;In marcia / fermata / arresto;Conducente;M;Illeso;0;;;
4437123;10;20/06/2019 13:10:00;Strada Urbana;VIA APPIA NUOVA;da specificare;;;;svincolo direzione GRA - ARDEATINA - AEROPORTO;Veicolo in marcia contro ostacolo accidentale;Curva a visuale libera;Una carreggiata a senso unico di marcia;Asciutto;Asfaltata;Verticale ed orizzontale;Sereno;Normale;Buona;Ore Diurne;0;0;0;1;12,57172;41,81337;-1;1;Motociclo con passeggero;In marcia / fermata / arresto;Conducente;M;Illeso;0;;Non accertato;
4437125;10;20/06/2019 19:00:00;Strada Urbana;VIA TUSCOLANA;da specificare;;;;dir. ROMA Centro altezza Viadotto G.R.A.;Veicolo in marcia contro ostacolo accidentale;Rettilineo;Due carreggiate;Asciutto;Asfaltata;Verticale ed orizzontale;Sereno;Intenso;Sufficiente;Ore Diurne;0;0;0;1;12,59177;41,83977;-1;1;Autovettura privata;In marcia / fermata / arresto;Conducente;M;Illeso;0;;Non accertato;Inesploso
4437168;4;20/06/2019 15:45:00;Provinciale;VIA NOMENTANA;in corrispondenza;;della chilometrica;13;;Scontro frontale fra veicoli in marcia;Rettilineo;Una carreggiata a doppio senso;Asciutto;Asfaltata;Verticale ed orizzontale;Sereno;Intenso;Buona;Ore Diurne;2;0;0;0;12,57281;41,95789;-1;1;Autovettura privata;In marcia / fermata / arresto;Conducente;M;Rimandato;0;NON DECEDUTO;Non accertato;
4437168;4;20/06/2019 15:45:00;Provinciale;VIA NOMENTANA;in corrispondenza;;della chilometrica;13;;Scontro frontale fra veicoli in marcia;Rettilineo;Una carreggiata a doppio senso;Asciutto;Asfaltata;Verticale ed orizzontale;Sereno;Intenso;Buona;Ore Diurne;2;0;0;0;12,57281;41,95789;-1;2;Autovettura privata;In marcia / fermata / arresto;Conducente;F;Rimandato;0;NON DECEDUTO;Non accertato;Esploso
4437173;4;21/06/2019 01:50:00;Strada Urbana;VIALE BRUNO BUOZZI;in corrispondenza;;del civico n.;56;;Scontro laterale fra veicoli in marcia;Rettilineo;Una carreggiata a doppio senso;Asciutto;Asfaltata;Orizzontale;Sereno;Scarso;Buona;Sufficiente;0;0;0;3;12,48326;41,92215;-1;1;Autovettura privata;In marcia / fermata / arresto;Conducente;M;Illeso;0;;;
4437173;4;21/06/2019 01:50:00;Strada Urbana;VIALE BRUNO BUOZZI;in corrispondenza;;del civico n.;56;;Scontro laterale fra veicoli in marcia;Rettilineo;Una carreggiata a doppio senso;Asciutto;Asfaltata;Orizzontale;Sereno;Scarso;Buona;Sufficiente;0;0;0;3;12,48326;41,92215;-1;2;Motociclo con passeggero;In marcia / fermata / arresto;Conducente;M;Illeso;0;;;
4437173;4;21/06/2019 01:50:00;Strada Urbana;VIALE BRUNO BUOZZI;in corrispondenza;;del civico n.;56;;Scontro laterale fra veicoli in marcia;Rettilineo;Una carreggiata a doppio senso;Asciutto;Asfaltata;Orizzontale;Sereno;Scarso;Buona;Sufficiente;0;0;0;3;12,48326;41,92215;-1;2;Motociclo con passeggero;In marcia / fermata / arresto;Passeggero;M;Illeso;0;;;
4437203;4;20/06/2019 13:45:00;Statale;VIA SALARIA;da specificare;;;;prossimit� svincolo G.R.A.;Tamponamento Multiplo;Rettilineo;Due carreggiate;Asciutto;Asfaltata;Verticale ed orizzontale;Sereno;Normale;Buona;Ore Diurne;2;0;0;2;12,51412;41,99226;-1;1;Autovettura privata;In marcia / fermata / arresto;Conducente;M;Illeso;0;;;
4437203;4;20/06/2019 13:45:00;Statale;VIA SALARIA;da specificare;;;;prossimit� svincolo G.R.A.;Tamponamento Multiplo;Rettilineo;Due carreggiate;Asciutto;Asfaltata;Verticale ed orizzontale;Sereno;Normale;Buona;Ore Diurne;2;0;0;2;12,51412;41,99226;-1;2;Autovettura privata;In marcia / fermata / arresto;Passeggero;F;Rimandato;0;NON DECEDUTO;;
4437203;4;20/06/2019 13:45:00;Statale;VIA SALARIA;da specificare;;;;prossimit� svincolo G.R.A.;Tamponamento Multiplo;Rettilineo;Due carreggiate;Asciutto;Asfaltata;Verticale ed orizzontale;Sereno;Normale;Buona;Ore Diurne;2;0;0;2;12,51412;41,99226;-1;2;Autovettura privata;In marcia / fermata / arresto;Conducente;F;Rifiuta cure immediate;0;NON DECEDUTO;;
4437203;4;20/06/2019 13:45:00;Statale;VIA SALARIA;da specificare;;;;prossimit� svincolo G.R.A.;Tamponamento Multiplo;Rettilineo;Due carreggiate;Asciutto;Asfaltata;Verticale ed orizzontale;Sereno;Normale;Buona;Ore Diurne;2;0;0;2;12,51412;41,99226;-1;3;Autocarro inferiore 35 q.;In marcia / fermata / arresto;Conducente;M;Illeso;0;;;
4437220;19;20/06/2019 17:15:00;Comunale extraurbana;VIA DEL CASALE DI S. ANGELO;da specificare;;;;in proissimit� Km 11.300;Fuoriuscita dalla sede stradale;Rettilineo;Una carreggiata a doppio senso;Asciutto;Asfaltata;Verticale ed orizzontale;Sereno;Scarso;Buona;Ore Diurne;1;0;0;0;12,43377;41,94888;-1;1;Motociclo a solo;In marcia / fermata / arresto;Conducente;M;Ricoverato;0;NON DECEDUTO;;
4437240;5;20/06/2019 15:15:00;Strada Urbana;VIA DI CERVARA;in corrispondenza;;del civico n.;133;;Tamponamento;Rettilineo;Una carreggiata a doppio senso;Asciutto;Asfaltata;Assente;Sereno;Normale;Buona;Ore Diurne;0;0;0;2;12,60002;41,91722;-1;1;Autovettura privata;In marcia / fermata / arresto;Conducente;M;Illeso;0;;Non accertato;Inesploso
4437240;5;20/06/2019 15:15:00;Strada Urbana;VIA DI CERVARA;in corrispondenza;;del civico n.;133;;Tamponamento;Rettilineo;Una carreggiata a doppio senso;Asciutto;Asfaltata;Assente;Sereno;Normale;Buona;Ore Diurne;0;0;0;2;12,60002;41,91722;-1;2;Autovettura privata;In marcia / fermata / arresto;Conducente;M;Illeso;0;;Non accertato;Inesploso
4437242;17;20/06/2019 11:10:00;Strada Urbana;VIALE ANGELICO;all'intersezione semaforizzata con;VIALE CARSO;VIALE CARSO;;;Scontro frontale/laterale SX fra veicoli in marcia;Intersezione semaforizzata;Pi� di due carreggiate;Asciutto;Asfaltata;Verticale ed orizzontale;Sereno;Normale;Buona;Ore Diurne;2;0;0;1;12,45875;41,91895;-1;1;Motociclo a solo;In marcia / fermata / arresto;Conducente;M;Rimandato;0;NON DECEDUTO;;
4437242;17;20/06/2019 11:10:00;Strada Urbana;VIALE ANGELICO;all'intersezione semaforizzata con;VIALE CARSO;VIALE CARSO;;;Scontro frontale/laterale SX fra veicoli in marcia;Intersezione semaforizzata;Pi� di due carreggiate;Asciutto;Asfaltata;Verticale ed orizzontale;Sereno;Normale;Buona;Ore Diurne;2;0;0;1;12,45875;41,91895;-1;2;Autovettura privata;In marcia / fermata / arresto;Passeggero;F;Illeso;0;;Non accertato;
4437242;17;20/06/2019 11:10:00;Strada Urbana;VIALE ANGELICO;all'intersezione semaforizzata con;VIALE CARSO;VIALE CARSO;;;Scontro frontale/laterale SX fra veicoli in marcia;Intersezione semaforizzata;Pi� di due carreggiate;Asciutto;Asfaltata;Verticale ed orizzontale;Sereno;Normale;Buona;Ore Diurne;2;0;0;1;12,45875;41,91895;-1;2;Autovettura privata;In marcia / fermata / arresto;Conducente;M;Rimandato;0;NON DECEDUTO;;
4437244;8;20/06/2019 07:00:00;Strada Urbana;VIA PEDICA DI TOR ANGELA;all'intersezione con;VIA PRENESTINA;VIA PRENESTINA;;;Tamponamento Multiplo;Incrocio;Una carreggiata a doppio senso;Asciutto;Asfaltata;Verticale;Sereno;Intenso;Buona;Ore Diurne;0;0;0;3;12,62919;41,89188;-1;1;Autovettura privata;In marcia / fermata / arresto;Conducente;M;Illeso;0;;Non accertato;Inesploso
4437244;8;20/06/2019 07:00:00;Strada Urbana;VIA PEDICA DI TOR ANGELA;all'intersezione con;VIA PRENESTINA;VIA PRENESTINA;;;Tamponamento Multiplo;Incrocio;Una carreggiata a doppio senso;Asciutto;Asfaltata;Verticale;Sereno;Intenso;Buona;Ore Diurne;0;0;0;3;12,62919;41,89188;-1;2;Autovettura privata;In marcia / fermata / arresto;Conducente;M;Illeso;0;;Non accertato;Inesploso
4437244;8;20/06/2019 07:00:00;Strada Urbana;VIA PEDICA DI TOR ANGELA;all'intersezione con;VIA PRENESTINA;VIA PRENESTINA;;;Tamponamento Multiplo;Incrocio;Una carreggiata a doppio senso;Asciutto;Asfaltata;Verticale;Sereno;Intenso;Buona;Ore Diurne;0;0;0;3;12,62919;41,89188;-1;3;Autovettura privata;In marcia / fermata / arresto;Conducente;M;Illeso;0;;Non accertato;Inesploso
4437245;5;20/06/2019 15:35:00;Strada Urbana;VIA TIBURTINA;in corrispondenza;;del civico n.;1143;;Scontro laterale fra veicoli in marcia;Rettilineo;Due carreggiate;Asciutto;Asfaltata;Verticale ed orizzontale;Nuvoloso;Normale;Buona;Ore Diurne;0;0;0;2;12,59462;41,93266;-1;1;Motociclo a solo;In marcia / fermata / arresto;Conducente;M;Illeso;0;;Non accertato;
4437245;5;20/06/2019 15:35:00;Strada Urbana;VIA TIBURTINA;in corrispondenza;;del civico n.;1143;;Scontro laterale fra veicoli in marcia;Rettilineo;Due carreggiate;Asciutto;Asfaltata;Verticale ed orizzontale;Nuvoloso;Normale;Buona;Ore Diurne;0;0;0;2;12,59462;41,93266;-1;2;Autovettura privata;In marcia / fermata / arresto;Conducente;F;Illeso;0;;Non accertato;
4437251;5;21/06/2019;Strada Urbana;VIA COLLATINA;da specificare;;;;altezza palo luce 615;Fuoriuscita dalla sede stradale;Rettilineo;Una carreggiata a doppio senso;Asciutto;Asfaltata;Orizzontale;Sereno;Scarso;Sufficiente;Sufficiente;0;0;0;1;12,61514;41,90416;-1;1;Autovettura privata;Allontanatosi;Conducente;M;Illeso;0;;;
4437254;4;20/06/2019 16:50:00;Strada Urbana;VIA CONCA D'ORO;all'intersezione con;VIA VAL GRANA;VIA VAL GRANA;;;Scontro laterale fra veicoli in marcia;Incrocio;Una carreggiata a doppio senso;Asciutto;Asfaltata;Verticale ed orizzontale;Sereno;Normale;Buona;Ore Diurne;0;1;0;1;12,52024;41,94308;-1;1;Autovettura privata;In marcia / fermata / arresto;Conducente;M;Illeso;0;;;
4437254;4;20/06/2019 16:50:00;Strada Urbana;VIA CONCA D'ORO;all'intersezione con;VIA VAL GRANA;VIA VAL GRANA;;;Scontro laterale fra veicoli in marcia;Incrocio;Una carreggiata a doppio senso;Asciutto;Asfaltata;Verticale ed orizzontale;Sereno;Normale;Buona;Ore Diurne;0;1;0;1;12,52024;41,94308;-1;2;Motociclo a solo;In marcia / fermata / arresto;Conducente;M;Prognosi riservata;0;NON DECEDUTO;;
4437254;4;20/06/2019 16:50:00;Strada Urbana;VIA CONCA D'ORO;all'intersezione con;VIA VAL GRANA;VIA VAL GRANA;;;Scontro laterale fra veicoli in marcia;Incrocio;Una carreggiata a doppio senso;Asciutto;Asfaltata;Verticale ed orizzontale;Sereno;Normale;Buona;Ore Diurne;0;1;0;1;12,52024;41,94308;-1;3;Autovettura privata;Sosta;;;;;;;
4437281;1;20/06/2019 15:00:00;Strada Urbana;VIA MARMORATA;in corrispondenza;;del palo luce n.;28;;Veicolo in marcia contro ostacolo fisso;Rettilineo;Una carreggiata a doppio senso;Asciutto;Asfaltata;Verticale ed orizzontale;Sereno;Normale;Buona;Ore Diurne;1;0;0;0;12,4784;41,87981;-1;1;Autovettura privata;In marcia / fermata / arresto;Conducente;M;Rimandato;0;NON DECEDUTO;Non accertato;
4437281;1;20/06/2019 15:00:00;Strada Urbana;VIA MARMORATA;in corrispondenza;;del palo luce n.;28;;Veicolo in marcia contro ostacolo fisso;Rettilineo;Una carreggiata a doppio senso;Asciutto;Asfaltata;Verticale ed orizzontale;Sereno;Normale;Buona;Ore Diurne;1;0;0;0;12,4784;41,87981;-1;2;Autovettura privata;Sosta;;;;;;;
4437284;17;20/06/2019 18:18:00;Strada Urbana;VIA DEGLI SCIPIONI;all'intersezione con;VIA DUILIO;VIA DUILIO;;;Scontro frontale/laterale SX fra veicoli in marcia;Incrocio;Una carreggiata a senso unico di marcia;Asciutto;Asfaltata;Verticale ed orizzontale;Sereno;Normale;Buona;Ore Diurne;0;0;0;5;12,46419;41,91007;0;1;Autovettura privata;In marcia / fermata / arresto;Passeggero;F;Illeso;0;;Utilizzato;