Protocollo;Gruppo;DataOraIncidente;Localizzazione1;STRADA1;Localizzazione2;STRADA2;Strada02;Chilometrica;DaSpecificare;NaturaIncidente;particolaritastrade;TipoStrada;FondoStradale;Pavimentazione;Segnaletica;CondizioneAtmosferica;Traffico;Visibilita;Illuminazione;NUM_FERITI;NUM_RISERVATA;NUM_MORTI;NUM_ILLESI;Longitudine;Latitudine;Confermato;Progressivo;TipoVeicolo;StatoVeicolo;TipoPersona;Sesso;Tipolesione;Deceduto;DecedutoDopo;CinturaCascoUtilizzato;Airbag;
4440579;15;22/06/2019 15:05:00;Strada Urbana;VIA GEROLAMO CARDANO;in prossimit�;;del civico n.;180;;Infortunio per sola frenata improvvisa;Rettilineo;Una carreggiata a doppio senso;Asciutto;Asfaltata;Assente;Sereno;Normale;Buona;Ore Diurne;1;0;0;3;12,46439;41,8625;-1;1;Autovettura privata;In marcia / fermata / arresto;Passeggero;F;Illeso;0;;Non accertato;Inesploso
4440579;15;22/06/2019 15:05:00;Strada Urbana;VIA GEROLAMO CARDANO;in prossimit�;;del civico n.;180;;Infortunio per sola frenata improvvisa;Rettilineo;Una carreggiata a doppio senso;Asciutto;Asfaltata;Assente;Sereno;Normale;Buona;Ore Diurne;1;0;0;3;12,46439;41,8625;-1;2;Motociclo a solo;In marcia / fermata / arresto;Conducente;M;Rimandato;0;NON DECEDUTO;Utilizzato;
4440729;10;21/06/2019 12:45:00;Strada Urbana;VIA LUCIO TREBELLIO;all'intersezione con;VIA LATTARICO;VIA LATTARICO;;;Scontro frontale/laterale DX fra veicoli in marcia;Incrocio;Una carreggiata a senso unico di marcia;Asciutto;Asfaltata;Verticale;Sereno;Scarso;Sufficiente;Ore Diurne;0;0;0;2;12,61245;41,82281;-1;1;Autovettura privata;In marcia / fermata / arresto;Conducente;M;Illeso;0;;Non accertato;
4440729;10;21/06/2019 12:45:00;Strada Urbana;VIA LUCIO TREBELLIO;all'intersezione con;VIA LATTARICO;VIA LATTARICO;;;Scontro frontale/laterale DX fra veicoli in marcia;Incrocio;Una carreggiata a senso unico di marcia;Asciutto;Asfaltata;Verticale;Sereno;Scarso;Sufficiente;Ore Diurne;0;0;0;2;12,61245;41,82281;-1;2;Autocarro inferiore 35 q.;In marcia / fermata / arresto;Conducente;M;Illeso;0;;Non accertato;
4440729;10;21/06/2019 12:45:00;Strada Urbana;VIA LUCIO TREBELLIO;all'intersezione con;VIA LATTARICO;VIA LATTARICO;;;Scontro frontale/laterale DX fra veicoli in marcia;Incrocio;Una carreggiata a senso unico di marcia;Asciutto;Asfaltata;Verticale;Sereno;Scarso;Sufficiente;Ore Diurne;0;0;0;2;12,61245;41,82281;-1;3;Autovettura privata;Sosta;;;;;;;
4440740;10;21/06/2019 23:55:00;Strada Urbana;VIA TUSCOLANA;in corrispondenza;;del civico n.;422;;Veicolo in marcia contro veicoli in sosta;Rettilineo;Due carreggiate;Asciutto;Asfaltata;Verticale ed orizzontale;Sereno;Normale;Sufficiente;Sufficiente;0;0;0;1;12,53183;41,87273;-1;1;Autovettura privata;In marcia / fermata / arresto;Conducente;M;Illeso;0;;Non accertato;Inesploso
4440740;10;21/06/2019 23:55:00;Strada Urbana;VIA TUSCOLANA;in corrispondenza;;del civico n.;422;;Veicolo in marcia contro veicoli in sosta;Rettilineo;Due carreggiate;Asciutto;Asfaltata;Verticale ed orizzontale;Sereno;Normale;Sufficiente;Sufficiente;0;0;0;1;12,53183;41,87273;-1;2;Autovettura privata;Sosta;;;;;;;
4440740;10;21/06/2019 23:55:00;Strada Urbana;VIA TUSCOLANA;in corrispondenza;;del civico n.;422;;Veicolo in marcia contro veicoli in sosta;Rettilineo;Due carreggiate;Asciutto;Asfaltata;Verticale ed orizzontale;Sereno;Normale;Sufficiente;Sufficiente;0;0;0;1;12,53183;41,87273;-1;3;Autovettura privata;Sosta;;;;;;;
4440740;10;21/06/2019 23:55:00;Strada Urbana;VIA TUSCOLANA;in corrispondenza;;del civico n.;422;;Veicolo in marcia contro veicoli in sosta;Rettilineo;Due carreggiate;Asciutto;Asfaltata;Verticale ed orizzontale;Sereno;Normale;Sufficiente;Sufficiente;0;0;0;1;12,53183;41,87273;-1;4;Autovettura privata;Sosta;;;;;;;
4440741;10;21/06/2019 20:00:00;Strada Urbana;VIA GALLARATE;all'intersezione semaforizzata con;VIA CASILINA VECCHIA;VIA CASILINA VECCHIA;;;Scontro laterale fra veicoli in marcia;Intersezione semaforizzata;Una carreggiata a doppio senso;Asciutto;Asfaltata;Verticale ed orizzontale;Sereno;Normale;Buona;Sufficiente;0;0;0;3;12,522;41,88796;-1;1;Autovettura privata;In marcia / fermata / arresto;Passeggero;F;Illeso;0;;Non accertato;Inesploso
4440741;10;21/06/2019 20:00:00;Strada Urbana;VIA GALLARATE;all'intersezione semaforizzata con;VIA CASILINA VECCHIA;VIA CASILINA VECCHIA;;;Scontro laterale fra veicoli in marcia;Intersezione semaforizzata;Una carreggiata a doppio senso;Asciutto;Asfaltata;Verticale ed orizzontale;Sereno;Normale;Buona;Sufficiente;0;0;0;3;12,522;41,88796;-1;1;Autovettura privata;In marcia / fermata / arresto;Conducente;M;Illeso;0;;Non accertato;Inesploso
4440741;10;21/06/2019 20:00:00;Strada Urbana;VIA GALLARATE;all'intersezione semaforizzata con;VIA CASILINA VECCHIA;VIA CASILINA VECCHIA;;;Scontro laterale fra veicoli in marcia;Intersezione semaforizzata;Una carreggiata a doppio senso;Asciutto;Asfaltata;Verticale ed orizzontale;Sereno;Normale;Buona;Sufficiente;0;0;0;3;12,522;41,88796;-1;2;Autovettura privata;In marcia / fermata / arresto;Conducente;F;Illeso;0;;Non accertato;Inesploso
4440745;10;21/06/2019 17:30:00;Strada Urbana;VIA TUSCOLANA;in prossimit�;;del civico n.;1062;;Tamponamento;Rettilineo;Due carreggiate;Asciutto;Asfaltata;Verticale ed orizzontale;Sereno;Normale;Buona;Ore Diurne;2;0;0;0;12,55841;41,85877;-1;1;Autovettura privata;In marcia / fermata / arresto;Conducente;M;Rimandato;0;NON DECEDUTO;Non accertato;Esploso
4440745;10;21/06/2019 17:30:00;Strada Urbana;VIA TUSCOLANA;in prossimit�;;del civico n.;1062;;Tamponamento;Rettilineo;Due carreggiate;Asciutto;Asfaltata;Verticale ed orizzontale;Sereno;Normale;Buona;Ore Diurne;2;0;0;0;12,55841;41,85877;-1;2;Autovettura privata;In marcia / fermata / arresto;Conducente;M;Rifiuta cure immediate;0;NON DECEDUTO;Non accertato;Inesploso
4440754;8;22/06/2019 12:00:00;;VIALE DUILIO CAMBELLOTTI;all'intersezione con;VIA DI TOR BELLA MONACA;VIA DI TOR BELLA MONACA;;;Tamponamento;;;;;;;;;;0;0;0;1;;;0;1;Autocarro inferiore 35 q.;In marcia / fermata / arresto;Conducente;M;Illeso;0;;Non accertato;
4440754;8;22/06/2019 12:00:00;;VIALE DUILIO CAMBELLOTTI;all'intersezione con;VIA DI TOR BELLA MONACA;VIA DI TOR BELLA MONACA;;;Tamponamento;;;;;;;;;;0;0;0;1;;;0;2;Autovettura privata;In marcia / fermata / arresto;;;;;;;
4440757;8;22/06/2019 10:30:00;Strada Urbana;VIA CELESTINO ROSATELLI;da specificare;;;;sotto ponte A24 direz. centro comm.  Roma Est;Scontro laterale fra veicoli in marcia;Rettilineo;Due carreggiate;Asciutto;Asfaltata;Verticale;Sereno;Scarso;Buona;Ore Diurne;0;0;0;3;12,66392;41,91744;-1;1;Autovettura privata;In marcia / fermata / arresto;Conducente;M;Illeso;0;;Non accertato;Inesploso
4440757;8;22/06/2019 10:30:00;Strada Urbana;VIA CELESTINO ROSATELLI;da specificare;;;;sotto ponte A24 direz. centro comm.  Roma Est;Scontro laterale fra veicoli in marcia;Rettilineo;Due carreggiate;Asciutto;Asfaltata;Verticale;Sereno;Scarso;Buona;Ore Diurne;0;0;0;3;12,66392;41,91744;-1;2;Autovettura privata;In marcia / fermata / arresto;Conducente;M;Illeso;0;;Non accertato;Inesploso
4440757;8;22/06/2019 10:30:00;Strada Urbana;VIA CELESTINO ROSATELLI;da specificare;;;;sotto ponte A24 direz. centro comm.  Roma Est;Scontro laterale fra veicoli in marcia;Rettilineo;Due carreggiate;Asciutto;Asfaltata;Verticale;Sereno;Scarso;Buona;Ore Diurne;0;0;0;3;12,66392;41,91744;-1;2;Autovettura privata;In marcia / fermata / arresto;Passeggero;F;Illeso;0;;Non accertato;Inesploso
4440759;10;23/06/2019 15:50:00;Strada Urbana;VIA DELLE CAPANNELLE;all'intersezione con;VIA DEL CALICE;VIA DEL CALICE;;;Scontro frontale/laterale DX fra veicoli in marcia;Intersezione stradale segnalata;Una carreggiata a doppio senso;Asciutto;Asfaltata;Verticale ed orizzontale;Sereno;Scarso;Buona;Ore Diurne;1;0;0;1;12,56598;41,82888;-1;1;Motociclo a solo;In marcia / fermata / arresto;Conducente;M;Rimandato;0;NON DECEDUTO;Non accertato;
4440759;10;23/06/2019 15:50:00;Strada Urbana;VIA DELLE CAPANNELLE;all'intersezione con;VIA DEL CALICE;VIA DEL CALICE;;;Scontro frontale/laterale DX fra veicoli in marcia;Intersezione stradale segnalata;Una carreggiata a doppio senso;Asciutto;Asfaltata;Verticale ed orizzontale;Sereno;Scarso;Buona;Ore Diurne;1;0;0;1;12,56598;41,82888;-1;2;Autovettura privata;In marcia / fermata / arresto;Conducente;M;Illeso;0;;Non accertato;
4440760;8;22/06/2019 08:20:00;Strada Urbana;VIA MANDANICI;in prossimit�;;del civico n.;30;;Scontro laterale fra veicoli in marcia;Rettilineo;Una carreggiata a senso unico alternato;Bagnato (pioggia);Asfaltata;Verticale;Pioggia in atto;Scarso;Buona;Ore Diurne;0;0;0;3;12,68713;41,86618;-1;1;Autovettura privata;In marcia / fermata / arresto;Conducente;M;Illeso;0;;Non accertato;Inesploso
4440760;8;22/06/2019 08:20:00;Strada Urbana;VIA MANDANICI;in prossimit�;;del civico n.;30;;Scontro laterale fra veicoli in marcia;Rettilineo;Una carreggiata a senso unico alternato;Bagnato (pioggia);Asfaltata;Verticale;Pioggia in atto;Scarso;Buona;Ore Diurne;0;0;0;3;12,68713;41,86618;-1;2;Autovettura privata;In marcia / fermata / arresto;Passeggero;M;Illeso;0;;Non accertato;Inesploso
4440760;8;22/06/2019 08:20:00;Strada Urbana;VIA MANDANICI;in prossimit�;;del civico n.;30;;Scontro laterale fra veicoli in marcia;Rettilineo;Una carreggiata a senso unico alternato;Bagnato (pioggia);Asfaltata;Verticale;Pioggia in atto;Scarso;Buona;Ore Diurne;0;0;0;3;12,68713;41,86618;-1;2;Autovettura privata;In marcia / fermata / arresto;Conducente;M;Illeso;0;;;
4440766;11;23/06/2019 04:15:00;Strada Urbana;VIA DI VIGNA MURATA;in corrispondenza;;del civico n.;95;;Fuoriuscita dalla sede stradale;Curva senza visuale libera;Due carreggiate;Asciutto;Asfaltata;Verticale ed orizzontale;Sereno;Scarso;Buona;Sufficiente;0;0;0;1;12,49033;41,82631;-1;1;Autovettura privata;In marcia / fermata / arresto;Conducente;M;Illeso;0;;;
4440775;10;23/06/2019 04:10:00;Strada Urbana;VIA DELLE CAPANNELLE;all'intersezione con;PIAZZA SCILLA;PIAZZA SCILLA;;;Scontro frontale/laterale SX fra veicoli in marcia;Incrocio;Una carreggiata a doppio senso;Asciutto;Asfaltata;Verticale ed orizzontale;Sereno;Scarso;Insufficiente;Insufficiente;1;0;0;5;12,56346;41,82664;-1;1;Autovettura privata;In marcia / fermata / arresto;Conducente;M;Rimandato;0;NON DECEDUTO;Non accertato;Inesploso
4440775;10;23/06/2019 04:10:00;Strada Urbana;VIA DELLE CAPANNELLE;all'intersezione con;PIAZZA SCILLA;PIAZZA SCILLA;;;Scontro frontale/laterale SX fra veicoli in marcia;Incrocio;Una carreggiata a doppio senso;Asciutto;Asfaltata;Verticale ed orizzontale;Sereno;Scarso;Insufficiente;Insufficiente;1;0;0;5;12,56346;41,82664;-1;2;Autovettura privata;In marcia / fermata / arresto;Conducente;M;Illeso;0;;Non accertato;Esploso
4440775;10;23/06/2019 04:10:00;Strada Urbana;VIA DELLE CAPANNELLE;all'intersezione con;PIAZZA SCILLA;PIAZZA SCILLA;;;Scontro frontale/laterale SX fra veicoli in marcia;Incrocio;Una carreggiata a doppio senso;Asciutto;Asfaltata;Verticale ed orizzontale;Sereno;Scarso;Insufficiente;Insufficiente;1;0;0;5;12,56346;41,82664;-1;2;Autovettura privata;In marcia / fermata / arresto;Passeggero;M;Illeso;0;;Non accertato;Esploso
4440775;10;23/06/2019 04:10:00;Strada Urbana;VIA DELLE CAPANNELLE;all'intersezione con;PIAZZA SCILLA;PIAZZA SCILLA;;;Scontro frontale/laterale SX fra veicoli in marcia;Incrocio;Una carreggiata a doppio senso;Asciutto;Asfaltata;Verticale ed orizzontale;Sereno;Scarso;Insufficiente;Insufficiente;1;0;0;5;12,56346;41,82664;-1;2;Autovettura privata;In marcia / fermata / arresto;Passeggero;M;Illeso;0;;Non accertato;Inesploso
4440775;10;23/06/2019 04:10:00;Strada Urbana;VIA DELLE CAPANNELLE;all'intersezione con;PIAZZA SCILLA;PIAZZA SCILLA;;;Scontro frontale/laterale SX fra veicoli in marcia;Incrocio;Una carreggiata a doppio senso;Asciutto;Asfaltata;Verticale ed orizzontale;Sereno;Scarso;Insufficiente;Insufficiente;1;0;0;5;12,56346;41,82664;-1;2;Autovettura privata;In marcia / fermata / arresto;Passeggero;F;Illeso;0;;Non accertato;Inesploso
4440775;10;23/06/2019 04:10:00;Strada Urbana;VIA DELLE CAPANNELLE;all'intersezione con;PIAZZA SCILLA;PIAZZA SCILLA;;;Scontro frontale/laterale SX fra veicoli in marcia;Incrocio;Una carreggiata a doppio senso;Asciutto;Asfaltata;Verticale ed orizzontale;Sereno;Scarso;Insufficiente;Insufficiente;1;0;0;5;12,56346;41,82664;-1;2;Autovettura privata;In marcia / fermata / arresto;Passeggero;M;Illeso;0;;Non accertato;Inesploso
4440776;6;23/06/2019 20:22:00;Provinciale entro l'abitato;VIA PRENESTINA;in prossimit�;;del civico n.;434b;;Investimento di pedone;Rettilineo;Pi� di due carreggiate;Asciutto;Asfaltata;Verticale ed orizzontale;Sereno;Normale;Buona;Ore Diurne;1;0;0;1;12,56609;41,89479;-1;;;;Pedone;F;Rimandato;0;NON DECEDUTO;;
4440776;6;23/06/2019 20:22:00;Provinciale entro l'abitato;VIA PRENESTINA;in prossimit�;;del civico n.;434b;;Investimento di pedone;Rettilineo;Pi� di due carreggiate;Asciutto;Asfaltata;Verticale ed orizzontale;Sereno;Normale;Buona;Ore Diurne;1;0;0;1;12,56609;41,89479;-1;1;Autovettura privata;In marcia / fermata / arresto;Conducente;M;Illeso;0;;;
4440780;11;22/06/2019 16:10:00;Strada Urbana;VIA DELLE SETTE CHIESE;all'intersezione con;VIA CRISTOFORO BORRI;VIA CRISTOFORO BORRI;;;Scontro frontale/laterale SX fra veicoli in marcia;Incrocio;Una carreggiata a senso unico di marcia;Asciutto;Asfaltata;Verticale ed orizzontale;Sereno;Normale;Buona;Ore Diurne;0;0;0;3;12,48998;41,86068;-1;1;Autovettura privata;In marcia / fermata / arresto;Conducente;M;Illeso;0;;;
4440780;11;22/06/2019 16:10:00;Strada Urbana;VIA DELLE SETTE CHIESE;all'intersezione con;VIA CRISTOFORO BORRI;VIA CRISTOFORO BORRI;;;Scontro frontale/laterale SX fra veicoli in marcia;Incrocio;Una carreggiata a senso unico di marcia;Asciutto;Asfaltata;Verticale ed orizzontale;Sereno;Normale;Buona;Ore Diurne;0;0;0;3;12,48998;41,86068;-1;2;Autovettura privata;In marcia / fermata / arresto;Passeggero;F;Illeso;0;;;
4440780;11;22/06/2019 16:10:00;Strada Urbana;VIA DELLE SETTE CHIESE;all'intersezione con;VIA CRISTOFORO BORRI;VIA CRISTOFORO BORRI;;;Scontro frontale/laterale SX fra veicoli in marcia;Incrocio;Una carreggiata a senso unico di marcia;Asciutto;Asfaltata;Verticale ed orizzontale;Sereno;Normale;Buona;Ore Diurne;0;0;0;3;12,48998;41,86068;-1;2;Autovettura privata;In marcia / fermata / arresto;Conducente;M;Illeso;0;;Non accertato;
4440787;20;21/06/2019 10:15:00;Strada Urbana;VIALE DI TOR DI QUINTO;in corrispondenza;;del civico n.;189;;Scontro laterale fra veicoli in marcia;Rettilineo;Pi� di due carreggiate;Asciutto;Asfaltata;Assente;Sereno;Normale;Buona;Ore Diurne;0;0;0;2;12,48483;41,95088;-1;1;Autovettura privata;In marcia / fermata / arresto;Conducente;M;Illeso;0;;Non utilizzato;Inesploso
4440787;20;21/06/2019 10:15:00;Strada Urbana;VIALE DI TOR DI QUINTO;in corrispondenza;;del civico n.;189;;Scontro laterale fra veicoli in marcia;Rettilineo;Pi� di due carreggiate;Asciutto;Asfaltata;Assente;Sereno;Normale;Buona;Ore Diurne;0;0;0;2;12,48483;41,95088;-1;2;Autobus urbano;In marcia / fermata / arresto;Conducente;M;Illeso;0;;Non accertato;Inesploso
4440799;10;23/06/2019 17:55:00;Strada Urbana;VIA ANAGNINA;da specificare;;;;ALT.SVOLTA PER VIA TUSCOLANA FRONTE VIA R. GRAVINA;Scontro frontale/laterale SX fra veicoli in marcia;Rettilineo;Una carreggiata a senso unico di marcia;Asciutto;Asfaltata;Verticale ed orizzontale;Sereno;Normale;Buona;Ore Diurne;0;0;0;3;12,58994;41,83823;-1;1;Autovettura privata;In marcia / fermata / arresto;Conducente;F;Illeso;0;;Non accertato;Inesploso
4440799;10;23/06/2019 17:55:00;Strada Urbana;VIA ANAGNINA;da specificare;;;;ALT.SVOLTA PER VIA TUSCOLANA FRONTE VIA R. GRAVINA;Scontro frontale/laterale SX fra veicoli in marcia;Rettilineo;Una carreggiata a senso unico di marcia;Asciutto;Asfaltata;Verticale ed orizzontale;Sereno;Normale;Buona;Ore Diurne;0;0;0;3;12,58994;41,83823;-1;2;Autovettura privata;In marcia / fermata / arresto;Conducente;F;Illeso;0;;Non accertato;Inesploso
4440799;10;23/06/2019 17:55:00;Strada Urbana;VIA ANAGNINA;da specificare;;;;ALT.SVOLTA PER VIA TUSCOLANA FRONTE VIA R. GRAVINA;Scontro frontale/laterale SX fra veicoli in marcia;Rettilineo;Una carreggiata a senso unico di marcia;Asciutto;Asfaltata;Verticale ed orizzontale;Sereno;Normale;Buona;Ore Diurne;0;0;0;3;12,58994;41,83823;-1;2;Autovettura privata;In marcia / fermata / arresto;Passeggero;F;Illeso;0;;Non accertato;Inesploso
4440801;11;22/06/2019 12:50:00;Strada Urbana;VIA DEL PORTO FLUVIALE;in prossimit�;;del civico n.;45;;Scontro laterale fra veicoli in marcia;Rettilineo;Una carreggiata a doppio senso;Asciutto;Asfaltata;Verticale ed orizzontale;Sereno;Normale;Buona;Ore Diurne;1;0;0;2;12,47655;41,8723;-1;1;Motociclo con passeggero;In marcia / fermata / arresto;Conducente;M;Rimandato;0;NON DECEDUTO;;
4440801;11;22/06/2019 12:50:00;Strada Urbana;VIA DEL PORTO FLUVIALE;in prossimit�;;del civico n.;45;;Scontro laterale fra veicoli in marcia;Rettilineo;Una carreggiata a doppio senso;Asciutto;Asfaltata;Verticale ed orizzontale;Sereno;Normale;Buona;Ore Diurne;1;0;0;2;12,47655;41,8723;-1;2;Autovettura privata;In marcia / fermata / arresto;Conducente;M;Illeso;0;;;
4440801;11;22/06/2019 12:50:00;Strada Urbana;VIA DEL PORTO FLUVIALE;in prossimit�;;del civico n.;45;;Scontro laterale fra veicoli in marcia;Rettilineo;Una carreggiata a doppio senso;Asciutto;Asfaltata;Verticale ed orizzontale;Sereno;Normale;Buona;Ore Diurne;1;0;0;2;12,47655;41,8723;-1;3;Autovettura privata;In marcia / fermata / arresto;Conducente;F;Illeso;0;;;
4440802;10;23/06/2019 18:10:00;Strada Urbana;VIA QUINTO PUBLICIO;all'intersezione semaforizzata con;VIALE PALMIRO TOGLIATTI;VIALE PALMIRO TOGLIATTI;;;Scontro frontale/laterale DX fra veicoli in marcia;Intersezione semaforizzata;Due carreggiate;Asciutto;Asfaltata;Verticale ed orizzontale;Sereno;Normale;Buona;Ore Diurne;2;0;0;3;12,57132;41,85619;-1;1;Autovettura privata;In marcia / fermata / arresto;Conducente;M;Illeso;0;;Non accertato;Inesploso
4440802;10;23/06/2019 18:10:00;Strada Urbana;VIA QUINTO PUBLICIO;all'intersezione semaforizzata con;VIALE PALMIRO TOGLIATTI;VIALE PALMIRO TOGLIATTI;;;Scontro frontale/laterale DX fra veicoli in marcia;Intersezione semaforizzata;Due carreggiate;Asciutto;Asfaltata;Verticale ed orizzontale;Sereno;Normale;Buona;Ore Diurne;2;0;0;3;12,57132;41,85619;-1;1;Autovettura privata;In marcia / fermata / arresto;Passeggero;M;Illeso;0;;Non accertato;Inesploso
4440802;10;23/06/2019 18:10:00;Strada Urbana;VIA QUINTO PUBLICIO;all'intersezione semaforizzata con;VIALE PALMIRO TOGLIATTI;VIALE PALMIRO TOGLIATTI;;;Scontro frontale/laterale DX fra veicoli in marcia;Intersezione semaforizzata;Due carreggiate;Asciutto;Asfaltata;Verticale ed orizzontale;Sereno;Normale;Buona;Ore Diurne;2;0;0;3;12,57132;41,85619;-1;2;Motociclo con passeggero;In marcia / fermata / arresto;Passeggero;F;Rimandato;0;NON DECEDUTO;Non accertato;
4440802;10;23/06/2019 18:10:00;Strada Urbana;VIA QUINTO PUBLICIO;all'intersezione semaforizzata con;VIALE PALMIRO TOGLIATTI;VIALE PALMIRO TOGLIATTI;;;Scontro frontale/laterale DX fra veicoli in marcia;Intersezione semaforizzata;Due carreggiate;Asciutto;Asfaltata;Verticale ed orizzontale;Sereno;Normale;Buona;Ore Diurne;2;0;0;3;12,57132;41,85619;-1;2;Motociclo con passeggero;In marcia / fermata / arresto;Conducente;M;Rimandato;0;NON DECEDUTO;Non accertato;
4440804;20;22/06/2019 03:00:00;Strada Urbana;VIALE DI TOR DI QUINTO;in prossimit�;;del civico n.;f.c. 119;;Veicolo in marcia contro ostacolo fisso;Curva senza visuale libera;Una carreggiata a doppio senso;Asciutto;Asfaltata;Verticale ed orizzontale;Sereno;Scarso;Sufficiente;Sufficiente;0;0;0;3;12,48479;41,94845;-1;1;Autovettura privata;In marcia / fermata / arresto;Passeggero;F;Illeso;0;;Non accertato;
4440804;20;22/06/2019 03:00:00;Strada Urbana;VIALE DI TOR DI QUINTO;in prossimit�;;del civico n.;f.c. 119;;Veicolo in marcia contro ostacolo fisso;Curva senza visuale libera;Una carreggiata a doppio senso;Asciutto;Asfaltata;Verticale ed orizzontale;Sereno;Scarso;Sufficiente;Sufficiente;0;0;0;3;12,48479;41,94845;-1;1;Autovettura privata;In marcia / fermata / arresto;Conducente;M;Illeso;0;;Non accertato;
4440804;20;22/06/2019 03:00:00;Strada Urbana;VIALE DI TOR DI QUINTO;in prossimit�;;del civico n.;f.c. 119;;Veicolo in marcia contro ostacolo fisso;Curva senza visuale libera;Una carreggiata a doppio senso;Asciutto;Asfaltata;Verticale ed orizzontale;Sereno;Scarso;Sufficiente;Sufficiente;0;0;0;3;12,48479;41,94845;-1;1;Autovettura privata;In marcia / fermata / arresto;Passeggero;F;Illeso;0;;Non accertato;
4440817;20;22/06/2019 21:30:00;Comunale extraurbana;VIA DELLA GIUSTINIANA;in prossimit�;;del civico n.;439;;Scontro laterale fra veicoli in marcia;Rettilineo;Una carreggiata a doppio senso;Asciutto;Asfaltata;Verticale ed orizzontale;Sereno;Scarso;Buona;Sufficiente;0;0;0;5;12,45899;41,99746;-1;1;Autovettura privata;In marcia / fermata / arresto;Passeggero;F;Illeso;0;;Non accertato;
4440817;20;22/06/2019 21:30:00;Comunale extraurbana;VIA DELLA GIUSTINIANA;in prossimit�;;del civico n.;439;;Scontro laterale fra veicoli in marcia;Rettilineo;Una carreggiata a doppio senso;Asciutto;Asfaltata;Verticale ed orizzontale;Sereno;Scarso;Buona;Sufficiente;0;0;0;5;12,45899;41,99746;-1;1;Autovettura privata;In marcia / fermata / arresto;Passeggero;F;Illeso;0;;Non accertato;
4440817;20;22/06/2019 21:30:00;Comunale extraurbana;VIA DELLA GIUSTINIANA;in prossimit�;;del civico n.;439;;Scontro laterale fra veicoli in marcia;Rettilineo;Una carreggiata a doppio senso;Asciutto;Asfaltata;Verticale ed orizzontale;Sereno;Scarso;Buona;Sufficiente;0;0;0;5;12,45899;41,99746;-1;1;Autovettura privata;In marcia / fermata / arresto;Conducente;M;Illeso;0;;Non accertato;
4440817;20;22/06/2019 21:30:00;Comunale extraurbana;VIA DELLA GIUSTINIANA;in prossimit�;;del civico n.;439;;Scontro laterale fra veicoli in marcia;Rettilineo;Una carreggiata a doppio senso;Asciutto;Asfaltata;Verticale ed orizzontale;Sereno;Scarso;Buona;Sufficiente;0;0;0;5;12,45899;41,99746;-1;1;Autovettura privata;In marcia / fermata / arresto;Passeggero;F;Illeso;0;;Non accertato;
4440817;20;22/06/2019 21:30:00;Comunale extraurbana;VIA DELLA GIUSTINIANA;in prossimit�;;del civico n.;439;;Scontro laterale fra veicoli in marcia;Rettilineo;Una carreggiata a doppio senso;Asciutto;Asfaltata;Verticale ed orizzontale;Sereno;Scarso;Buona;Sufficiente;0;0;0;5;12,45899;41,99746;-1;2;Autovettura privata;In marcia / fermata / arresto;Conducente;F;Illeso;0;;Non accertato;Inesploso
4440825;9;21/06/2019 08:25:00;Strada Urbana;PIAZZA DEI RE DI ROMA;da specificare;;;;prox L.go Vercelli;Scontro laterale fra veicoli in marcia;Rotatoria;Una carreggiata a senso unico di marcia;Asciutto;Asfaltata;Verticale;Sereno;Intenso;Buona;Ore Diurne;0;0;0;2;12,51499;41,88196;-1;1;Autovettura privata;In marcia / fermata / arresto;Conducente;M;Illeso;0;;Non accertato;
4440825;9;21/06/2019 08:25:00;Strada Urbana;PIAZZA DEI RE DI ROMA;da specificare;;;;prox L.go Vercelli;Scontro laterale fra veicoli in marcia;Rotatoria;Una carreggiata a senso unico di marcia;Asciutto;Asfaltata;Verticale;Sereno;Intenso;Buona;Ore Diurne;0;0;0;2;12,51499;41,88196;-1;2;Autocarro inferiore 35 q.;In marcia / fermata / arresto;Conducente;M;Illeso;0;;Non accertato;
4440831;20;23/06/2019 01:25:00;Regionale entro l'abitato;VIA CASSIA;in prossimit�;;del civico n.;1866;;Tamponamento Multiplo;Rettilineo;Una carreggiata a doppio senso;Asciutto;Asfaltata;Verticale ed orizzontale;Sereno;Scarso;Buona;Sufficiente;1;0;0;4;12,37691;42,02236;-1;1;Autovettura privata;In marcia / fermata / arresto;Conducente;M;Illeso;0;;;
4440831;20;23/06/2019 01:25:00;Regionale entro l'abitato;VIA CASSIA;in prossimit�;;del civico n.;1866;;Tamponamento Multiplo;Rettilineo;Una carreggiata a doppio senso;Asciutto;Asfaltata;Verticale ed orizzontale;Sereno;Scarso;Buona;Sufficiente;1;0;0;4;12,37691;42,02236;-1;2;Autovettura privata;In marcia / fermata / arresto;Conducente;M;Illeso;0;;;
4440831;20;23/06/2019 01:25:00;Regionale entro l'abitato;VIA CASSIA;in prossimit�;;del civico n.;1866;;Tamponamento Multiplo;Rettilineo;Una carreggiata a doppio senso;Asciutto;Asfaltata;Verticale ed orizzontale;Sereno;Scarso;Buona;Sufficiente;1;0;0;4;12,37691;42,02236;-1;3;Autovettura privata;In marcia / fermata / arresto;Passeggero;M;Illeso;0;;;