Protocollo;Gruppo;DataOraIncidente;Localizzazione1;STRADA1;Localizzazione2;STRADA2;Strada02;Chilometrica;DaSpecificare;NaturaIncidente;particolaritastrade;TipoStrada;FondoStradale;Pavimentazione;Segnaletica;CondizioneAtmosferica;Traffico;Visibilita;Illuminazione;NUM_FERITI;NUM_RISERVATA;NUM_MORTI;NUM_ILLESI;Longitudine;Latitudine;Confermato;Progressivo;TipoVeicolo;StatoVeicolo;TipoPersona;Sesso;Tipolesione;Deceduto;DecedutoDopo;CinturaCascoUtilizzato;Airbag;
4442537;10;24/06/2019 10:30:00;Strada Urbana;PIAZZA QUINTO CURZIO;all'intersezione con;VIA QUINTO PUBLICIO;VIA QUINTO PUBLICIO;;;Scontro laterale fra veicoli in marcia;Rotatoria;Una carreggiata a senso unico di marcia;Asciutto;Asfaltata;Verticale ed orizzontale;Sereno;Normale;Buona;Ore Diurne;1;0;0;3;12,56903;41,85565;-1;2;Autovettura privata;In marcia / fermata / arresto;Passeggero;M;Illeso;0;;Non accertato;Inesploso
4442540;8;24/06/2019 18:50:00;;VIA DELL'ARCHEOLOGIA;in prossimit�;;del civico n.;200;;Scontro frontale/laterale SX fra veicoli in marcia;;;;;;;;;;0;0;0;1;12,62456;41,88132;0;1;Autovettura privata;In marcia / fermata / arresto;Conducente;M;Illeso;0;;;
4442540;8;24/06/2019 18:50:00;;VIA DELL'ARCHEOLOGIA;in prossimit�;;del civico n.;200;;Scontro frontale/laterale SX fra veicoli in marcia;;;;;;;;;;0;0;0;1;12,62456;41,88132;0;2;Autovettura privata;Allontanatosi;;;;;;;
4442543;19;24/06/2019 08:20:00;Strada Urbana;VIA DELLA STORTA;all'intersezione con;VIA CASALE DANTONI;VIA CASALE DANTONI;;;Scontro frontale/laterale SX fra veicoli in marcia;Incrocio;Una carreggiata a doppio senso;Asciutto;Asfaltata;Verticale;Sereno;Scarso;Sufficiente;Ore Diurne;0;0;0;2;12,35079;41,94175;-1;1;Autovettura privata;In marcia / fermata / arresto;Conducente;M;Illeso;0;;Non accertato;
4442543;19;24/06/2019 08:20:00;Strada Urbana;VIA DELLA STORTA;all'intersezione con;VIA CASALE DANTONI;VIA CASALE DANTONI;;;Scontro frontale/laterale SX fra veicoli in marcia;Incrocio;Una carreggiata a doppio senso;Asciutto;Asfaltata;Verticale;Sereno;Scarso;Sufficiente;Ore Diurne;0;0;0;2;12,35079;41,94175;-1;2;Autovettura privata;In marcia / fermata / arresto;Conducente;F;Illeso;0;;Non accertato;
4442551;20;24/06/2019 13:30:00;Regionale;VIA FLAMINIA;da specificare;;;;dir. GRA altezza Saxa Rubra km 11.300;Tamponamento Multiplo;Rettilineo;Due carreggiate;Asciutto;Asfaltata;Orizzontale;Sereno;Normale;Buona;Ore Diurne;0;0;0;9;12,47183;41,94192;-1;1;Autovettura privata;In marcia / fermata / arresto;Passeggero;F;Illeso;0;;;
4442551;20;24/06/2019 13:30:00;Regionale;VIA FLAMINIA;da specificare;;;;dir. GRA altezza Saxa Rubra km 11.300;Tamponamento Multiplo;Rettilineo;Due carreggiate;Asciutto;Asfaltata;Orizzontale;Sereno;Normale;Buona;Ore Diurne;0;0;0;9;12,47183;41,94192;-1;1;Autovettura privata;In marcia / fermata / arresto;Passeggero;F;Illeso;0;;;
4442551;20;24/06/2019 13:30:00;Regionale;VIA FLAMINIA;da specificare;;;;dir. GRA altezza Saxa Rubra km 11.300;Tamponamento Multiplo;Rettilineo;Due carreggiate;Asciutto;Asfaltata;Orizzontale;Sereno;Normale;Buona;Ore Diurne;0;0;0;9;12,47183;41,94192;-1;1;Autovettura privata;In marcia / fermata / arresto;Passeggero;M;Illeso;0;;;
4442551;20;24/06/2019 13:30:00;Regionale;VIA FLAMINIA;da specificare;;;;dir. GRA altezza Saxa Rubra km 11.300;Tamponamento Multiplo;Rettilineo;Due carreggiate;Asciutto;Asfaltata;Orizzontale;Sereno;Normale;Buona;Ore Diurne;0;0;0;9;12,47183;41,94192;-1;1;Autovettura privata;In marcia / fermata / arresto;Passeggero;M;Illeso;0;;;
4442551;20;24/06/2019 13:30:00;Regionale;VIA FLAMINIA;da specificare;;;;dir. GRA altezza Saxa Rubra km 11.300;Tamponamento Multiplo;Rettilineo;Due carreggiate;Asciutto;Asfaltata;Orizzontale;Sereno;Normale;Buona;Ore Diurne;0;0;0;9;12,47183;41,94192;-1;1;Autovettura privata;In marcia / fermata / arresto;Conducente;M;Illeso;0;;;
4442551;20;24/06/2019 13:30:00;Regionale;VIA FLAMINIA;da specificare;;;;dir. GRA altezza Saxa Rubra km 11.300;Tamponamento Multiplo;Rettilineo;Due carreggiate;Asciutto;Asfaltata;Orizzontale;Sereno;Normale;Buona;Ore Diurne;0;0;0;9;12,47183;41,94192;-1;2;Autocarro inferiore 35 q.;In marcia / fermata / arresto;Conducente;M;Illeso;0;;;
4442551;20;24/06/2019 13:30:00;Regionale;VIA FLAMINIA;da specificare;;;;dir. GRA altezza Saxa Rubra km 11.300;Tamponamento Multiplo;Rettilineo;Due carreggiate;Asciutto;Asfaltata;Orizzontale;Sereno;Normale;Buona;Ore Diurne;0;0;0;9;12,47183;41,94192;-1;3;Autobus turistico;In marcia / fermata / arresto;Conducente;M;Illeso;0;;;
4442565;19;24/06/2019 09:20:00;Strada Urbana;VIA CARLO LIVI;all'intersezione con;VIA ANDREA VERGA;VIA ANDREA VERGA;;;Scontro frontale/laterale DX fra veicoli in marcia;Incrocio;Una carreggiata a senso unico di marcia;Asciutto;Asfaltata;Verticale;Sereno;Scarso;Buona;Ore Diurne;2;0;0;0;12,41848;41,93595;-1;1;Autocarro inferiore 35 q.;In marcia / fermata / arresto;Conducente;M;Rifiuta cure immediate;0;NON DECEDUTO;Non accertato;
4442565;19;24/06/2019 09:20:00;Strada Urbana;VIA CARLO LIVI;all'intersezione con;VIA ANDREA VERGA;VIA ANDREA VERGA;;;Scontro frontale/laterale DX fra veicoli in marcia;Incrocio;Una carreggiata a senso unico di marcia;Asciutto;Asfaltata;Verticale;Sereno;Scarso;Buona;Ore Diurne;2;0;0;0;12,41848;41,93595;-1;2;Autovettura privata;In marcia / fermata / arresto;Conducente;M;Rimandato;0;NON DECEDUTO;Non accertato;
4442567;20;24/06/2019 19:25:00;Strada Urbana;LARGO MARESCIALLO DIAZ;da specificare;;;;in prossimit� Via dei Robilant;Scontro laterale fra veicoli in marcia;Rettilineo;Una carreggiata a senso unico di marcia;Asciutto;Asfaltata;Verticale ed orizzontale;Sereno;Normale;Buona;Ore Diurne;0;0;0;2;12,46527;41,93645;-1;1;Autovettura privata;In marcia / fermata / arresto;Conducente;M;Illeso;0;;;
4442567;20;24/06/2019 19:25:00;Strada Urbana;LARGO MARESCIALLO DIAZ;da specificare;;;;in prossimit� Via dei Robilant;Scontro laterale fra veicoli in marcia;Rettilineo;Una carreggiata a senso unico di marcia;Asciutto;Asfaltata;Verticale ed orizzontale;Sereno;Normale;Buona;Ore Diurne;0;0;0;2;12,46527;41,93645;-1;2;Autovettura privata;In marcia / fermata / arresto;Conducente;F;Illeso;0;;;
4442570;10;24/06/2019 11:15:00;Strada Urbana;VIA ROCCA IMPERIALE;in corrispondenza;;del civico n.;39;;Investimento di pedone;Rettilineo;Una carreggiata a doppio senso;Asciutto;Asfaltata;Verticale ed orizzontale;Sereno;Scarso;Buona;Ore Diurne;1;0;0;1;12,61111;41,82284;-1;;;;Pedone;F;Rifiuta cure immediate;0;NON DECEDUTO;;
4442570;10;24/06/2019 11:15:00;Strada Urbana;VIA ROCCA IMPERIALE;in corrispondenza;;del civico n.;39;;Investimento di pedone;Rettilineo;Una carreggiata a doppio senso;Asciutto;Asfaltata;Verticale ed orizzontale;Sereno;Scarso;Buona;Ore Diurne;1;0;0;1;12,61111;41,82284;-1;1;Autocarro inferiore 35 q.;In marcia / fermata / arresto;Conducente;M;Illeso;0;;Non accertato;Inesploso
4442592;11;24/06/2019 10:45:00;Strada Urbana;VIA OSTIENSE;in corrispondenza;;del civico n.;351;;Tamponamento Multiplo;Rettilineo;Una carreggiata a doppio senso;Asciutto;Asfaltata;Verticale ed orizzontale;Sereno;Normale;Buona;Ore Diurne;0;0;0;3;12,47717;41,85455;-1;1;Autovettura privata;In marcia / fermata / arresto;Conducente;M;Illeso;0;;Non accertato;
4442592;11;24/06/2019 10:45:00;Strada Urbana;VIA OSTIENSE;in corrispondenza;;del civico n.;351;;Tamponamento Multiplo;Rettilineo;Una carreggiata a doppio senso;Asciutto;Asfaltata;Verticale ed orizzontale;Sereno;Normale;Buona;Ore Diurne;0;0;0;3;12,47717;41,85455;-1;2;Autovettura privata;In marcia / fermata / arresto;Conducente;M;Illeso;0;;Non accertato;
4442592;11;24/06/2019 10:45:00;Strada Urbana;VIA OSTIENSE;in corrispondenza;;del civico n.;351;;Tamponamento Multiplo;Rettilineo;Una carreggiata a doppio senso;Asciutto;Asfaltata;Verticale ed orizzontale;Sereno;Normale;Buona;Ore Diurne;0;0;0;3;12,47717;41,85455;-1;3;Autovettura privata;In marcia / fermata / arresto;Conducente;M;Illeso;0;;Non accertato;
4442605;10;24/06/2019 11:45:00;Strada Urbana;VIA DI CIAMPINO;da specificare;;;;sottopasso dell'Appia Nuova dir. Ciampino;Veicolo in marcia contro ostacolo fisso;Sottopasso illuminato;Una carreggiata a senso unico di marcia;Asciutto;Asfaltata;Orizzontale;Sereno;Normale;Buona;Ore Diurne;0;0;0;2;12,5766;41,80841;-1;1;Autovettura privata;In marcia / fermata / arresto;Conducente;F;Illeso;0;;Non accertato;Inesploso
4442605;10;24/06/2019 11:45:00;Strada Urbana;VIA DI CIAMPINO;da specificare;;;;sottopasso dell'Appia Nuova dir. Ciampino;Veicolo in marcia contro ostacolo fisso;Sottopasso illuminato;Una carreggiata a senso unico di marcia;Asciutto;Asfaltata;Orizzontale;Sereno;Normale;Buona;Ore Diurne;0;0;0;2;12,5766;41,80841;-1;1;Autovettura privata;In marcia / fermata / arresto;Passeggero;F;Illeso;0;;Non accertato;Inesploso
4442609;6;25/06/2019 02:35:00;Strada Urbana;VIALE PALMIRO TOGLIATTI;in prossimit�;;del civico n.;907;;Veicolo in marcia contro veicoli in sosta;Rettilineo;Due carreggiate;Asciutto;Asfaltata;Verticale ed orizzontale;Sereno;Scarso;Sufficiente;Sufficiente;2;0;0;1;12,57397;41,89058;-1;1;Autovettura privata;In marcia / fermata / arresto;Conducente;M;Rimandato;0;NON DECEDUTO;Non accertato;Inesploso
4442609;6;25/06/2019 02:35:00;Strada Urbana;VIALE PALMIRO TOGLIATTI;in prossimit�;;del civico n.;907;;Veicolo in marcia contro veicoli in sosta;Rettilineo;Due carreggiate;Asciutto;Asfaltata;Verticale ed orizzontale;Sereno;Scarso;Sufficiente;Sufficiente;2;0;0;1;12,57397;41,89058;-1;2;Autovettura privata;In marcia / fermata / arresto;Passeggero;M;Rimandato;0;NON DECEDUTO;Non accertato;Inesploso
4442609;6;25/06/2019 02:35:00;Strada Urbana;VIALE PALMIRO TOGLIATTI;in prossimit�;;del civico n.;907;;Veicolo in marcia contro veicoli in sosta;Rettilineo;Due carreggiate;Asciutto;Asfaltata;Verticale ed orizzontale;Sereno;Scarso;Sufficiente;Sufficiente;2;0;0;1;12,57397;41,89058;-1;2;Autovettura privata;In marcia / fermata / arresto;Conducente;M;Illeso;0;;Non accertato;Inesploso
4442609;6;25/06/2019 02:35:00;Strada Urbana;VIALE PALMIRO TOGLIATTI;in prossimit�;;del civico n.;907;;Veicolo in marcia contro veicoli in sosta;Rettilineo;Due carreggiate;Asciutto;Asfaltata;Verticale ed orizzontale;Sereno;Scarso;Sufficiente;Sufficiente;2;0;0;1;12,57397;41,89058;-1;3;Autovettura privata;Sosta;;;;;;;
4442609;6;25/06/2019 02:35:00;Strada Urbana;VIALE PALMIRO TOGLIATTI;in prossimit�;;del civico n.;907;;Veicolo in marcia contro veicoli in sosta;Rettilineo;Due carreggiate;Asciutto;Asfaltata;Verticale ed orizzontale;Sereno;Scarso;Sufficiente;Sufficiente;2;0;0;1;12,57397;41,89058;-1;4;Autovettura privata;Sosta;;;;;;;
4442609;6;25/06/2019 02:35:00;Strada Urbana;VIALE PALMIRO TOGLIATTI;in prossimit�;;del civico n.;907;;Veicolo in marcia contro veicoli in sosta;Rettilineo;Due carreggiate;Asciutto;Asfaltata;Verticale ed orizzontale;Sereno;Scarso;Sufficiente;Sufficiente;2;0;0;1;12,57397;41,89058;-1;5;Autovettura privata;Sosta;;;;;;;
4442622;10;24/06/2019 15:20:00;Strada Urbana;VIA TUSCOLANA;in corrispondenza;;del civico n.;1157;;Scontro laterale fra veicoli in marcia;Rettilineo;Una carreggiata a senso unico di marcia;Asciutto;Asfaltata;Verticale ed orizzontale;Sereno;Normale;Buona;Ore Diurne;0;0;0;2;12,58685;41,84111;-1;1;Autovettura privata;In marcia / fermata / arresto;Conducente;F;Illeso;0;;;
4442622;10;24/06/2019 15:20:00;Strada Urbana;VIA TUSCOLANA;in corrispondenza;;del civico n.;1157;;Scontro laterale fra veicoli in marcia;Rettilineo;Una carreggiata a senso unico di marcia;Asciutto;Asfaltata;Verticale ed orizzontale;Sereno;Normale;Buona;Ore Diurne;0;0;0;2;12,58685;41,84111;-1;2;Autocarro inferiore 35 q.;In marcia / fermata / arresto;Conducente;M;Illeso;0;;;
4442624;5;24/06/2019 08:00:00;Strada Urbana;VIA DEI CRISPOLTI;all'intersezione con;VIA LUIGI CESANA;VIA LUIGI CESANA;;;Scontro frontale/laterale DX fra veicoli in marcia;Intersezione stradale segnalata;Una carreggiata a doppio senso;Asciutto;Asfaltata;Verticale;Sereno;Intenso;Buona;Ore Diurne;0;0;0;5;12,55242;41,91047;-1;1;Autovettura privata;In marcia / fermata / arresto;Passeggero;M;Illeso;0;;Non accertato;Inesploso
4442624;5;24/06/2019 08:00:00;Strada Urbana;VIA DEI CRISPOLTI;all'intersezione con;VIA LUIGI CESANA;VIA LUIGI CESANA;;;Scontro frontale/laterale DX fra veicoli in marcia;Intersezione stradale segnalata;Una carreggiata a doppio senso;Asciutto;Asfaltata;Verticale;Sereno;Intenso;Buona;Ore Diurne;0;0;0;5;12,55242;41,91047;-1;1;Autovettura privata;In marcia / fermata / arresto;Conducente;F;Illeso;0;;Non accertato;Inesploso
4442624;5;24/06/2019 08:00:00;Strada Urbana;VIA DEI CRISPOLTI;all'intersezione con;VIA LUIGI CESANA;VIA LUIGI CESANA;;;Scontro frontale/laterale DX fra veicoli in marcia;Intersezione stradale segnalata;Una carreggiata a doppio senso;Asciutto;Asfaltata;Verticale;Sereno;Intenso;Buona;Ore Diurne;0;0;0;5;12,55242;41,91047;-1;1;Autovettura privata;In marcia / fermata / arresto;Passeggero;F;Illeso;0;;Non accertato;Inesploso
4442624;5;24/06/2019 08:00:00;Strada Urbana;VIA DEI CRISPOLTI;all'intersezione con;VIA LUIGI CESANA;VIA LUIGI CESANA;;;Scontro frontale/laterale DX fra veicoli in marcia;Intersezione stradale segnalata;Una carreggiata a doppio senso;Asciutto;Asfaltata;Verticale;Sereno;Intenso;Buona;Ore Diurne;0;0;0;5;12,55242;41,91047;-1;2;Autovettura privata;In marcia / fermata / arresto;Conducente;F;Illeso;0;;Non accertato;Inesploso
4442624;5;24/06/2019 08:00:00;Strada Urbana;VIA DEI CRISPOLTI;all'intersezione con;VIA LUIGI CESANA;VIA LUIGI CESANA;;;Scontro frontale/laterale DX fra veicoli in marcia;Intersezione stradale segnalata;Una carreggiata a doppio senso;Asciutto;Asfaltata;Verticale;Sereno;Intenso;Buona;Ore Diurne;0;0;0;5;12,55242;41,91047;-1;2;Autovettura privata;In marcia / fermata / arresto;Passeggero;F;Illeso;0;;Non accertato;Inesploso
4442624;5;24/06/2019 08:00:00;Strada Urbana;VIA DEI CRISPOLTI;all'intersezione con;VIA LUIGI CESANA;VIA LUIGI CESANA;;;Scontro frontale/laterale DX fra veicoli in marcia;Intersezione stradale segnalata;Una carreggiata a doppio senso;Asciutto;Asfaltata;Verticale;Sereno;Intenso;Buona;Ore Diurne;0;0;0;5;12,55242;41,91047;-1;3;Autovettura privata;Sosta;;;;;;;
4442625;19;24/06/2019 10:20:00;Strada Urbana;VIA UGO DE CAROLIS;da specificare;;;;PROSS. CIV. 47;Investimento di pedone;Rettilineo;Una carreggiata a doppio senso;Asciutto;Asfaltata;Assente;Nebbia;Intenso;Buona;Ore Diurne;1;0;0;1;12,43929;41,91694;-1;;;;Pedone;F;Rimandato;0;NON DECEDUTO;;
4442625;19;24/06/2019 10:20:00;Strada Urbana;VIA UGO DE CAROLIS;da specificare;;;;PROSS. CIV. 47;Investimento di pedone;Rettilineo;Una carreggiata a doppio senso;Asciutto;Asfaltata;Assente;Nebbia;Intenso;Buona;Ore Diurne;1;0;0;1;12,43929;41,91694;-1;1;Motociclo a solo;In marcia / fermata / arresto;Conducente;M;Illeso;0;;Non accertato;
4442628;5;24/06/2019 15:45:00;Strada Urbana;VIA TIBURTINA;in prossimit�;;del civico n.;1486;;Veicolo in marcia contro ostacolo fisso;Rettilineo;Una carreggiata a doppio senso;Asciutto;Asfaltata;Verticale;Sereno;Normale;Buona;Ore Diurne;0;0;0;0;12,63315;41,94056;-1;1;Autoarticolato;Allontanatosi;;;;;;;
4442631;5;24/06/2019 10:30:00;Strada Urbana;VIA DEI MONTI TIBURTINI;da specificare;;;;ALTEZZA VIA FERONIA;Tamponamento;Curva a visuale libera;Due carreggiate;Asciutto;Asfaltata;Verticale ed orizzontale;Sereno;Normale;Buona;Ore Diurne;1;0;0;2;12,55207;41,91416;-1;1;Autovettura privata;In marcia / fermata / arresto;Conducente;M;Rimandato;0;NON DECEDUTO;Non accertato;Inesploso
4442631;5;24/06/2019 10:30:00;Strada Urbana;VIA DEI MONTI TIBURTINI;da specificare;;;;ALTEZZA VIA FERONIA;Tamponamento;Curva a visuale libera;Due carreggiate;Asciutto;Asfaltata;Verticale ed orizzontale;Sereno;Normale;Buona;Ore Diurne;1;0;0;2;12,55207;41,91416;-1;2;Autocarro inferiore 35 q.;In marcia / fermata / arresto;Passeggero;M;Illeso;0;;Non accertato;Inesploso
4442631;5;24/06/2019 10:30:00;Strada Urbana;VIA DEI MONTI TIBURTINI;da specificare;;;;ALTEZZA VIA FERONIA;Tamponamento;Curva a visuale libera;Due carreggiate;Asciutto;Asfaltata;Verticale ed orizzontale;Sereno;Normale;Buona;Ore Diurne;1;0;0;2;12,55207;41,91416;-1;2;Autocarro inferiore 35 q.;In marcia / fermata / arresto;Conducente;M;Illeso;0;;Non accertato;Inesploso
4442649;5;24/06/2019 09:00:00;Strada Urbana;PIAZZA RICCARDO BALSAMO CRIVELLI;in prossimit�;;del civico n.;102;;Investimento di pedone;Rettilineo;Due carreggiate;Asciutto;Asfaltata;Verticale ed orizzontale;Sereno;Intenso;Buona;Ore Diurne;0;1;0;1;12,55164;41,90527;-1;;;;Pedone;M;Prognosi riservata;0;NON DECEDUTO;;
4442649;5;24/06/2019 09:00:00;Strada Urbana;PIAZZA RICCARDO BALSAMO CRIVELLI;in prossimit�;;del civico n.;102;;Investimento di pedone;Rettilineo;Due carreggiate;Asciutto;Asfaltata;Verticale ed orizzontale;Sereno;Intenso;Buona;Ore Diurne;0;1;0;1;12,55164;41,90527;-1;1;Autovettura privata;In marcia / fermata / arresto;Conducente;M;Illeso;0;;Non accertato;Inesploso
4442658;5;24/06/2019 23:50:00;;VIALE PALMIRO TOGLIATTI;all'intersezione con;VIALE SACCO E VANZETTI;VIALE SACCO E VANZETTI;;;Tamponamento;;;;;;;;;;0;0;0;0;12,57203;41,91023;0;1;Autovettura privata;In marcia / fermata / arresto;;;;;;;
4442658;5;24/06/2019 23:50:00;;VIALE PALMIRO TOGLIATTI;all'intersezione con;VIALE SACCO E VANZETTI;VIALE SACCO E VANZETTI;;;Tamponamento;;;;;;;;;;0;0;0;0;12,57203;41,91023;0;2;Autovettura privata;In marcia / fermata / arresto;;;;;;;
4442659;4;24/06/2019 16:30:00;Strada Urbana;VIA DELLA BUFALOTTA;in corrispondenza;;del civico n.;663;;Scontro laterale fra veicoli in marcia;Rettilineo;Una carreggiata a doppio senso;Asciutto;Asfaltata;Orizzontale;Sereno;Normale;Buona;Ore Diurne;1;0;0;2;12,5457;41,96504;-1;1;Autovettura privata;In marcia / fermata / arresto;Passeggero;F;Illeso;0;;;
4442659;4;24/06/2019 16:30:00;Strada Urbana;VIA DELLA BUFALOTTA;in corrispondenza;;del civico n.;663;;Scontro laterale fra veicoli in marcia;Rettilineo;Una carreggiata a doppio senso;Asciutto;Asfaltata;Orizzontale;Sereno;Normale;Buona;Ore Diurne;1;0;0;2;12,5457;41,96504;-1;1;Autovettura privata;In marcia / fermata / arresto;Conducente;M;Illeso;0;;;
4442659;4;24/06/2019 16:30:00;Strada Urbana;VIA DELLA BUFALOTTA;in corrispondenza;;del civico n.;663;;Scontro laterale fra veicoli in marcia;Rettilineo;Una carreggiata a doppio senso;Asciutto;Asfaltata;Orizzontale;Sereno;Normale;Buona;Ore Diurne;1;0;0;2;12,5457;41,96504;-1;2;Motociclo a solo;In marcia / fermata / arresto;Conducente;M;Rimandato;0;NON DECEDUTO;Non accertato;
4442673;10;24/06/2019 19:55:00;Strada Urbana;VIA CALPURNIO FIAMMA;all'intersezione semaforizzata con;VIALE S. GIOVANNI BOSCO;VIALE S. GIOVANNI BOSCO;;;Scontro laterale fra veicoli in marcia;Intersezione semaforizzata;Due carreggiate;Asciutto;Asfaltata;Verticale ed orizzontale;Sereno;Normale;Buona;Ore Diurne;0;0;0;8;12,56073;41,86067;-1;1;Autovettura privata;In marcia / fermata / arresto;Conducente;M;Illeso;0;;Non accertato;Inesploso
4442673;10;24/06/2019 19:55:00;Strada Urbana;VIA CALPURNIO FIAMMA;all'intersezione semaforizzata con;VIALE S. GIOVANNI BOSCO;VIALE S. GIOVANNI BOSCO;;;Scontro laterale fra veicoli in marcia;Intersezione semaforizzata;Due carreggiate;Asciutto;Asfaltata;Verticale ed orizzontale;Sereno;Normale;Buona;Ore Diurne;0;0;0;8;12,56073;41,86067;-1;1;Autovettura privata;In marcia / fermata / arresto;Passeggero;F;Illeso;0;;Non accertato;Inesploso
4442673;10;24/06/2019 19:55:00;Strada Urbana;VIA CALPURNIO FIAMMA;all'intersezione semaforizzata con;VIALE S. GIOVANNI BOSCO;VIALE S. GIOVANNI BOSCO;;;Scontro laterale fra veicoli in marcia;Intersezione semaforizzata;Due carreggiate;Asciutto;Asfaltata;Verticale ed orizzontale;Sereno;Normale;Buona;Ore Diurne;0;0;0;8;12,56073;41,86067;-1;1;Autovettura privata;In marcia / fermata / arresto;Passeggero;M;Illeso;0;;Non accertato;Inesploso
4442673;10;24/06/2019 19:55:00;Strada Urbana;VIA CALPURNIO FIAMMA;all'intersezione semaforizzata con;VIALE S. GIOVANNI BOSCO;VIALE S. GIOVANNI BOSCO;;;Scontro laterale fra veicoli in marcia;Intersezione semaforizzata;Due carreggiate;Asciutto;Asfaltata;Verticale ed orizzontale;Sereno;Normale;Buona;Ore Diurne;0;0;0;8;12,56073;41,86067;-1;1;Autovettura privata;In marcia / fermata / arresto;Passeggero;F;Illeso;0;;Non accertato;Inesploso
4442673;10;24/06/2019 19:55:00;Strada Urbana;VIA CALPURNIO FIAMMA;all'intersezione semaforizzata con;VIALE S. GIOVANNI BOSCO;VIALE S. GIOVANNI BOSCO;;;Scontro laterale fra veicoli in marcia;Intersezione semaforizzata;Due carreggiate;Asciutto;Asfaltata;Verticale ed orizzontale;Sereno;Normale;Buona;Ore Diurne;0;0;0;8;12,56073;41,86067;-1;1;Autovettura privata;In marcia / fermata / arresto;Passeggero;F;Illeso;0;;Non accertato;Inesploso
4442673;10;24/06/2019 19:55:00;Strada Urbana;VIA CALPURNIO FIAMMA;all'intersezione semaforizzata con;VIALE S. GIOVANNI BOSCO;VIALE S. GIOVANNI BOSCO;;;Scontro laterale fra veicoli in marcia;Intersezione semaforizzata;Due carreggiate;Asciutto;Asfaltata;Verticale ed orizzontale;Sereno;Normale;Buona;Ore Diurne;0;0;0;8;12,56073;41,86067;-1;2;Autovettura privata;In marcia / fermata / arresto;Passeggero;F;Illeso;0;;Non accertato;Inesploso
4442673;10;24/06/2019 19:55:00;Strada Urbana;VIA CALPURNIO FIAMMA;all'intersezione semaforizzata con;VIALE S. GIOVANNI BOSCO;VIALE S. GIOVANNI BOSCO;;;Scontro laterale fra veicoli in marcia;Intersezione semaforizzata;Due carreggiate;Asciutto;Asfaltata;Verticale ed orizzontale;Sereno;Normale;Buona;Ore Diurne;0;0;0;8;12,56073;41,86067;-1;2;Autovettura privata;In marcia / fermata / arresto;Conducente;M;Illeso;0;;Non accertato;Inesploso
4442673;10;24/06/2019 19:55:00;Strada Urbana;VIA CALPURNIO FIAMMA;all'intersezione semaforizzata con;VIALE S. GIOVANNI BOSCO;VIALE S. GIOVANNI BOSCO;;;Scontro laterale fra veicoli in marcia;Intersezione semaforizzata;Due carreggiate;Asciutto;Asfaltata;Verticale ed orizzontale;Sereno;Normale;Buona;Ore Diurne;0;0;0;8;12,56073;41,86067;-1;2;Autovettura privata;In marcia / fermata / arresto;Passeggero;F;Illeso;0;;Non accertato;Inesploso
4442699;1;22/06/2019 18:45:00;Strada Urbana;VIA DEL TEATRO DI MARCELLO;in corrispondenza;;del civico n.;2;;Veicolo in marcia contro ostacolo accidentale;Curva a visuale libera;Una carreggiata a doppio senso;Asciutto;Lastricata;Orizzontale;Sereno;Scarso;Sufficiente;Ore Diurne;1;0;0;0;12,48161;41,8936;-1;1;Motociclo con passeggero;In marcia / fermata / arresto;Conducente;M;Rimandato;0;NON DECEDUTO;;
4442709;16;21/06/2019 09:45:00;Strada Urbana;VIA DANTE DE BLASI;in corrispondenza;;del civico n.;152;;Scontro laterale fra veicoli in marcia;Rettilineo;Una carreggiata a senso unico di marcia;Asciutto;Asfaltata;Assente;Sereno;Scarso;Buona;Ore Diurne;0;0;0;3;12,44675;41,85896;-1;1;Autovettura privata;In marcia / fermata / arresto;Conducente;M;Illeso;0;;Non accertato;Inesploso
4442709;16;21/06/2019 09:45:00;Strada Urbana;VIA DANTE DE BLASI;in corrispondenza;;del civico n.;152;;Scontro laterale fra veicoli in marcia;Rettilineo;Una carreggiata a senso unico di marcia;Asciutto;Asfaltata;Assente;Sereno;Scarso;Buona;Ore Diurne;0;0;0;3;12,44675;41,85896;-1;2;Autovettura privata;In marcia / fermata / arresto;Passeggero;M;Illeso;0;;Non accertato;Inesploso
4442709;16;21/06/2019 09:45:00;Strada Urbana;VIA DANTE DE BLASI;in corrispondenza;;del civico n.;152;;Scontro laterale fra veicoli in marcia;Rettilineo;Una carreggiata a senso unico di marcia;Asciutto;Asfaltata;Assente;Sereno;Scarso;Buona;Ore Diurne;0;0;0;3;12,44675;41,85896;-1;2;Autovettura privata;In marcia / fermata / arresto;Conducente;M;Illeso;0;;Non accertato;Inesploso
4442710;2;24/06/2019 09:10:00;Strada Urbana;CORSO D'ITALIA;in prossimit�;;del civico n.;38;;Tamponamento;Rettilineo;Due carreggiate;Asciutto;Asfaltata;Verticale ed orizzontale;Sereno;Normale;Buona;Ore Diurne;1;0;0;1;12,49565;41,91117;-1;1;Autovettura privata;In marcia / fermata / arresto;Conducente;M;Illeso;0;;;
4442710;2;24/06/2019 09:10:00;Strada Urbana;CORSO D'ITALIA;in prossimit�;;del civico n.;38;;Tamponamento;Rettilineo;Due carreggiate;Asciutto;Asfaltata;Verticale ed orizzontale;Sereno;Normale;Buona;Ore Diurne;1;0;0;1;12,49565;41,91117;-1;2;Autovettura privata;In marcia / fermata / arresto;Conducente;M;Rimandato;0;NON DECEDUTO;;
4442719;18;24/06/2019 22:45:00;Strada Urbana;VIA REZZATO;all'intersezione con;VIA GAMBOLO';VIA GAMBOLO';;;Scontro laterale fra veicoli in marcia;Intersezione stradale segnalata;Una carreggiata a doppio senso;Asciutto;Asfaltata;Verticale ed orizzontale;Sereno;Scarso;Sufficiente;Sufficiente;2;0;0;3;12,381;41,95418;-1;1;Ciclomotore;In marcia / fermata / arresto;Conducente;M;Ricoverato;0;NON DECEDUTO;Non accertato;