Protocollo;Gruppo;DataOraIncidente;Localizzazione1;STRADA1;Localizzazione2;STRADA2;Strada02;Chilometrica;DaSpecificare;NaturaIncidente;particolaritastrade;TipoStrada;FondoStradale;Pavimentazione;Segnaletica;CondizioneAtmosferica;Traffico;Visibilita;Illuminazione;NUM_FERITI;NUM_RISERVATA;NUM_MORTI;NUM_ILLESI;Longitudine;Latitudine;Confermato;Progressivo;TipoVeicolo;StatoVeicolo;TipoPersona;Sesso;Tipolesione;Deceduto;DecedutoDopo;CinturaCascoUtilizzato;Airbag;
4449780;1;27/06/2019 18:55:00;Strada Urbana;VIALE GUIDO BACCELLI;da specificare;;;;PROSSIMITA' L.GO BRUNO BALDINOTTI;Veicolo in marcia contro ostacolo accidentale;Rettilineo;Una carreggiata a doppio senso;Viscido da liquidi oleosi;Asfaltata;Verticale ed orizzontale;Sereno;Normale;Buona;Ore Diurne;1;0;0;0;12,49011;41,88159;-1;1;Motociclo a solo;In marcia / fermata / arresto;Conducente;M;Rimandato;0;NON DECEDUTO;;
4449793;1;28/06/2019 11:50:00;Strada Urbana;VIA DANDOLO;in prossimit�;;del civico n.;46;;Scontro laterale fra veicoli in marcia;Pendenza;Una carreggiata a doppio senso;Asciutto;Asfaltata;Verticale ed orizzontale;Sereno;Normale;Buona;Ore Diurne;1;0;0;0;12,46793;41,88442;-1;1;Autovettura privata;In marcia / fermata / arresto;Conducente;M;Rifiuta cure immediate;0;NON DECEDUTO;Non accertato;
4449793;1;28/06/2019 11:50:00;Strada Urbana;VIA DANDOLO;in prossimit�;;del civico n.;46;;Scontro laterale fra veicoli in marcia;Pendenza;Una carreggiata a doppio senso;Asciutto;Asfaltata;Verticale ed orizzontale;Sereno;Normale;Buona;Ore Diurne;1;0;0;0;12,46793;41,88442;-1;2;Autovettura privata;Allontanatosi;;;;;;;
4449796;12;27/06/2019 16:50:00;Provinciale;VIA ARDEATINA;in prossimit�;;del civico n.;1271B;;Scontro laterale fra veicoli in marcia;Rettilineo;Una carreggiata a doppio senso;Asciutto;Asfaltata;Verticale ed orizzontale;Sereno;Normale;Buona;Ore Diurne;1;0;0;1;12,55052;41,77305;-1;1;Autovettura privata;In marcia / fermata / arresto;Conducente;F;Illeso;0;;;
4449796;12;27/06/2019 16:50:00;Provinciale;VIA ARDEATINA;in prossimit�;;del civico n.;1271B;;Scontro laterale fra veicoli in marcia;Rettilineo;Una carreggiata a doppio senso;Asciutto;Asfaltata;Verticale ed orizzontale;Sereno;Normale;Buona;Ore Diurne;1;0;0;1;12,55052;41,77305;-1;2;Motociclo a solo;In marcia / fermata / arresto;Conducente;M;Rimandato;0;NON DECEDUTO;;
4449807;12;27/06/2019 12:10:00;Strada Urbana;PIAZZA GUGLIELMO MARCONI;da specificare;;;;snc;Scontro laterale fra veicoli in marcia;Rettilineo;Due carreggiate;Asciutto;Asfaltata;Verticale ed orizzontale;Sereno;Normale;Buona;Ore Diurne;0;0;0;3;12,47113;41,83346;-1;1;Autovettura privata;In marcia / fermata / arresto;Passeggero;M;Illeso;0;;;
4449807;12;27/06/2019 12:10:00;Strada Urbana;PIAZZA GUGLIELMO MARCONI;da specificare;;;;snc;Scontro laterale fra veicoli in marcia;Rettilineo;Due carreggiate;Asciutto;Asfaltata;Verticale ed orizzontale;Sereno;Normale;Buona;Ore Diurne;0;0;0;3;12,47113;41,83346;-1;1;Autovettura privata;In marcia / fermata / arresto;Conducente;M;Illeso;0;;Non accertato;
4449807;12;27/06/2019 12:10:00;Strada Urbana;PIAZZA GUGLIELMO MARCONI;da specificare;;;;snc;Scontro laterale fra veicoli in marcia;Rettilineo;Due carreggiate;Asciutto;Asfaltata;Verticale ed orizzontale;Sereno;Normale;Buona;Ore Diurne;0;0;0;3;12,47113;41,83346;-1;2;Veicolo speciale;In marcia / fermata / arresto;Conducente;M;Illeso;0;;Non accertato;
4449811;1;28/06/2019 22:50:00;Strada Urbana;VIA LABICANA;in prossimit�;;del civico n.;48;;Tamponamento Multiplo;Rettilineo;Due carreggiate;Asciutto;Asfaltata;Verticale ed orizzontale;Sereno;Scarso;Buona;Sufficiente;0;0;0;5;12,49969;41,88938;-1;1;Autovettura privata;In marcia / fermata / arresto;Passeggero;F;Illeso;0;;Non accertato;
4449811;1;28/06/2019 22:50:00;Strada Urbana;VIA LABICANA;in prossimit�;;del civico n.;48;;Tamponamento Multiplo;Rettilineo;Due carreggiate;Asciutto;Asfaltata;Verticale ed orizzontale;Sereno;Scarso;Buona;Sufficiente;0;0;0;5;12,49969;41,88938;-1;1;Autovettura privata;In marcia / fermata / arresto;Conducente;M;Illeso;0;;Non accertato;
4449811;1;28/06/2019 22:50:00;Strada Urbana;VIA LABICANA;in prossimit�;;del civico n.;48;;Tamponamento Multiplo;Rettilineo;Due carreggiate;Asciutto;Asfaltata;Verticale ed orizzontale;Sereno;Scarso;Buona;Sufficiente;0;0;0;5;12,49969;41,88938;-1;1;Autovettura privata;In marcia / fermata / arresto;Passeggero;F;Illeso;0;;Non accertato;
4449811;1;28/06/2019 22:50:00;Strada Urbana;VIA LABICANA;in prossimit�;;del civico n.;48;;Tamponamento Multiplo;Rettilineo;Due carreggiate;Asciutto;Asfaltata;Verticale ed orizzontale;Sereno;Scarso;Buona;Sufficiente;0;0;0;5;12,49969;41,88938;-1;2;Autovettura privata;In marcia / fermata / arresto;Conducente;M;Illeso;0;;Non accertato;
4449811;1;28/06/2019 22:50:00;Strada Urbana;VIA LABICANA;in prossimit�;;del civico n.;48;;Tamponamento Multiplo;Rettilineo;Due carreggiate;Asciutto;Asfaltata;Verticale ed orizzontale;Sereno;Scarso;Buona;Sufficiente;0;0;0;5;12,49969;41,88938;-1;3;Autovettura privata;In marcia / fermata / arresto;Conducente;F;Illeso;0;;Non accertato;
4449815;12;27/06/2019 09:50:00;Strada Urbana;VIA PONTINA;da specificare;;;;rampa uscita su Via A.A.Ostiense;Tamponamento Multiplo;Curva a visuale libera;Una carreggiata a doppio senso;Asciutto;Asfaltata;Verticale ed orizzontale;Sereno;Normale;Buona;Ore Diurne;1;0;0;5;12,45716;41,80666;-1;1;Autovettura privata;In marcia / fermata / arresto;Conducente;M;Illeso;0;;;
4449815;12;27/06/2019 09:50:00;Strada Urbana;VIA PONTINA;da specificare;;;;rampa uscita su Via A.A.Ostiense;Tamponamento Multiplo;Curva a visuale libera;Una carreggiata a doppio senso;Asciutto;Asfaltata;Verticale ed orizzontale;Sereno;Normale;Buona;Ore Diurne;1;0;0;5;12,45716;41,80666;-1;2;Autovettura privata;In marcia / fermata / arresto;Conducente;F;Rimandato;0;NON DECEDUTO;;
4449815;12;27/06/2019 09:50:00;Strada Urbana;VIA PONTINA;da specificare;;;;rampa uscita su Via A.A.Ostiense;Tamponamento Multiplo;Curva a visuale libera;Una carreggiata a doppio senso;Asciutto;Asfaltata;Verticale ed orizzontale;Sereno;Normale;Buona;Ore Diurne;1;0;0;5;12,45716;41,80666;-1;3;Autovettura privata;In marcia / fermata / arresto;Conducente;F;Illeso;0;;;
4449815;12;27/06/2019 09:50:00;Strada Urbana;VIA PONTINA;da specificare;;;;rampa uscita su Via A.A.Ostiense;Tamponamento Multiplo;Curva a visuale libera;Una carreggiata a doppio senso;Asciutto;Asfaltata;Verticale ed orizzontale;Sereno;Normale;Buona;Ore Diurne;1;0;0;5;12,45716;41,80666;-1;4;Autovettura privata;In marcia / fermata / arresto;Conducente;F;Illeso;0;;;
4449815;12;27/06/2019 09:50:00;Strada Urbana;VIA PONTINA;da specificare;;;;rampa uscita su Via A.A.Ostiense;Tamponamento Multiplo;Curva a visuale libera;Una carreggiata a doppio senso;Asciutto;Asfaltata;Verticale ed orizzontale;Sereno;Normale;Buona;Ore Diurne;1;0;0;5;12,45716;41,80666;-1;4;Autovettura privata;In marcia / fermata / arresto;Passeggero;F;Illeso;0;;;
4449815;12;27/06/2019 09:50:00;Strada Urbana;VIA PONTINA;da specificare;;;;rampa uscita su Via A.A.Ostiense;Tamponamento Multiplo;Curva a visuale libera;Una carreggiata a doppio senso;Asciutto;Asfaltata;Verticale ed orizzontale;Sereno;Normale;Buona;Ore Diurne;1;0;0;5;12,45716;41,80666;-1;5;Autovettura privata;In marcia / fermata / arresto;Conducente;F;Illeso;0;;;
4449849;1;27/06/2019 23:00:00;Strada Urbana;PIAZZA MANFREDO FANTI;all'intersezione con;VIA PRINCIPE AMEDEO;VIA PRINCIPE AMEDEO;;;Scontro frontale/laterale DX fra veicoli in marcia;Incrocio;Una carreggiata a doppio senso;Asciutto;Asfaltata;Verticale ed orizzontale;Sereno;Scarso;Sufficiente;Sufficiente;2;0;0;0;12,50293;41,89725;0;1;Motociclo con passeggero;In marcia / fermata / arresto;Conducente;M;Rimandato;0;NON DECEDUTO;Non accertato;
4449849;1;27/06/2019 23:00:00;Strada Urbana;PIAZZA MANFREDO FANTI;all'intersezione con;VIA PRINCIPE AMEDEO;VIA PRINCIPE AMEDEO;;;Scontro frontale/laterale DX fra veicoli in marcia;Incrocio;Una carreggiata a doppio senso;Asciutto;Asfaltata;Verticale ed orizzontale;Sereno;Scarso;Sufficiente;Sufficiente;2;0;0;0;12,50293;41,89725;0;1;Motociclo con passeggero;In marcia / fermata / arresto;Passeggero;M;Rimandato;0;NON DECEDUTO;Non accertato;
4449849;1;27/06/2019 23:00:00;Strada Urbana;PIAZZA MANFREDO FANTI;all'intersezione con;VIA PRINCIPE AMEDEO;VIA PRINCIPE AMEDEO;;;Scontro frontale/laterale DX fra veicoli in marcia;Incrocio;Una carreggiata a doppio senso;Asciutto;Asfaltata;Verticale ed orizzontale;Sereno;Scarso;Sufficiente;Sufficiente;2;0;0;0;12,50293;41,89725;0;2;Autovettura privata;In marcia / fermata / arresto;;;;;;;
4449851;17;29/06/2019 09:40:00;Strada Urbana;VIALE ANGELICO;da specificare;;;;fronte civico 99;Scontro laterale fra veicoli in marcia;Rettilineo;Pi� di due carreggiate;Asciutto;Asfaltata;Verticale ed orizzontale;Sereno;Normale;Buona;Ore Diurne;0;0;0;4;12,45848;41,91778;-1;1;Autovettura privata;In marcia / fermata / arresto;Passeggero;F;Illeso;0;;Non accertato;
4449851;17;29/06/2019 09:40:00;Strada Urbana;VIALE ANGELICO;da specificare;;;;fronte civico 99;Scontro laterale fra veicoli in marcia;Rettilineo;Pi� di due carreggiate;Asciutto;Asfaltata;Verticale ed orizzontale;Sereno;Normale;Buona;Ore Diurne;0;0;0;4;12,45848;41,91778;-1;1;Autovettura privata;In marcia / fermata / arresto;Conducente;M;Illeso;0;;Non accertato;
4449851;17;29/06/2019 09:40:00;Strada Urbana;VIALE ANGELICO;da specificare;;;;fronte civico 99;Scontro laterale fra veicoli in marcia;Rettilineo;Pi� di due carreggiate;Asciutto;Asfaltata;Verticale ed orizzontale;Sereno;Normale;Buona;Ore Diurne;0;0;0;4;12,45848;41,91778;-1;1;Autovettura privata;In marcia / fermata / arresto;Passeggero;F;Illeso;0;;Non accertato;
4449851;17;29/06/2019 09:40:00;Strada Urbana;VIALE ANGELICO;da specificare;;;;fronte civico 99;Scontro laterale fra veicoli in marcia;Rettilineo;Pi� di due carreggiate;Asciutto;Asfaltata;Verticale ed orizzontale;Sereno;Normale;Buona;Ore Diurne;0;0;0;4;12,45848;41,91778;-1;2;Autocarro inferiore 35 q.;In marcia / fermata / arresto;Conducente;M;Illeso;0;;Non accertato;
4450035;9;28/06/2019 15:30:00;Strada Urbana;VIA LIDIA;in corrispondenza;;del civico n.;5;;Veicolo in marcia contro veicolo in sosta;Rettilineo;Una carreggiata a senso unico di marcia;Asciutto;Asfaltata;Verticale ed orizzontale;Sereno;Scarso;Buona;Ore Diurne;0;0;0;1;12,51066;41,8735;-1;1;Veicolo speciale;In marcia / fermata / arresto;Conducente;M;Illeso;0;;Non accertato;Inesploso
4450035;9;28/06/2019 15:30:00;Strada Urbana;VIA LIDIA;in corrispondenza;;del civico n.;5;;Veicolo in marcia contro veicolo in sosta;Rettilineo;Una carreggiata a senso unico di marcia;Asciutto;Asfaltata;Verticale ed orizzontale;Sereno;Scarso;Buona;Ore Diurne;0;0;0;1;12,51066;41,8735;-1;2;Autovettura privata;Sosta;;;;;;;
4450035;9;28/06/2019 15:30:00;Strada Urbana;VIA LIDIA;in corrispondenza;;del civico n.;5;;Veicolo in marcia contro veicolo in sosta;Rettilineo;Una carreggiata a senso unico di marcia;Asciutto;Asfaltata;Verticale ed orizzontale;Sereno;Scarso;Buona;Ore Diurne;0;0;0;1;12,51066;41,8735;-1;3;Autovettura privata;Sosta;;;;;;;
4450056;9;29/06/2019 01:20:00;Strada Urbana;VIALE S. GIOVANNI BOSCO;in prossimit�;;del civico n.;132;;Veicolo in marcia contro veicolo fermo;Rettilineo;Due carreggiate;Asciutto;Asfaltata;Verticale ed orizzontale;Sereno;Scarso;Buona;Sufficiente;0;0;0;2;12,5624;41,85987;-1;1;Autocarro inferiore 35 q.;In marcia / fermata / arresto;Conducente;M;Illeso;0;;Non accertato;Inesploso
4450056;9;29/06/2019 01:20:00;Strada Urbana;VIALE S. GIOVANNI BOSCO;in prossimit�;;del civico n.;132;;Veicolo in marcia contro veicolo fermo;Rettilineo;Due carreggiate;Asciutto;Asfaltata;Verticale ed orizzontale;Sereno;Scarso;Buona;Sufficiente;0;0;0;2;12,5624;41,85987;-1;2;Autovettura privata;In marcia / fermata / arresto;Conducente;M;Illeso;0;;Non accertato;Esploso
4450063;6;29/06/2019 13:15:00;Strada Urbana;VIA ROMOLO TRINCHIERI;all'intersezione con;VIA TOR DE' SCHIAVI;VIA TOR DE' SCHIAVI;;;Scontro frontale/laterale SX fra veicoli in marcia;Incrocio;Una carreggiata a doppio senso;Asciutto;Asfaltata;Verticale ed orizzontale;Sereno;Scarso;Buona;Ore Diurne;0;0;0;2;12,56128;41,88785;-1;1;Autovettura privata;In marcia / fermata / arresto;Conducente;M;Illeso;0;;;
4450063;6;29/06/2019 13:15:00;Strada Urbana;VIA ROMOLO TRINCHIERI;all'intersezione con;VIA TOR DE' SCHIAVI;VIA TOR DE' SCHIAVI;;;Scontro frontale/laterale SX fra veicoli in marcia;Incrocio;Una carreggiata a doppio senso;Asciutto;Asfaltata;Verticale ed orizzontale;Sereno;Scarso;Buona;Ore Diurne;0;0;0;2;12,56128;41,88785;-1;2;Autovettura privata;In marcia / fermata / arresto;Conducente;M;Illeso;0;;;
4450175;12;27/06/2019 12:00:00;Strada Urbana;VIALE CRISTOFORO COLOMBO;da specificare;;;;DIR. GRA, ALT. VIADOTTO DELLA MAGLIANA;Scontro laterale fra veicoli in marcia;Curva a visuale libera;Una carreggiata a senso unico di marcia;Asciutto;Asfaltata;Verticale ed orizzontale;Sereno;Normale;Buona;Ore Diurne;0;0;0;3;12,47545;41,84314;-1;1;Autovettura privata;In marcia / fermata / arresto;Conducente;M;Illeso;0;;Utilizzato;Inesploso
4450175;12;27/06/2019 12:00:00;Strada Urbana;VIALE CRISTOFORO COLOMBO;da specificare;;;;DIR. GRA, ALT. VIADOTTO DELLA MAGLIANA;Scontro laterale fra veicoli in marcia;Curva a visuale libera;Una carreggiata a senso unico di marcia;Asciutto;Asfaltata;Verticale ed orizzontale;Sereno;Normale;Buona;Ore Diurne;0;0;0;3;12,47545;41,84314;-1;1;Autovettura privata;In marcia / fermata / arresto;Passeggero;F;Illeso;0;;;
4450175;12;27/06/2019 12:00:00;Strada Urbana;VIALE CRISTOFORO COLOMBO;da specificare;;;;DIR. GRA, ALT. VIADOTTO DELLA MAGLIANA;Scontro laterale fra veicoli in marcia;Curva a visuale libera;Una carreggiata a senso unico di marcia;Asciutto;Asfaltata;Verticale ed orizzontale;Sereno;Normale;Buona;Ore Diurne;0;0;0;3;12,47545;41,84314;-1;2;Autovettura pubblica;In marcia / fermata / arresto;Conducente;M;Illeso;0;;Utilizzato;Inesploso
4450180;12;27/06/2019 07:50:00;Strada Urbana;VIALE DEI CADUTI NELLA GUERRA DI LIBERAZIONE;in prossimit�;;del civico n.;321;;Veicolo in marcia contro ostacolo accidentale;Curva senza visuale libera;Una carreggiata a senso unico di marcia;Asciutto;Asfaltata;Verticale;Sereno;Normale;Buona;Ore Diurne;0;0;0;1;12,44228;41,78252;-1;1;Autovettura privata;In marcia / fermata / arresto;Conducente;M;Illeso;0;;Non accertato;
4450183;12;26/06/2019 13:45:00;Provinciale entro l'abitato;VIA LAURENTINA;da specificare;;;;ALT. KM 9,500 DIR. ARDEA;Scontro frontale/laterale DX fra veicoli in marcia;Curva a visuale libera;Due carreggiate;Sdrucciolevole (fango);Asfaltata;Verticale;Sereno;Intenso;Buona;Ore Diurne;0;0;0;3;12,48621;41,81224;-1;1;Autovettura privata;In marcia / fermata / arresto;Conducente;M;Illeso;0;;;
4450183;12;26/06/2019 13:45:00;Provinciale entro l'abitato;VIA LAURENTINA;da specificare;;;;ALT. KM 9,500 DIR. ARDEA;Scontro frontale/laterale DX fra veicoli in marcia;Curva a visuale libera;Due carreggiate;Sdrucciolevole (fango);Asfaltata;Verticale;Sereno;Intenso;Buona;Ore Diurne;0;0;0;3;12,48621;41,81224;-1;1;Autovettura privata;In marcia / fermata / arresto;Passeggero;F;Illeso;0;;;
4450183;12;26/06/2019 13:45:00;Provinciale entro l'abitato;VIA LAURENTINA;da specificare;;;;ALT. KM 9,500 DIR. ARDEA;Scontro frontale/laterale DX fra veicoli in marcia;Curva a visuale libera;Due carreggiate;Sdrucciolevole (fango);Asfaltata;Verticale;Sereno;Intenso;Buona;Ore Diurne;0;0;0;3;12,48621;41,81224;-1;2;Autoarticolato;In marcia / fermata / arresto;Conducente;M;Illeso;0;;;
4450662;8;28/06/2019 10:40:00;Strada Urbana;VIALE DEI ROMANISTI;all'intersezione con;VIA GIUSEPPE MARTELLOTTI;VIA GIUSEPPE MARTELLOTTI;;;Scontro frontale/laterale SX fra veicoli in marcia;Intersezione semaforizzata;Due carreggiate;Asciutto;Asfaltata;Verticale ed orizzontale;Sereno;Normale;Buona;Ore Diurne;0;0;0;3;12,5774;41,86752;-1;1;Autovettura privata;In marcia / fermata / arresto;Conducente;M;Illeso;0;;Non accertato;Inesistente
4450662;8;28/06/2019 10:40:00;Strada Urbana;VIALE DEI ROMANISTI;all'intersezione con;VIA GIUSEPPE MARTELLOTTI;VIA GIUSEPPE MARTELLOTTI;;;Scontro frontale/laterale SX fra veicoli in marcia;Intersezione semaforizzata;Due carreggiate;Asciutto;Asfaltata;Verticale ed orizzontale;Sereno;Normale;Buona;Ore Diurne;0;0;0;3;12,5774;41,86752;-1;2;Autovettura privata;In marcia / fermata / arresto;Conducente;M;Illeso;0;;Non accertato;Inesploso
4450662;8;28/06/2019 10:40:00;Strada Urbana;VIALE DEI ROMANISTI;all'intersezione con;VIA GIUSEPPE MARTELLOTTI;VIA GIUSEPPE MARTELLOTTI;;;Scontro frontale/laterale SX fra veicoli in marcia;Intersezione semaforizzata;Due carreggiate;Asciutto;Asfaltata;Verticale ed orizzontale;Sereno;Normale;Buona;Ore Diurne;0;0;0;3;12,5774;41,86752;-1;3;Autocarro inferiore 35 q.;In marcia / fermata / arresto;Conducente;M;Illeso;0;;Non accertato;Inesploso
4450663;8;28/06/2019 15:25:00;Strada Urbana;VIA CASILINA;all'intersezione con;VIA DI TORRE GAIA;VIA DI TORRE GAIA;;;Scontro frontale/laterale SX fra veicoli in marcia;Intersezione semaforizzata;Due carreggiate;Asciutto;Asfaltata;Verticale ed orizzontale;Sereno;Normale;Buona;Ore Diurne;0;0;0;3;12,61986;41,86281;-1;1;Autovettura privata;In marcia / fermata / arresto;Passeggero;F;Illeso;0;;;
4450663;8;28/06/2019 15:25:00;Strada Urbana;VIA CASILINA;all'intersezione con;VIA DI TORRE GAIA;VIA DI TORRE GAIA;;;Scontro frontale/laterale SX fra veicoli in marcia;Intersezione semaforizzata;Due carreggiate;Asciutto;Asfaltata;Verticale ed orizzontale;Sereno;Normale;Buona;Ore Diurne;0;0;0;3;12,61986;41,86281;-1;1;Autovettura privata;In marcia / fermata / arresto;Conducente;M;Illeso;0;;;
4450663;8;28/06/2019 15:25:00;Strada Urbana;VIA CASILINA;all'intersezione con;VIA DI TORRE GAIA;VIA DI TORRE GAIA;;;Scontro frontale/laterale SX fra veicoli in marcia;Intersezione semaforizzata;Due carreggiate;Asciutto;Asfaltata;Verticale ed orizzontale;Sereno;Normale;Buona;Ore Diurne;0;0;0;3;12,61986;41,86281;-1;2;Autovettura privata;In marcia / fermata / arresto;Conducente;M;Illeso;0;;;
4450671;13;28/06/2019 06:40:00;Regionale;VIA DI TOR BOACCIANA;da specificare;;;;altezza Via Del Ponte Di Tor Boacciana;Tamponamento;Rettilineo;Una carreggiata a doppio senso;Asciutto;Asfaltata;Verticale ed orizzontale;Sereno;Intenso;Buona;Ore Diurne;1;0;0;0;12,28963;41,75128;-1;1;Motociclo a solo;In marcia / fermata / arresto;Conducente;M;Rimandato;0;NON DECEDUTO;;
4450671;13;28/06/2019 06:40:00;Regionale;VIA DI TOR BOACCIANA;da specificare;;;;altezza Via Del Ponte Di Tor Boacciana;Tamponamento;Rettilineo;Una carreggiata a doppio senso;Asciutto;Asfaltata;Verticale ed orizzontale;Sereno;Intenso;Buona;Ore Diurne;1;0;0;0;12,28963;41,75128;-1;2;Autovettura privata;In marcia / fermata / arresto;;;;;;;
4450673;13;28/06/2019 06:40:00;Strada Urbana;VIA MAR DEI CORALLI;all'intersezione con;VIA MAR DEI SARGASSI;VIA MAR DEI SARGASSI;;;Scontro laterale fra veicoli in marcia;Incrocio;Una carreggiata a doppio senso;Asciutto;Asfaltata;Orizzontale;Sereno;Normale;Buona;Ore Diurne;1;0;0;2;12,30281;41,72873;-1;1;Autovettura privata;In marcia / fermata / arresto;Conducente;M;Illeso;0;;Non accertato;Inesploso
4450673;13;28/06/2019 06:40:00;Strada Urbana;VIA MAR DEI CORALLI;all'intersezione con;VIA MAR DEI SARGASSI;VIA MAR DEI SARGASSI;;;Scontro laterale fra veicoli in marcia;Incrocio;Una carreggiata a doppio senso;Asciutto;Asfaltata;Orizzontale;Sereno;Normale;Buona;Ore Diurne;1;0;0;2;12,30281;41,72873;-1;2;Autovettura privata;In marcia / fermata / arresto;Conducente;M;Illeso;0;;;
4450673;13;28/06/2019 06:40:00;Strada Urbana;VIA MAR DEI CORALLI;all'intersezione con;VIA MAR DEI SARGASSI;VIA MAR DEI SARGASSI;;;Scontro laterale fra veicoli in marcia;Incrocio;Una carreggiata a doppio senso;Asciutto;Asfaltata;Orizzontale;Sereno;Normale;Buona;Ore Diurne;1;0;0;2;12,30281;41,72873;-1;3;Motociclo a solo;In marcia / fermata / arresto;Conducente;M;Rimandato;0;NON DECEDUTO;Non accertato;
4450674;10;28/06/2019 12:40:00;Strada Urbana;VIA TUSCOLANA;in corrispondenza;;del civico n.;1422;;Investimento di pedone;Rettilineo;Due carreggiate;Asciutto;Asfaltata;Verticale ed orizzontale;Sereno;Normale;Buona;Ore Diurne;1;0;0;2;12,5663;41,8545;-1;;;;Pedone;F;Rimandato;0;NON DECEDUTO;;
4450674;10;28/06/2019 12:40:00;Strada Urbana;VIA TUSCOLANA;in corrispondenza;;del civico n.;1422;;Investimento di pedone;Rettilineo;Due carreggiate;Asciutto;Asfaltata;Verticale ed orizzontale;Sereno;Normale;Buona;Ore Diurne;1;0;0;2;12,5663;41,8545;-1;1;Autovettura privata;In marcia / fermata / arresto;Conducente;M;Illeso;0;;Non accertato;Inesploso
4450674;10;28/06/2019 12:40:00;Strada Urbana;VIA TUSCOLANA;in corrispondenza;;del civico n.;1422;;Investimento di pedone;Rettilineo;Due carreggiate;Asciutto;Asfaltata;Verticale ed orizzontale;Sereno;Normale;Buona;Ore Diurne;1;0;0;2;12,5663;41,8545;-1;1;Autovettura privata;In marcia / fermata / arresto;Passeggero;F;Illeso;0;;Non accertato;Inesploso
4450676;9;29/06/2019 13:50:00;Strada Urbana;VIA DI S. MARIA AUSILIATRICE;all'intersezione con;VIA MUZIO SCEVOLA;VIA MUZIO SCEVOLA;;;Scontro frontale/laterale DX fra veicoli in marcia;Incrocio;Due carreggiate;Asciutto;Asfaltata;Verticale;Sereno;Scarso;Buona;Ore Diurne;0;0;0;3;12,52857;41,87333;-1;1;Autovettura privata;In marcia / fermata / arresto;Passeggero;M;Illeso;0;;Non accertato;Inesploso
4450676;9;29/06/2019 13:50:00;Strada Urbana;VIA DI S. MARIA AUSILIATRICE;all'intersezione con;VIA MUZIO SCEVOLA;VIA MUZIO SCEVOLA;;;Scontro frontale/laterale DX fra veicoli in marcia;Incrocio;Due carreggiate;Asciutto;Asfaltata;Verticale;Sereno;Scarso;Buona;Ore Diurne;0;0;0;3;12,52857;41,87333;-1;1;Autovettura privata;In marcia / fermata / arresto;Conducente;M;Illeso;0;;Non accertato;Inesploso
4450676;9;29/06/2019 13:50:00;Strada Urbana;VIA DI S. MARIA AUSILIATRICE;all'intersezione con;VIA MUZIO SCEVOLA;VIA MUZIO SCEVOLA;;;Scontro frontale/laterale DX fra veicoli in marcia;Incrocio;Due carreggiate;Asciutto;Asfaltata;Verticale;Sereno;Scarso;Buona;Ore Diurne;0;0;0;3;12,52857;41,87333;-1;2;Autovettura privata;In marcia / fermata / arresto;Conducente;M;Illeso;0;;Non accertato;Inesploso
4450677;8;28/06/2019 13:20:00;Strada Urbana;VIA DEI COCHI;in prossimit�;;del civico n.;32;;Scontro laterale fra veicoli in marcia;Rettilineo;Una carreggiata a doppio senso;Asciutto;Asfaltata;Verticale;Sereno;Normale;Buona;Ore Diurne;3;0;0;0;12,62713;41,88173;-1;1;Autovettura di polizia;In marcia / fermata / arresto;Passeggero;M;Ricoverato;0;NON DECEDUTO;;
4450677;8;28/06/2019 13:20:00;Strada Urbana;VIA DEI COCHI;in prossimit�;;del civico n.;32;;Scontro laterale fra veicoli in marcia;Rettilineo;Una carreggiata a doppio senso;Asciutto;Asfaltata;Verticale;Sereno;Normale;Buona;Ore Diurne;3;0;0;0;12,62713;41,88173;-1;1;Autovettura di polizia;In marcia / fermata / arresto;Conducente;M;Rifiuta cure immediate;0;NON DECEDUTO;;
4450677;8;28/06/2019 13:20:00;Strada Urbana;VIA DEI COCHI;in prossimit�;;del civico n.;32;;Scontro laterale fra veicoli in marcia;Rettilineo;Una carreggiata a doppio senso;Asciutto;Asfaltata;Verticale;Sereno;Normale;Buona;Ore Diurne;3;0;0;0;12,62713;41,88173;-1;2;Autovettura privata;In marcia / fermata / arresto;Conducente;M;Rimandato;0;NON DECEDUTO;;
4450678;8;28/06/2019 18:15:00;Strada Urbana;VIA OLLOLAI;in prossimit�;;del civico n.;27;;Veicolo in marcia contro veicolo in sosta;Rettilineo;Una carreggiata a doppio senso;Asciutto;Asfaltata;Verticale ed orizzontale;Sereno;Scarso;Buona;Ore Diurne;0;0;0;1;12,67987;41,88912;-1;1;Autovettura privata;In marcia / fermata / arresto;Conducente;M;Illeso;0;;Non accertato;
4450678;8;28/06/2019 18:15:00;Strada Urbana;VIA OLLOLAI;in prossimit�;;del civico n.;27;;Veicolo in marcia contro veicolo in sosta;Rettilineo;Una carreggiata a doppio senso;Asciutto;Asfaltata;Verticale ed orizzontale;Sereno;Scarso;Buona;Ore Diurne;0;0;0;1;12,67987;41,88912;-1;2;Autovettura privata;Sosta;;;;;;;
4450679;13;28/06/2019 08:15:00;;LUNGOMARE AMERIGO VESPUCCI;in corrispondenza;;del civico n.;112;;Veicolo in marcia contro ostacolo accidentale;;;;;;;;;;0;0;0;2;12,33511;41,70574;0;1;Autovettura privata;In marcia / fermata / arresto;Passeggero;F;Illeso;0;;;
4450679;13;28/06/2019 08:15:00;;LUNGOMARE AMERIGO VESPUCCI;in corrispondenza;;del civico n.;112;;Veicolo in marcia contro ostacolo accidentale;;;;;;;;;;0;0;0;2;12,33511;41,70574;0;1;Autovettura privata;In marcia / fermata / arresto;Conducente;M;Illeso;0;;;