Protocollo;Gruppo;DataOraIncidente;Localizzazione1;STRADA1;Localizzazione2;STRADA2;Strada02;Chilometrica;DaSpecificare;NaturaIncidente;particolaritastrade;TipoStrada;FondoStradale;Pavimentazione;Segnaletica;CondizioneAtmosferica;Traffico;Visibilita;Illuminazione;NUM_FERITI;NUM_RISERVATA;NUM_MORTI;NUM_ILLESI;Longitudine;Latitudine;Confermato;Progressivo;TipoVeicolo;StatoVeicolo;TipoPersona;Sesso;Tipolesione;Deceduto;DecedutoDopo;CinturaCascoUtilizzato;Airbag;
4451994;2;30/06/2019 12:45:00;Strada Urbana;VIALE ETIOPIA;all'intersezione con;VIA ENDERTA';VIA ENDERTA';;;Scontro frontale/laterale DX fra veicoli in marcia;Incrocio;Una carreggiata a senso unico di marcia;Asciutto;Asfaltata;Verticale;Sereno;Scarso;Buona;Ore Diurne;1;0;0;2;12,52418;41,9316;-1;2;Autovettura privata;In marcia / fermata / arresto;Conducente;M;Illeso;0;;Non accertato;Inesploso
4451994;2;30/06/2019 12:45:00;Strada Urbana;VIALE ETIOPIA;all'intersezione con;VIA ENDERTA';VIA ENDERTA';;;Scontro frontale/laterale DX fra veicoli in marcia;Incrocio;Una carreggiata a senso unico di marcia;Asciutto;Asfaltata;Verticale;Sereno;Scarso;Buona;Ore Diurne;1;0;0;2;12,52418;41,9316;-1;2;Autovettura privata;In marcia / fermata / arresto;Passeggero;M;Illeso;0;;Non accertato;Inesploso
4452040;3;27/06/2019 15:00:00;Strada Urbana;VIA NOMENTANA;all'intersezione semaforizzata con;VIALE VENTUNO APRILE;VIALE VENTUNO APRILE;;;Tamponamento Multiplo;Intersezione semaforizzata;Pi� di due carreggiate;Asciutto;Asfaltata;Verticale ed orizzontale;Sereno;Normale;Buona;Ore Diurne;0;0;0;5;12,51756;41,92103;-1;1;Autovettura privata;In marcia / fermata / arresto;Conducente;M;Illeso;0;;;
4452040;3;27/06/2019 15:00:00;Strada Urbana;VIA NOMENTANA;all'intersezione semaforizzata con;VIALE VENTUNO APRILE;VIALE VENTUNO APRILE;;;Tamponamento Multiplo;Intersezione semaforizzata;Pi� di due carreggiate;Asciutto;Asfaltata;Verticale ed orizzontale;Sereno;Normale;Buona;Ore Diurne;0;0;0;5;12,51756;41,92103;-1;1;Autovettura privata;In marcia / fermata / arresto;Passeggero;M;Illeso;0;;;
4452040;3;27/06/2019 15:00:00;Strada Urbana;VIA NOMENTANA;all'intersezione semaforizzata con;VIALE VENTUNO APRILE;VIALE VENTUNO APRILE;;;Tamponamento Multiplo;Intersezione semaforizzata;Pi� di due carreggiate;Asciutto;Asfaltata;Verticale ed orizzontale;Sereno;Normale;Buona;Ore Diurne;0;0;0;5;12,51756;41,92103;-1;2;Autovettura privata;In marcia / fermata / arresto;Passeggero;M;Illeso;0;;;
4452040;3;27/06/2019 15:00:00;Strada Urbana;VIA NOMENTANA;all'intersezione semaforizzata con;VIALE VENTUNO APRILE;VIALE VENTUNO APRILE;;;Tamponamento Multiplo;Intersezione semaforizzata;Pi� di due carreggiate;Asciutto;Asfaltata;Verticale ed orizzontale;Sereno;Normale;Buona;Ore Diurne;0;0;0;5;12,51756;41,92103;-1;2;Autovettura privata;In marcia / fermata / arresto;Conducente;M;Illeso;0;;;
4452040;3;27/06/2019 15:00:00;Strada Urbana;VIA NOMENTANA;all'intersezione semaforizzata con;VIALE VENTUNO APRILE;VIALE VENTUNO APRILE;;;Tamponamento Multiplo;Intersezione semaforizzata;Pi� di due carreggiate;Asciutto;Asfaltata;Verticale ed orizzontale;Sereno;Normale;Buona;Ore Diurne;0;0;0;5;12,51756;41,92103;-1;3;Motociclo a solo;In marcia / fermata / arresto;Conducente;M;Illeso;0;;;
4452053;1;29/06/2019 10:20:00;Strada Urbana;PIAZZA DELLA REPUBBLICA;in prossimit�;;del civico n.;9;;Scontro laterale fra veicoli in marcia;Rettilineo;Una carreggiata a senso unico di marcia;Asciutto;In cubetti di porfido;Verticale ed orizzontale;Sereno;Normale;Buona;Ore Diurne;0;0;0;3;12,49647;41,90285;-1;1;Veicolo speciale;In marcia / fermata / arresto;Passeggero;M;Illeso;0;;Non accertato;
4452053;1;29/06/2019 10:20:00;Strada Urbana;PIAZZA DELLA REPUBBLICA;in prossimit�;;del civico n.;9;;Scontro laterale fra veicoli in marcia;Rettilineo;Una carreggiata a senso unico di marcia;Asciutto;In cubetti di porfido;Verticale ed orizzontale;Sereno;Normale;Buona;Ore Diurne;0;0;0;3;12,49647;41,90285;-1;1;Veicolo speciale;In marcia / fermata / arresto;Conducente;M;Illeso;0;;Non accertato;
4452053;1;29/06/2019 10:20:00;Strada Urbana;PIAZZA DELLA REPUBBLICA;in prossimit�;;del civico n.;9;;Scontro laterale fra veicoli in marcia;Rettilineo;Una carreggiata a senso unico di marcia;Asciutto;In cubetti di porfido;Verticale ed orizzontale;Sereno;Normale;Buona;Ore Diurne;0;0;0;3;12,49647;41,90285;-1;2;Autovettura pubblica;In marcia / fermata / arresto;Conducente;M;Illeso;0;;Non accertato;
4452100;23;29/06/2019 01:20:00;Strada Urbana;VIA PIETRO ROMANI;in corrispondenza;;del civico n.;11;;Veicolo in marcia contro veicoli in sosta;Rettilineo;Una carreggiata a doppio senso;Asciutto;Asfaltata;Verticale ed orizzontale;Sereno;Scarso;Buona;Sufficiente;2;0;0;0;12,37429;41,74461;-1;1;Autovettura privata;In marcia / fermata / arresto;Passeggero;F;Rimandato;0;NON DECEDUTO;Utilizzato;Esploso
4452100;23;29/06/2019 01:20:00;Strada Urbana;VIA PIETRO ROMANI;in corrispondenza;;del civico n.;11;;Veicolo in marcia contro veicoli in sosta;Rettilineo;Una carreggiata a doppio senso;Asciutto;Asfaltata;Verticale ed orizzontale;Sereno;Scarso;Buona;Sufficiente;2;0;0;0;12,37429;41,74461;-1;1;Autovettura privata;In marcia / fermata / arresto;Conducente;M;Rimandato;0;NON DECEDUTO;Utilizzato;Esploso
4452100;23;29/06/2019 01:20:00;Strada Urbana;VIA PIETRO ROMANI;in corrispondenza;;del civico n.;11;;Veicolo in marcia contro veicoli in sosta;Rettilineo;Una carreggiata a doppio senso;Asciutto;Asfaltata;Verticale ed orizzontale;Sereno;Scarso;Buona;Sufficiente;2;0;0;0;12,37429;41,74461;-1;2;Autovettura privata;Sosta;;;;;;;
4452112;23;30/06/2019 09:20:00;Strada Urbana;VIA DELL'ALMONE;all'intersezione semaforizzata con;VIA APPIA PIGNATELLI;VIA APPIA PIGNATELLI;;;Scontro frontale/laterale DX fra veicoli in marcia;Incrocio;Due carreggiate;Asciutto;Asfaltata;Verticale ed orizzontale;Sereno;Scarso;Buona;Ore Diurne;1;0;0;1;12,52693;41,8525;-1;1;Autovettura privata;In marcia / fermata / arresto;Conducente;M;Illeso;0;;Utilizzato;Inesploso
4452112;23;30/06/2019 09:20:00;Strada Urbana;VIA DELL'ALMONE;all'intersezione semaforizzata con;VIA APPIA PIGNATELLI;VIA APPIA PIGNATELLI;;;Scontro frontale/laterale DX fra veicoli in marcia;Incrocio;Due carreggiate;Asciutto;Asfaltata;Verticale ed orizzontale;Sereno;Scarso;Buona;Ore Diurne;1;0;0;1;12,52693;41,8525;-1;2;Velocipede;In marcia / fermata / arresto;Conducente;M;Rimandato;0;NON DECEDUTO;Esente;
4452127;1;30/06/2019 12:20:00;Strada Urbana;PIAZZALE OSTIENSE;da specificare;;;;in prossimit� del palo Acea 20;Scontro laterale fra veicoli in marcia;Rotatoria;Una carreggiata a senso unico di marcia;Asciutto;Asfaltata;Orizzontale;Sereno;Scarso;Buona;Ore Diurne;1;0;0;1;12,48187;41,87626;-1;1;Motociclo a solo;In marcia / fermata / arresto;Conducente;M;Rifiuta cure immediate;0;NON DECEDUTO;Non accertato;
4452127;1;30/06/2019 12:20:00;Strada Urbana;PIAZZALE OSTIENSE;da specificare;;;;in prossimit� del palo Acea 20;Scontro laterale fra veicoli in marcia;Rotatoria;Una carreggiata a senso unico di marcia;Asciutto;Asfaltata;Orizzontale;Sereno;Scarso;Buona;Ore Diurne;1;0;0;1;12,48187;41,87626;-1;2;Autovettura privata;In marcia / fermata / arresto;Conducente;F;Illeso;0;;Non accertato;Inesploso
4452160;16;28/06/2019 15:35:00;Strada Urbana;VIA BERNARDINO RAMAZZINI;all'intersezione con;PIAZZA CARLO FORLANINI;PIAZZA CARLO FORLANINI;;;Investimento di pedone;Intersezione stradale segnalata;Due carreggiate;Asciutto;Asfaltata;Orizzontale;Sereno;Normale;Buona;Ore Diurne;1;0;0;1;12,45045;41,86664;-1;;;;Pedone;F;Rimandato;0;NON DECEDUTO;;
4452160;16;28/06/2019 15:35:00;Strada Urbana;VIA BERNARDINO RAMAZZINI;all'intersezione con;PIAZZA CARLO FORLANINI;PIAZZA CARLO FORLANINI;;;Investimento di pedone;Intersezione stradale segnalata;Due carreggiate;Asciutto;Asfaltata;Orizzontale;Sereno;Normale;Buona;Ore Diurne;1;0;0;1;12,45045;41,86664;-1;1;Autocarro inferiore 35 q.;In marcia / fermata / arresto;Conducente;M;Illeso;0;;;
4452276;13;30/06/2019 10:15:00;Strada Urbana;VIALE DI CASTEL PORZIANO;da specificare;;;;prossimit� civico 450;Investimento di pedone;Rettilineo;Una carreggiata a doppio senso;Asciutto;Asfaltata;Verticale;Sereno;Normale;Buona;Ore Diurne;1;0;0;1;12,36675;41,73613;-1;;;;Pedone;M;Rimandato;0;NON DECEDUTO;;
4452276;13;30/06/2019 10:15:00;Strada Urbana;VIALE DI CASTEL PORZIANO;da specificare;;;;prossimit� civico 450;Investimento di pedone;Rettilineo;Una carreggiata a doppio senso;Asciutto;Asfaltata;Verticale;Sereno;Normale;Buona;Ore Diurne;1;0;0;1;12,36675;41,73613;-1;1;Autovettura privata;In marcia / fermata / arresto;Conducente;F;Illeso;0;;Non accertato;Inesploso
4452289;16;28/06/2019 23:45:00;Strada Urbana;VIA DI CASAL SELCE;in prossimit�;;del civico n.;259;;Scontro laterale fra veicoli in marcia;Curva senza visuale libera;Una carreggiata a doppio senso;Asciutto;Asfaltata;Assente;Sereno;Scarso;Buona;Sufficiente;3;0;0;0;12,3491;41,90777;-1;1;Autovettura privata;In marcia / fermata / arresto;Conducente;F;Rimandato;0;NON DECEDUTO;;Esploso
4452289;16;28/06/2019 23:45:00;Strada Urbana;VIA DI CASAL SELCE;in prossimit�;;del civico n.;259;;Scontro laterale fra veicoli in marcia;Curva senza visuale libera;Una carreggiata a doppio senso;Asciutto;Asfaltata;Assente;Sereno;Scarso;Buona;Sufficiente;3;0;0;0;12,3491;41,90777;-1;2;Autovettura privata;In marcia / fermata / arresto;Conducente;M;Rimandato;0;NON DECEDUTO;;Esploso
4452289;16;28/06/2019 23:45:00;Strada Urbana;VIA DI CASAL SELCE;in prossimit�;;del civico n.;259;;Scontro laterale fra veicoli in marcia;Curva senza visuale libera;Una carreggiata a doppio senso;Asciutto;Asfaltata;Assente;Sereno;Scarso;Buona;Sufficiente;3;0;0;0;12,3491;41,90777;-1;2;Autovettura privata;In marcia / fermata / arresto;Passeggero;F;Rimandato;0;NON DECEDUTO;;
4452390;16;29/06/2019 08:15:00;Strada Urbana;VIALE DEI COLLI PORTUENSI;in corrispondenza;;del civico n.;461;;Veicolo in marcia contro veicolo in sosta;Rettilineo;Due carreggiate;Asciutto;Asfaltata;Orizzontale;Sereno;Normale;Buona;Ore Diurne;1;0;0;0;12,44393;41,86337;-1;1;Autovettura privata;In marcia / fermata / arresto;Conducente;M;Rimandato;0;NON DECEDUTO;Non accertato;Inesploso
4452390;16;29/06/2019 08:15:00;Strada Urbana;VIALE DEI COLLI PORTUENSI;in corrispondenza;;del civico n.;461;;Veicolo in marcia contro veicolo in sosta;Rettilineo;Due carreggiate;Asciutto;Asfaltata;Orizzontale;Sereno;Normale;Buona;Ore Diurne;1;0;0;0;12,44393;41,86337;-1;2;Autovettura privata;Sosta;;;;;;;
4452398;16;30/06/2019 02:30:00;Strada Urbana;VIA DEL FONTANILE DI MEZZALUNA;in prossimit�;;del civico n.;289;;Fuoriuscita dalla sede stradale;Rettilineo;Una carreggiata a doppio senso;Asciutto;Asfaltata;Assente;Sereno;Normale;Buona;Inesistente;1;0;0;0;12,26069;41,90631;-1;1;Autovettura privata;In marcia / fermata / arresto;Conducente;M;Ricoverato;0;NON DECEDUTO;Non accertato;Inesploso
4452403;16;30/06/2019 04:45:00;Strada Urbana;VIA OSTIENSE;in prossimit�;;del civico n.;161;;Scontro laterale fra veicoli in marcia;Rettilineo;Una carreggiata a senso unico di marcia;Bagnato (umidit� in atto);Asfaltata;Orizzontale;Sereno;Scarso;Buona;Ore Diurne;0;0;0;5;12,47904;41,8623;-1;1;Autovettura privata;In marcia / fermata / arresto;Passeggero;M;Illeso;0;;Non accertato;Inesploso
4452403;16;30/06/2019 04:45:00;Strada Urbana;VIA OSTIENSE;in prossimit�;;del civico n.;161;;Scontro laterale fra veicoli in marcia;Rettilineo;Una carreggiata a senso unico di marcia;Bagnato (umidit� in atto);Asfaltata;Orizzontale;Sereno;Scarso;Buona;Ore Diurne;0;0;0;5;12,47904;41,8623;-1;1;Autovettura privata;In marcia / fermata / arresto;Passeggero;M;Illeso;0;;Non accertato;Inesploso
4452403;16;30/06/2019 04:45:00;Strada Urbana;VIA OSTIENSE;in prossimit�;;del civico n.;161;;Scontro laterale fra veicoli in marcia;Rettilineo;Una carreggiata a senso unico di marcia;Bagnato (umidit� in atto);Asfaltata;Orizzontale;Sereno;Scarso;Buona;Ore Diurne;0;0;0;5;12,47904;41,8623;-1;1;Autovettura privata;In marcia / fermata / arresto;Conducente;M;Illeso;0;;Non accertato;Inesploso
4452403;16;30/06/2019 04:45:00;Strada Urbana;VIA OSTIENSE;in prossimit�;;del civico n.;161;;Scontro laterale fra veicoli in marcia;Rettilineo;Una carreggiata a senso unico di marcia;Bagnato (umidit� in atto);Asfaltata;Orizzontale;Sereno;Scarso;Buona;Ore Diurne;0;0;0;5;12,47904;41,8623;-1;1;Autovettura privata;In marcia / fermata / arresto;Passeggero;M;Illeso;0;;Non accertato;Inesploso
4452403;16;30/06/2019 04:45:00;Strada Urbana;VIA OSTIENSE;in prossimit�;;del civico n.;161;;Scontro laterale fra veicoli in marcia;Rettilineo;Una carreggiata a senso unico di marcia;Bagnato (umidit� in atto);Asfaltata;Orizzontale;Sereno;Scarso;Buona;Ore Diurne;0;0;0;5;12,47904;41,8623;-1;2;Veicolo speciale;In marcia / fermata / arresto;Conducente;M;Illeso;0;;Non accertato;Inesploso
4452848;12;28/06/2019 21:30:00;Provinciale entro l'abitato;VIA ARDEATINA;in prossimit�;;della chilometrica;10;;Veicolo in marcia contro ostacolo accidentale;Curva senza visuale libera;Una carreggiata a doppio senso;Asciutto;Asfaltata;Verticale ed orizzontale;Sereno;Normale;Buona;Insufficiente;0;0;0;1;12,53559;41,79238;-1;1;Autovettura privata;In marcia / fermata / arresto;Conducente;M;Illeso;0;;;
4452877;9;29/06/2019 06:00:00;;VIA GIULIO CESARE CORDARA;all'intersezione con;VIA LATINA;VIA LATINA;;;Veicolo in marcia contro ostacolo fisso;;;;;;;;;;0;0;0;0;;;0;;;;;;;;;;
4452883;12;18/06/2019 08:15:00;Strada Urbana;VIA GAETANO DE FELICE;in corrispondenza;;del civico n.;26;;Veicolo in marcia contro veicolo in sosta;Rettilineo;Una carreggiata a senso unico di marcia;Asciutto;Asfaltata;Verticale ed orizzontale;Sereno;Scarso;Buona;Ore Diurne;1;0;0;3;12,44031;41,77592;-1;1;Autovettura privata;Sosta;Passeggero;F;Illeso;0;;Utilizzato;Inesploso
4452883;12;18/06/2019 08:15:00;Strada Urbana;VIA GAETANO DE FELICE;in corrispondenza;;del civico n.;26;;Veicolo in marcia contro veicolo in sosta;Rettilineo;Una carreggiata a senso unico di marcia;Asciutto;Asfaltata;Verticale ed orizzontale;Sereno;Scarso;Buona;Ore Diurne;1;0;0;3;12,44031;41,77592;-1;1;Autovettura privata;Sosta;Passeggero;M;Illeso;0;;Utilizzato;Inesploso
4452883;12;18/06/2019 08:15:00;Strada Urbana;VIA GAETANO DE FELICE;in corrispondenza;;del civico n.;26;;Veicolo in marcia contro veicolo in sosta;Rettilineo;Una carreggiata a senso unico di marcia;Asciutto;Asfaltata;Verticale ed orizzontale;Sereno;Scarso;Buona;Ore Diurne;1;0;0;3;12,44031;41,77592;-1;1;Autovettura privata;Sosta;Passeggero;F;Rimandato;0;NON DECEDUTO;Utilizzato;Inesploso
4452883;12;18/06/2019 08:15:00;Strada Urbana;VIA GAETANO DE FELICE;in corrispondenza;;del civico n.;26;;Veicolo in marcia contro veicolo in sosta;Rettilineo;Una carreggiata a senso unico di marcia;Asciutto;Asfaltata;Verticale ed orizzontale;Sereno;Scarso;Buona;Ore Diurne;1;0;0;3;12,44031;41,77592;-1;2;Autovettura privata;In marcia / fermata / arresto;Conducente;F;Illeso;0;;Non accertato;Inesploso
4452895;12;29/06/2019 19:05:00;Statale;VIA PONTINA;in prossimit�;;della chilometrica;24;;Tamponamento Multiplo;Rettilineo;Due carreggiate;Asciutto;Asfaltata;Orizzontale;Sereno;Intenso;Buona;Ore Diurne;0;0;0;8;12,4522;41,79407;-1;1;Autovettura privata;In marcia / fermata / arresto;Conducente;M;Illeso;0;;;
4452895;12;29/06/2019 19:05:00;Statale;VIA PONTINA;in prossimit�;;della chilometrica;24;;Tamponamento Multiplo;Rettilineo;Due carreggiate;Asciutto;Asfaltata;Orizzontale;Sereno;Intenso;Buona;Ore Diurne;0;0;0;8;12,4522;41,79407;-1;1;Autovettura privata;In marcia / fermata / arresto;Passeggero;M;Illeso;0;;;
4452895;12;29/06/2019 19:05:00;Statale;VIA PONTINA;in prossimit�;;della chilometrica;24;;Tamponamento Multiplo;Rettilineo;Due carreggiate;Asciutto;Asfaltata;Orizzontale;Sereno;Intenso;Buona;Ore Diurne;0;0;0;8;12,4522;41,79407;-1;2;Autovettura privata;In marcia / fermata / arresto;Passeggero;M;Illeso;0;;;
4452895;12;29/06/2019 19:05:00;Statale;VIA PONTINA;in prossimit�;;della chilometrica;24;;Tamponamento Multiplo;Rettilineo;Due carreggiate;Asciutto;Asfaltata;Orizzontale;Sereno;Intenso;Buona;Ore Diurne;0;0;0;8;12,4522;41,79407;-1;2;Autovettura privata;In marcia / fermata / arresto;Conducente;M;Illeso;0;;;
4452895;12;29/06/2019 19:05:00;Statale;VIA PONTINA;in prossimit�;;della chilometrica;24;;Tamponamento Multiplo;Rettilineo;Due carreggiate;Asciutto;Asfaltata;Orizzontale;Sereno;Intenso;Buona;Ore Diurne;0;0;0;8;12,4522;41,79407;-1;3;Autovettura privata;In marcia / fermata / arresto;Conducente;M;Illeso;0;;;
4452895;12;29/06/2019 19:05:00;Statale;VIA PONTINA;in prossimit�;;della chilometrica;24;;Tamponamento Multiplo;Rettilineo;Due carreggiate;Asciutto;Asfaltata;Orizzontale;Sereno;Intenso;Buona;Ore Diurne;0;0;0;8;12,4522;41,79407;-1;4;Autovettura privata;In marcia / fermata / arresto;Passeggero;M;Illeso;0;;;
4452895;12;29/06/2019 19:05:00;Statale;VIA PONTINA;in prossimit�;;della chilometrica;24;;Tamponamento Multiplo;Rettilineo;Due carreggiate;Asciutto;Asfaltata;Orizzontale;Sereno;Intenso;Buona;Ore Diurne;0;0;0;8;12,4522;41,79407;-1;4;Autovettura privata;In marcia / fermata / arresto;Conducente;F;Illeso;0;;;
4452895;12;29/06/2019 19:05:00;Statale;VIA PONTINA;in prossimit�;;della chilometrica;24;;Tamponamento Multiplo;Rettilineo;Due carreggiate;Asciutto;Asfaltata;Orizzontale;Sereno;Intenso;Buona;Ore Diurne;0;0;0;8;12,4522;41,79407;-1;5;Autovettura privata;In marcia / fermata / arresto;Conducente;M;Illeso;0;;;
4452939;12;30/06/2019 04:05:00;Strada Urbana;VIALE DELL'ATLETICA;da specificare;;;;GALLERIA TRE FONTANE DIR VIA DEL TINTORETTO;Veicolo in marcia contro ostacolo accidentale;Galleria non illuminata;Due carreggiate;Bagnato (pioggia);Asfaltata;Verticale ed orizzontale;Sereno;Scarso;Insufficiente;Inesistente;0;0;0;1;12,47645;41,84047;-1;1;Autovettura privata;In marcia / fermata / arresto;Conducente;F;Illeso;0;;Non accertato;
4452961;12;30/06/2019 21:50:00;Strada Urbana;VIA DELLA SOLFARATA;all'intersezione con;VIA DELLA PETRONELLA;VIA DELLA PETRONELLA;;;Scontro laterale fra veicoli in marcia;Incrocio;Una carreggiata a doppio senso;Asciutto;Asfaltata;Verticale ed orizzontale;Sereno;Scarso;Buona;Sufficiente;0;0;0;2;12,52474;41,69597;-1;1;Autovettura privata;In marcia / fermata / arresto;Passeggero;F;Illeso;0;;Non accertato;
4452961;12;30/06/2019 21:50:00;Strada Urbana;VIA DELLA SOLFARATA;all'intersezione con;VIA DELLA PETRONELLA;VIA DELLA PETRONELLA;;;Scontro laterale fra veicoli in marcia;Incrocio;Una carreggiata a doppio senso;Asciutto;Asfaltata;Verticale ed orizzontale;Sereno;Scarso;Buona;Sufficiente;0;0;0;2;12,52474;41,69597;-1;1;Autovettura privata;In marcia / fermata / arresto;Conducente;M;Illeso;0;;Non accertato;
4452961;12;30/06/2019 21:50:00;Strada Urbana;VIA DELLA SOLFARATA;all'intersezione con;VIA DELLA PETRONELLA;VIA DELLA PETRONELLA;;;Scontro laterale fra veicoli in marcia;Incrocio;Una carreggiata a doppio senso;Asciutto;Asfaltata;Verticale ed orizzontale;Sereno;Scarso;Buona;Sufficiente;0;0;0;2;12,52474;41,69597;-1;2;Autovettura privata;Allontanatosi;;;;;;;
4453805;16;30/06/2019 13:25:00;Strada Urbana;VIALE DI TRASTEVERE;all'intersezione con;LARGO BERNARDINO DA FELTRE;LARGO BERNARDINO DA FELTRE;;;Scontro frontale/laterale DX fra veicoli in marcia;Intersezione semaforizzata;Due carreggiate;Asciutto;Asfaltata;Verticale ed orizzontale;Sereno;Normale;Buona;Ore Diurne;2;0;0;0;12,46794;41,8817;-1;1;Motociclo a solo;In marcia / fermata / arresto;Conducente;M;Rimandato;0;NON DECEDUTO;Non accertato;
4453805;16;30/06/2019 13:25:00;Strada Urbana;VIALE DI TRASTEVERE;all'intersezione con;LARGO BERNARDINO DA FELTRE;LARGO BERNARDINO DA FELTRE;;;Scontro frontale/laterale DX fra veicoli in marcia;Intersezione semaforizzata;Due carreggiate;Asciutto;Asfaltata;Verticale ed orizzontale;Sereno;Normale;Buona;Ore Diurne;2;0;0;0;12,46794;41,8817;-1;2;Autovettura privata;In marcia / fermata / arresto;Conducente;M;Rimandato;0;NON DECEDUTO;Non accertato;
4453814;2;30/06/2019 08:00:00;Strada Urbana;VIA TICINO;in prossimit�;;del civico n.;16;;Veicolo in marcia contro veicolo in sosta;Rettilineo;Una carreggiata a senso unico di marcia;Asciutto;Asfaltata;Verticale ed orizzontale;Sereno;Normale;Buona;Ore Diurne;0;0;0;0;12,50487;41,91737;-1;2;Autovettura privata;Sosta;;;;;;;
4453860;16;30/06/2019 16:35:00;Strada Urbana;VIA DELLA CONSOLATA;in corrispondenza;;del civico n.;4;;Scontro laterale fra veicoli in marcia;Rettilineo;Due carreggiate;Asciutto;Asfaltata;Verticale ed orizzontale;Sereno;Scarso;Buona;Ore Diurne;0;0;0;2;12,42596;41,87701;0;1;Autovettura privata;In marcia / fermata / arresto;Conducente;M;Illeso;0;;Non accertato;Inesploso
4453860;16;30/06/2019 16:35:00;Strada Urbana;VIA DELLA CONSOLATA;in corrispondenza;;del civico n.;4;;Scontro laterale fra veicoli in marcia;Rettilineo;Due carreggiate;Asciutto;Asfaltata;Verticale ed orizzontale;Sereno;Scarso;Buona;Ore Diurne;0;0;0;2;12,42596;41,87701;0;2;Autocarro inferiore 35 q.;Sosta;;;;;;;
4453860;16;30/06/2019 16:35:00;Strada Urbana;VIA DELLA CONSOLATA;in corrispondenza;;del civico n.;4;;Scontro laterale fra veicoli in marcia;Rettilineo;Due carreggiate;Asciutto;Asfaltata;Verticale ed orizzontale;Sereno;Scarso;Buona;Ore Diurne;0;0;0;2;12,42596;41,87701;0;3;Autovettura privata;In marcia / fermata / arresto;Conducente;M;Illeso;0;;Non accertato;
4453890;16;30/06/2019 20:00:00;Strada Urbana;VIA RAFFAELE BALESTRA;all'intersezione con;VIA PIETRO CARTONI;VIA PIETRO CARTONI;;;Infortunio per sola frenata improvvisa;Incrocio;Una carreggiata a doppio senso;Asciutto;Asfaltata;Verticale ed orizzontale;Sereno;Scarso;Buona;Ore Diurne;1;0;0;4;12,44977;41,87387;-1;1;Autovettura privata;In marcia / fermata / arresto;Passeggero;F;Illeso;0;;;
4453890;16;30/06/2019 20:00:00;Strada Urbana;VIA RAFFAELE BALESTRA;all'intersezione con;VIA PIETRO CARTONI;VIA PIETRO CARTONI;;;Infortunio per sola frenata improvvisa;Incrocio;Una carreggiata a doppio senso;Asciutto;Asfaltata;Verticale ed orizzontale;Sereno;Scarso;Buona;Ore Diurne;1;0;0;4;12,44977;41,87387;-1;1;Autovettura privata;In marcia / fermata / arresto;Passeggero;F;Illeso;0;;;
4453890;16;30/06/2019 20:00:00;Strada Urbana;VIA RAFFAELE BALESTRA;all'intersezione con;VIA PIETRO CARTONI;VIA PIETRO CARTONI;;;Infortunio per sola frenata improvvisa;Incrocio;Una carreggiata a doppio senso;Asciutto;Asfaltata;Verticale ed orizzontale;Sereno;Scarso;Buona;Ore Diurne;1;0;0;4;12,44977;41,87387;-1;1;Autovettura privata;In marcia / fermata / arresto;Passeggero;M;Illeso;0;;;
4453890;16;30/06/2019 20:00:00;Strada Urbana;VIA RAFFAELE BALESTRA;all'intersezione con;VIA PIETRO CARTONI;VIA PIETRO CARTONI;;;Infortunio per sola frenata improvvisa;Incrocio;Una carreggiata a doppio senso;Asciutto;Asfaltata;Verticale ed orizzontale;Sereno;Scarso;Buona;Ore Diurne;1;0;0;4;12,44977;41,87387;-1;1;Autovettura privata;In marcia / fermata / arresto;Conducente;M;Illeso;0;;;
4453890;16;30/06/2019 20:00:00;Strada Urbana;VIA RAFFAELE BALESTRA;all'intersezione con;VIA PIETRO CARTONI;VIA PIETRO CARTONI;;;Infortunio per sola frenata improvvisa;Incrocio;Una carreggiata a doppio senso;Asciutto;Asfaltata;Verticale ed orizzontale;Sereno;Scarso;Buona;Ore Diurne;1;0;0;4;12,44977;41,87387;-1;2;Motociclo a solo;In marcia / fermata / arresto;Conducente;M;Rimandato;0;NON DECEDUTO;;
4453890;16;30/06/2019 20:00:00;Strada Urbana;VIA RAFFAELE BALESTRA;all'intersezione con;VIA PIETRO CARTONI;VIA PIETRO CARTONI;;;Infortunio per sola frenata improvvisa;Incrocio;Una carreggiata a doppio senso;Asciutto;Asfaltata;Verticale ed orizzontale;Sereno;Scarso;Buona;Ore Diurne;1;0;0;4;12,44977;41,87387;-1;3;Autovettura privata;Sosta;;;;;;;
4453937;16;30/06/2019 19:40:00;Strada Urbana;VIA PAOLA FALCONIERI;in prossimit�;;del civico n.;90;;Scontro laterale fra veicoli in marcia;Rettilineo;Una carreggiata a senso unico di marcia;Asciutto;Asfaltata;Orizzontale;Sereno;Scarso;Buona;Ore Diurne;0;0;0;2;12,45216;41,8755;-1;1;Autovettura privata;In marcia / fermata / arresto;Conducente;M;Illeso;0;;;
4453937;16;30/06/2019 19:40:00;Strada Urbana;VIA PAOLA FALCONIERI;in prossimit�;;del civico n.;90;;Scontro laterale fra veicoli in marcia;Rettilineo;Una carreggiata a senso unico di marcia;Asciutto;Asfaltata;Orizzontale;Sereno;Scarso;Buona;Ore Diurne;0;0;0;2;12,45216;41,8755;-1;2;Autovettura privata;In marcia / fermata / arresto;Conducente;M;Illeso;0;;;